campaign_id,date,jour_campagne,canal,objectif,budget_total,budget_quotidien,duree_jours,statut,taille_audience_cible,type_creatif,type_enchere,score_qualite_annonce,impressions,clics,conversions,depenses,revenu,CTR,ROI,CPA,CPC,CPM,cpa_pred,roi_pred,conversions_pred,revenu_pred,horizon_jours,impact_roi_estime,impact_cpa_estime,statut_recommandation,type_action_recommandee,variation_budget_pct
CAMP_0001,2024-11-04,1,LINKEDIN_ADS,CONVERSION,6381.68,355.32,22.0,TERMINEE,1409078.0,VIDEO,AUTOMATIQUE,6.0,19166.0,441.0,16.0,346.24,1070.73,0.023,2.0925,21.64,0.79,18.07,20.84,2.1883,17.0,1148.43,14.0,9.9,-9.41,PROPOSEE,AUGMENTER,13
CAMP_0001,2024-11-05,2,LINKEDIN_ADS,CONVERSION,6381.68,355.32,22.0,TERMINEE,1409078.0,VIDEO,AUTOMATIQUE,6.0,18706.0,413.0,16.0,294.21,2388.53,0.0221,7.1183,18.39,0.71,15.73,17.91,7.2452,15.0,2040.03,30.0,-8.7,6.3,REJETEE,AUGMENTER,19
CAMP_0001,2024-11-06,3,LINKEDIN_ADS,CONVERSION,6381.68,355.32,22.0,TERMINEE,1409078.0,VIDEO,AUTOMATIQUE,6.0,28236.0,641.0,26.0,342.41,1717.55,0.0227,4.016,13.17,0.53,12.13,12.88,3.8484,28.0,1683.71,14.0,17.8,5.26,ACCEPTEE,AUGMENTER,15
CAMP_0001,2024-11-07,4,LINKEDIN_ADS,CONVERSION,6381.68,355.32,22.0,TERMINEE,1409078.0,VIDEO,AUTOMATIQUE,6.0,50744.0,1105.0,23.0,323.82,2416.92,0.0218,6.4638,14.08,0.29,6.38,14.46,6.6992,25.0,2189.87,14.0,28.1,-7.34,ACCEPTEE,AUGMENTER,21
CAMP_0001,2024-11-08,5,LINKEDIN_ADS,CONVERSION,6381.68,355.32,22.0,TERMINEE,1409078.0,VIDEO,AUTOMATIQUE,6.0,35135.0,860.0,10.0,308.73,1107.65,0.0245,2.5877,30.87,0.36,8.79,31.74,2.485,11.0,1007.43,30.0,18.2,-4.97,ACCEPTEE,AUGMENTER,30
CAMP_0001,2024-11-09,6,LINKEDIN_ADS,CONVERSION,6381.68,355.32,22.0,TERMINEE,1409078.0,VIDEO,AUTOMATIQUE,6.0,27409.0,679.0,14.0,297.32,1388.41,0.0248,3.6697,21.24,0.44,10.85,21.53,3.5704,12.0,1536.22,30.0,21.8,6.18,PROPOSEE,AUGMENTER,17
CAMP_0001,2024-11-10,7,LINKEDIN_ADS,CONVERSION,6381.68,355.32,22.0,TERMINEE,1409078.0,VIDEO,AUTOMATIQUE,6.0,18091.0,498.0,14.0,288.35,1195.52,0.0275,3.1461,20.6,0.58,15.94,19.61,3.0516,16.0,1349.42,14.0,-1.6,-3.47,PROPOSEE,AUGMENTER,20
CAMP_0001,2024-11-11,8,LINKEDIN_ADS,CONVERSION,6381.68,355.32,22.0,TERMINEE,1409078.0,VIDEO,AUTOMATIQUE,6.0,26753.0,522.0,12.0,289.88,1073.72,0.0195,2.7041,24.16,0.56,10.84,23.49,2.6841,12.0,1138.19,7.0,-8.5,-13.53,APPLIQUEE,AUGMENTER,14
CAMP_0001,2024-11-12,9,LINKEDIN_ADS,CONVERSION,6381.68,355.32,22.0,TERMINEE,1409078.0,VIDEO,AUTOMATIQUE,6.0,23184.0,627.0,15.0,327.25,665.25,0.027,1.0329,21.82,0.52,14.12,21.34,1.0175,12.0,587.43,14.0,-4.1,9.96,PROPOSEE,AUGMENTER,13
CAMP_0001,2024-11-13,10,LINKEDIN_ADS,CONVERSION,6381.68,355.32,22.0,TERMINEE,1409078.0,VIDEO,AUTOMATIQUE,6.0,21958.0,503.0,9.0,299.1,1257.96,0.0229,3.2058,33.23,0.59,13.62,33.76,3.1486,7.0,1084.7,7.0,-4.0,-13.16,PROPOSEE,AUGMENTER,14
CAMP_0002,2024-02-07,1,LINKEDIN_ADS,NOTORIETE,2040.86,141.99,13.0,ACTIVE,1612561.0,VIDEO,MANUEL,8.0,13949.0,306.0,2.0,134.8,245.95,0.0219,0.8246,67.4,0.44,9.66,63.06,0.7883,2.0,240.85,14.0,17.5,-0.52,ACCEPTEE,AUGMENTER,20
CAMP_0002,2024-02-08,2,LINKEDIN_ADS,NOTORIETE,2040.86,141.99,13.0,ACTIVE,1612561.0,VIDEO,MANUEL,8.0,24911.0,827.0,2.0,122.73,142.27,0.0332,0.1593,61.36,0.15,4.93,69.61,0.155,1.0,125.06,7.0,7.4,-11.93,PROPOSEE,DIMINUER,25
CAMP_0002,2024-02-09,3,LINKEDIN_ADS,NOTORIETE,2040.86,141.99,13.0,ACTIVE,1612561.0,VIDEO,MANUEL,8.0,16463.0,398.0,3.0,126.83,384.93,0.0242,2.0351,42.28,0.32,7.7,44.6,2.1452,2.0,368.83,14.0,16.7,1.79,ACCEPTEE,AUGMENTER,30
CAMP_0002,2024-02-10,4,LINKEDIN_ADS,NOTORIETE,2040.86,141.99,13.0,ACTIVE,1612561.0,VIDEO,MANUEL,8.0,20275.0,495.0,1.0,114.89,135.05,0.0244,0.1755,114.89,0.23,5.67,123.26,0.1786,1.0,124.45,14.0,27.5,-9.76,APPLIQUEE,DIMINUER,19
CAMP_0002,2024-02-11,5,LINKEDIN_ADS,NOTORIETE,2040.86,141.99,13.0,ACTIVE,1612561.0,VIDEO,MANUEL,8.0,17630.0,525.0,3.0,121.97,184.74,0.0298,0.5146,40.66,0.23,6.92,37.12,0.5027,3.0,164.26,30.0,16.2,-5.89,ACCEPTEE,AUGMENTER,25
CAMP_0002,2024-02-12,6,LINKEDIN_ADS,NOTORIETE,2040.86,141.99,13.0,ACTIVE,1612561.0,VIDEO,MANUEL,8.0,13044.0,296.0,2.0,123.18,247.94,0.0227,1.0129,61.59,0.42,9.44,63.47,0.9199,2.0,276.51,7.0,-2.3,-13.35,APPLIQUEE,AUGMENTER,22
CAMP_0002,2024-02-13,7,LINKEDIN_ADS,NOTORIETE,2040.86,141.99,13.0,ACTIVE,1612561.0,VIDEO,MANUEL,8.0,18063.0,615.0,4.0,123.59,221.58,0.034,0.7928,30.9,0.2,6.84,28.05,0.7842,3.0,250.95,30.0,23.6,5.09,REJETEE,AUGMENTER,11
CAMP_0002,2024-02-14,8,LINKEDIN_ADS,NOTORIETE,2040.86,141.99,13.0,ACTIVE,1612561.0,VIDEO,MANUEL,8.0,18633.0,698.0,6.0,128.47,793.79,0.0375,5.1787,21.41,0.18,6.89,20.4,5.4121,7.0,722.82,30.0,-2.5,-2.56,PROPOSEE,AUGMENTER,22
CAMP_0002,2024-02-15,9,LINKEDIN_ADS,NOTORIETE,2040.86,141.99,13.0,ACTIVE,1612561.0,VIDEO,MANUEL,8.0,8852.0,161.0,0.0,131.5,1.79,0.0182,-0.9864,131.5,0.82,14.86,117.84,-0.913,0.0,1.9,30.0,16.3,-5.06,ACCEPTEE,PAUSE,0
CAMP_0002,2024-02-16,10,LINKEDIN_ADS,NOTORIETE,2040.86,141.99,13.0,ACTIVE,1612561.0,VIDEO,MANUEL,8.0,8113.0,223.0,1.0,140.11,140.4,0.0275,0.0021,140.11,0.63,17.27,160.08,0.0023,0.0,149.55,14.0,8.0,5.39,APPLIQUEE,DIMINUER,20
CAMP_0003,2024-06-09,1,GOOGLE_ADS,CONVERSION,10450.32,243.79,11.0,PAUSE,1126906.0,CAROUSEL,AUTOMATIQUE,8.0,45802.0,641.0,16.0,195.85,1911.06,0.014,8.7579,12.24,0.31,4.28,10.65,8.616,18.0,1913.28,7.0,16.3,8.95,ACCEPTEE,AUGMENTER,23
CAMP_0003,2024-06-10,2,GOOGLE_ADS,CONVERSION,10450.32,243.79,11.0,PAUSE,1126906.0,CAROUSEL,AUTOMATIQUE,8.0,40436.0,766.0,29.0,216.03,4157.68,0.0189,18.2462,7.45,0.28,5.34,6.71,17.422,34.0,3895.32,30.0,24.7,-10.4,ACCEPTEE,AUGMENTER,28
CAMP_0003,2024-06-11,3,GOOGLE_ADS,CONVERSION,10450.32,243.79,11.0,PAUSE,1126906.0,CAROUSEL,AUTOMATIQUE,8.0,26754.0,816.0,16.0,225.25,1084.26,0.0305,3.8135,14.08,0.28,8.42,12.22,4.1739,14.0,1186.57,14.0,28.2,-4.6,REJETEE,AUGMENTER,15
CAMP_0003,2024-06-12,4,GOOGLE_ADS,CONVERSION,10450.32,243.79,11.0,PAUSE,1126906.0,CAROUSEL,AUTOMATIQUE,8.0,27716.0,782.0,37.0,217.41,2469.86,0.0282,10.3603,5.88,0.28,7.84,6.21,11.1275,43.0,2222.02,30.0,25.0,-6.64,PROPOSEE,AUGMENTER,25
CAMP_0003,2024-06-13,5,GOOGLE_ADS,CONVERSION,10450.32,243.79,11.0,PAUSE,1126906.0,CAROUSEL,AUTOMATIQUE,8.0,52828.0,1014.0,13.0,243.38,1449.35,0.0192,4.955,18.72,0.24,4.61,18.07,5.2319,12.0,1349.99,7.0,25.4,-9.0,PROPOSEE,AUGMENTER,11
CAMP_0003,2024-06-14,6,GOOGLE_ADS,CONVERSION,10450.32,243.79,11.0,PAUSE,1126906.0,CAROUSEL,AUTOMATIQUE,8.0,19720.0,416.0,12.0,226.08,1407.76,0.0211,5.2268,18.84,0.54,11.46,16.03,5.302,12.0,1200.34,30.0,9.8,-8.05,APPLIQUEE,AUGMENTER,29
CAMP_0003,2024-06-15,7,GOOGLE_ADS,CONVERSION,10450.32,243.79,11.0,PAUSE,1126906.0,CAROUSEL,AUTOMATIQUE,8.0,24045.0,701.0,16.0,242.68,2353.96,0.0292,8.6997,15.17,0.35,10.09,14.97,9.0612,16.0,2215.13,7.0,18.8,-4.55,PROPOSEE,AUGMENTER,16
CAMP_0003,2024-06-16,8,GOOGLE_ADS,CONVERSION,10450.32,243.79,11.0,PAUSE,1126906.0,CAROUSEL,AUTOMATIQUE,8.0,48524.0,1481.0,68.0,228.79,6959.55,0.0305,29.4194,3.36,0.15,4.71,3.15,28.0574,57.0,6383.15,30.0,15.3,2.78,REJETEE,AUGMENTER,10
CAMP_0003,2024-06-17,9,GOOGLE_ADS,CONVERSION,10450.32,243.79,11.0,PAUSE,1126906.0,CAROUSEL,AUTOMATIQUE,8.0,32296.0,988.0,20.0,221.51,2247.84,0.0306,9.1478,11.08,0.22,6.86,10.21,8.3045,17.0,2506.52,7.0,4.9,-14.93,REJETEE,AUGMENTER,29
CAMP_0003,2024-06-18,10,GOOGLE_ADS,CONVERSION,10450.32,243.79,11.0,PAUSE,1126906.0,CAROUSEL,AUTOMATIQUE,8.0,21365.0,625.0,11.0,202.06,1433.04,0.0293,6.092,18.37,0.32,9.46,17.1,6.4461,11.0,1325.14,7.0,20.9,9.23,REJETEE,AUGMENTER,25
CAMP_0004,2024-01-15,1,GOOGLE_ADS,TRAFIC,17373.52,69.04,7.0,PAUSE,1941817.0,IMAGE,MANUEL,9.0,15097.0,335.0,2.0,63.06,266.88,0.0222,3.2323,31.53,0.19,4.18,31.86,2.91,1.0,275.3,14.0,-1.6,-6.69,PROPOSEE,AUGMENTER,16
CAMP_0004,2024-01-16,2,GOOGLE_ADS,TRAFIC,17373.52,69.04,7.0,PAUSE,1941817.0,IMAGE,MANUEL,9.0,13947.0,240.0,1.0,66.15,115.82,0.0172,0.751,66.15,0.28,4.74,62.67,0.8181,1.0,107.62,7.0,0.9,-5.23,APPLIQUEE,AUGMENTER,26
CAMP_0004,2024-01-17,3,GOOGLE_ADS,TRAFIC,17373.52,69.04,7.0,PAUSE,1941817.0,IMAGE,MANUEL,9.0,6745.0,134.0,0.0,58.44,0.89,0.0199,-0.9848,58.44,0.44,8.66,56.83,-1.0068,0.0,0.77,7.0,11.1,-0.24,PROPOSEE,PAUSE,0
CAMP_0004,2024-01-18,4,GOOGLE_ADS,TRAFIC,17373.52,69.04,7.0,PAUSE,1941817.0,IMAGE,MANUEL,9.0,14259.0,259.0,2.0,59.74,219.51,0.0182,2.6745,29.87,0.23,4.19,32.77,2.5243,2.0,198.22,7.0,-2.1,4.24,REJETEE,AUGMENTER,29
CAMP_0004,2024-01-19,5,GOOGLE_ADS,TRAFIC,17373.52,69.04,7.0,PAUSE,1941817.0,IMAGE,MANUEL,9.0,14216.0,228.0,1.0,60.42,60.43,0.016,0.0003,60.42,0.26,4.25,61.1,0.0003,1.0,65.52,7.0,8.2,2.98,REJETEE,DIMINUER,11
CAMP_0004,2024-01-20,6,GOOGLE_ADS,TRAFIC,17373.52,69.04,7.0,PAUSE,1941817.0,IMAGE,MANUEL,9.0,14963.0,227.0,0.0,58.63,0.86,0.0152,-0.9853,58.63,0.26,3.92,62.55,-1.0224,0.0,0.8,30.0,11.9,-1.53,ACCEPTEE,PAUSE,0
CAMP_0004,2024-01-21,7,GOOGLE_ADS,TRAFIC,17373.52,69.04,7.0,PAUSE,1941817.0,IMAGE,MANUEL,9.0,10627.0,161.0,0.0,60.61,4.37,0.0152,-0.9279,60.61,0.38,5.7,63.05,-0.9373,0.0,4.0,14.0,20.2,-13.89,PROPOSEE,PAUSE,0
CAMP_0004,2024-01-22,8,GOOGLE_ADS,TRAFIC,17373.52,69.04,7.0,PAUSE,1941817.0,IMAGE,MANUEL,9.0,7188.0,161.0,1.0,56.64,49.6,0.0224,-0.1243,56.64,0.35,7.88,51.61,-0.1275,1.0,48.04,14.0,3.3,-4.82,PROPOSEE,PAUSE,0
CAMP_0004,2024-01-23,9,GOOGLE_ADS,TRAFIC,17373.52,69.04,7.0,PAUSE,1941817.0,IMAGE,MANUEL,9.0,11627.0,202.0,0.0,56.47,6.26,0.0174,-0.8892,56.47,0.28,4.86,51.93,-0.9294,0.0,7.02,7.0,15.1,4.8,ACCEPTEE,PAUSE,0
CAMP_0004,2024-01-24,10,GOOGLE_ADS,TRAFIC,17373.52,69.04,7.0,PAUSE,1941817.0,IMAGE,MANUEL,9.0,15614.0,318.0,0.0,60.95,9.5,0.0204,-0.8442,60.95,0.19,3.9,60.88,-0.8373,0.0,8.58,30.0,9.0,6.96,REJETEE,PAUSE,0
CAMP_0005,2024-02-08,1,LINKEDIN_ADS,NOTORIETE,13162.69,180.28,19.0,ACTIVE,691088.0,IMAGE,MANUEL,8.0,24337.0,498.0,2.0,168.93,117.29,0.0205,-0.3057,84.47,0.34,6.94,84.23,-0.3197,2.0,100.44,7.0,27.2,7.85,PROPOSEE,PAUSE,0
CAMP_0005,2024-02-09,2,LINKEDIN_ADS,NOTORIETE,13162.69,180.28,19.0,ACTIVE,691088.0,IMAGE,MANUEL,8.0,13084.0,141.0,0.0,155.03,24.27,0.0108,-0.8435,155.03,1.1,11.85,172.95,-0.8971,0.0,22.0,7.0,14.4,-9.23,APPLIQUEE,PAUSE,0
CAMP_0005,2024-02-10,3,LINKEDIN_ADS,NOTORIETE,13162.69,180.28,19.0,ACTIVE,691088.0,IMAGE,MANUEL,8.0,21902.0,380.0,2.0,160.73,109.81,0.0174,-0.3168,80.37,0.42,7.34,70.05,-0.3007,2.0,125.31,7.0,2.6,-0.23,REJETEE,PAUSE,0
CAMP_0005,2024-02-11,4,LINKEDIN_ADS,NOTORIETE,13162.69,180.28,19.0,ACTIVE,691088.0,IMAGE,MANUEL,8.0,10001.0,187.0,1.0,160.1,87.37,0.0187,-0.4543,160.1,0.86,16.01,170.87,-0.4213,1.0,74.57,7.0,8.0,-7.49,APPLIQUEE,PAUSE,0
CAMP_0005,2024-02-12,5,LINKEDIN_ADS,NOTORIETE,13162.69,180.28,19.0,ACTIVE,691088.0,IMAGE,MANUEL,8.0,27938.0,445.0,2.0,169.29,185.38,0.0159,0.095,84.65,0.38,6.06,81.55,0.0859,2.0,200.03,30.0,22.7,1.71,REJETEE,DIMINUER,11
CAMP_0005,2024-02-13,6,LINKEDIN_ADS,NOTORIETE,13162.69,180.28,19.0,ACTIVE,691088.0,IMAGE,MANUEL,8.0,15384.0,196.0,1.0,179.12,126.02,0.0127,-0.2965,179.12,0.91,11.64,202.48,-0.2747,1.0,117.24,30.0,13.2,-5.13,ACCEPTEE,PAUSE,0
CAMP_0005,2024-02-14,7,LINKEDIN_ADS,NOTORIETE,13162.69,180.28,19.0,ACTIVE,691088.0,IMAGE,MANUEL,8.0,15416.0,279.0,2.0,151.43,299.4,0.0181,0.9772,75.71,0.54,9.82,77.97,1.0343,1.0,325.6,30.0,11.2,-13.99,REJETEE,AUGMENTER,10
CAMP_0005,2024-02-15,8,LINKEDIN_ADS,NOTORIETE,13162.69,180.28,19.0,ACTIVE,691088.0,IMAGE,MANUEL,8.0,17763.0,167.0,1.0,151.78,127.75,0.0094,-0.1584,151.78,0.91,8.54,162.53,-0.1533,1.0,116.34,14.0,28.1,-3.77,REJETEE,PAUSE,0
CAMP_0005,2024-02-16,9,LINKEDIN_ADS,NOTORIETE,13162.69,180.28,19.0,ACTIVE,691088.0,IMAGE,MANUEL,8.0,26650.0,501.0,3.0,149.24,219.93,0.0188,0.4737,49.75,0.3,5.6,53.63,0.5109,3.0,207.22,14.0,7.2,8.97,ACCEPTEE,DIMINUER,5
CAMP_0005,2024-02-17,10,LINKEDIN_ADS,NOTORIETE,13162.69,180.28,19.0,ACTIVE,691088.0,IMAGE,MANUEL,8.0,13340.0,186.0,0.0,165.78,19.31,0.0139,-0.8836,165.78,0.89,12.43,148.6,-0.8051,0.0,20.05,7.0,22.1,-8.16,REJETEE,PAUSE,0
CAMP_0006,2024-12-03,1,GOOGLE_ADS,TRAFIC,17045.2,159.49,25.0,PAUSE,1108829.0,IMAGE,MANUEL,7.0,26510.0,456.0,2.0,128.76,293.05,0.0172,1.2759,64.38,0.28,4.86,55.13,1.1597,2.0,258.11,14.0,27.6,-14.59,ACCEPTEE,AUGMENTER,27
CAMP_0006,2024-12-04,2,GOOGLE_ADS,TRAFIC,17045.2,159.49,25.0,PAUSE,1108829.0,IMAGE,MANUEL,7.0,27837.0,448.0,4.0,131.08,269.22,0.0161,1.0539,32.77,0.29,4.71,29.25,1.1408,3.0,263.34,7.0,21.5,4.22,ACCEPTEE,AUGMENTER,30
CAMP_0006,2024-12-05,3,GOOGLE_ADS,TRAFIC,17045.2,159.49,25.0,PAUSE,1108829.0,IMAGE,MANUEL,7.0,27178.0,262.0,1.0,148.17,111.14,0.0096,-0.2499,148.17,0.57,5.45,141.65,-0.2392,1.0,117.29,30.0,16.5,-2.58,ACCEPTEE,PAUSE,0
CAMP_0006,2024-12-06,4,GOOGLE_ADS,TRAFIC,17045.2,159.49,25.0,PAUSE,1108829.0,IMAGE,MANUEL,7.0,36632.0,414.0,0.0,130.74,5.8,0.0113,-0.9556,130.74,0.32,3.57,145.81,-1.0173,0.0,5.23,7.0,13.2,-1.65,APPLIQUEE,PAUSE,0
CAMP_0006,2024-12-07,5,GOOGLE_ADS,TRAFIC,17045.2,159.49,25.0,PAUSE,1108829.0,IMAGE,MANUEL,7.0,29930.0,406.0,1.0,139.53,90.94,0.0136,-0.3482,139.53,0.34,4.66,128.0,-0.38,0.0,79.38,14.0,12.1,4.49,APPLIQUEE,PAUSE,0
CAMP_0006,2024-12-08,6,GOOGLE_ADS,TRAFIC,17045.2,159.49,25.0,PAUSE,1108829.0,IMAGE,MANUEL,7.0,22658.0,337.0,3.0,142.99,217.49,0.0149,0.521,47.66,0.42,6.31,42.2,0.5651,3.0,243.3,30.0,27.0,-5.27,REJETEE,AUGMENTER,17
CAMP_0006,2024-12-09,7,GOOGLE_ADS,TRAFIC,17045.2,159.49,25.0,PAUSE,1108829.0,IMAGE,MANUEL,7.0,35922.0,318.0,2.0,138.7,155.47,0.0089,0.1209,69.35,0.44,3.86,62.09,0.1192,1.0,140.61,14.0,-2.9,1.4,ACCEPTEE,DIMINUER,20
CAMP_0006,2024-12-10,8,GOOGLE_ADS,TRAFIC,17045.2,159.49,25.0,PAUSE,1108829.0,IMAGE,MANUEL,7.0,26935.0,355.0,0.0,150.62,13.63,0.0132,-0.9095,150.62,0.42,5.59,134.81,-0.9399,0.0,14.93,14.0,-9.4,-4.26,REJETEE,PAUSE,0
CAMP_0006,2024-12-11,9,GOOGLE_ADS,TRAFIC,17045.2,159.49,25.0,PAUSE,1108829.0,IMAGE,MANUEL,7.0,13731.0,115.0,0.0,138.54,3.03,0.0084,-0.9781,138.54,1.2,10.09,154.14,-0.9333,0.0,2.91,14.0,3.2,-8.86,PROPOSEE,PAUSE,0
CAMP_0006,2024-12-12,10,GOOGLE_ADS,TRAFIC,17045.2,159.49,25.0,PAUSE,1108829.0,IMAGE,MANUEL,7.0,31820.0,550.0,3.0,145.2,229.23,0.0173,0.5787,48.4,0.26,4.56,52.91,0.6032,2.0,195.0,7.0,-9.2,-11.75,ACCEPTEE,AUGMENTER,25
CAMP_0007,2024-01-11,1,TIKTOK_ADS,CONVERSION,7328.3,125.66,23.0,TERMINEE,249131.0,CAROUSEL,AUTOMATIQUE,8.0,28941.0,819.0,14.0,117.05,1169.2,0.0283,8.9891,8.36,0.14,4.04,8.62,8.6414,12.0,1150.5,14.0,-3.2,-7.69,APPLIQUEE,AUGMENTER,18
CAMP_0007,2024-01-12,2,TIKTOK_ADS,CONVERSION,7328.3,125.66,23.0,TERMINEE,249131.0,CAROUSEL,AUTOMATIQUE,8.0,41823.0,917.0,9.0,105.93,635.56,0.0219,5.0,11.77,0.12,2.53,11.4,4.9425,7.0,601.82,7.0,6.6,7.65,REJETEE,AUGMENTER,18
CAMP_0007,2024-01-13,3,TIKTOK_ADS,CONVERSION,7328.3,125.66,23.0,TERMINEE,249131.0,CAROUSEL,AUTOMATIQUE,8.0,45466.0,1103.0,34.0,109.72,2097.06,0.0243,18.1126,3.23,0.1,2.41,3.18,18.6599,36.0,2042.92,30.0,19.2,-5.96,PROPOSEE,AUGMENTER,16
CAMP_0007,2024-01-14,4,TIKTOK_ADS,CONVERSION,7328.3,125.66,23.0,TERMINEE,249131.0,CAROUSEL,AUTOMATIQUE,8.0,23466.0,531.0,11.0,110.3,914.98,0.0226,7.2957,10.03,0.21,4.7,10.02,7.3221,10.0,914.18,30.0,2.4,-1.44,ACCEPTEE,AUGMENTER,19
CAMP_0007,2024-01-15,5,TIKTOK_ADS,CONVERSION,7328.3,125.66,23.0,TERMINEE,249131.0,CAROUSEL,AUTOMATIQUE,8.0,15144.0,334.0,12.0,120.65,1692.66,0.0221,13.0296,10.05,0.36,7.97,10.36,12.6639,13.0,1706.34,30.0,15.6,-13.09,REJETEE,AUGMENTER,27
CAMP_0007,2024-01-16,6,TIKTOK_ADS,CONVERSION,7328.3,125.66,23.0,TERMINEE,249131.0,CAROUSEL,AUTOMATIQUE,8.0,31466.0,611.0,8.0,109.91,444.4,0.0194,3.0433,13.74,0.18,3.49,13.82,3.1826,7.0,491.14,14.0,24.9,6.33,ACCEPTEE,AUGMENTER,14
CAMP_0007,2024-01-17,7,TIKTOK_ADS,CONVERSION,7328.3,125.66,23.0,TERMINEE,249131.0,CAROUSEL,AUTOMATIQUE,8.0,26971.0,653.0,19.0,114.03,2681.05,0.0242,22.5111,6.0,0.17,4.23,5.88,21.71,17.0,2961.56,7.0,28.1,-13.35,APPLIQUEE,AUGMENTER,10
CAMP_0007,2024-01-18,8,TIKTOK_ADS,CONVERSION,7328.3,125.66,23.0,TERMINEE,249131.0,CAROUSEL,AUTOMATIQUE,8.0,34339.0,575.0,10.0,121.69,1081.35,0.0167,7.8862,12.17,0.21,3.54,11.63,7.6006,11.0,997.81,7.0,28.6,-12.17,APPLIQUEE,AUGMENTER,18
CAMP_0007,2024-01-19,9,TIKTOK_ADS,CONVERSION,7328.3,125.66,23.0,TERMINEE,249131.0,CAROUSEL,AUTOMATIQUE,8.0,42695.0,963.0,24.0,114.64,2684.1,0.0226,22.413,4.78,0.12,2.69,4.72,22.8644,22.0,2302.7,14.0,3.5,-2.49,APPLIQUEE,AUGMENTER,24
CAMP_0007,2024-01-20,10,TIKTOK_ADS,CONVERSION,7328.3,125.66,23.0,TERMINEE,249131.0,CAROUSEL,AUTOMATIQUE,8.0,26713.0,713.0,11.0,114.74,1403.02,0.0267,11.228,10.43,0.16,4.3,10.06,10.8252,12.0,1558.96,7.0,8.6,-11.95,ACCEPTEE,AUGMENTER,27
CAMP_0008,2024-05-05,1,TIKTOK_ADS,NOTORIETE,19206.24,340.45,11.0,ACTIVE,225596.0,IMAGE,MANUEL,6.0,32866.0,288.0,2.0,310.88,249.96,0.0088,-0.1959,155.44,1.08,9.46,143.55,-0.1768,2.0,243.7,7.0,16.7,-8.04,ACCEPTEE,PAUSE,0
CAMP_0008,2024-05-06,2,TIKTOK_ADS,NOTORIETE,19206.24,340.45,11.0,ACTIVE,225596.0,IMAGE,MANUEL,6.0,55570.0,653.0,3.0,339.83,298.87,0.0118,-0.1205,113.28,0.52,6.12,112.25,-0.1118,3.0,339.11,14.0,-6.7,4.73,REJETEE,PAUSE,0
CAMP_0008,2024-05-07,3,TIKTOK_ADS,NOTORIETE,19206.24,340.45,11.0,ACTIVE,225596.0,IMAGE,MANUEL,6.0,75454.0,802.0,3.0,322.47,335.71,0.0106,0.0411,107.49,0.4,4.27,104.64,0.0398,3.0,355.37,14.0,-2.9,5.17,APPLIQUEE,DIMINUER,21
CAMP_0008,2024-05-08,4,TIKTOK_ADS,NOTORIETE,19206.24,340.45,11.0,ACTIVE,225596.0,IMAGE,MANUEL,6.0,47679.0,340.0,2.0,278.28,270.36,0.0071,-0.0285,139.14,0.82,5.84,122.91,-0.026,2.0,278.81,7.0,11.8,-8.74,APPLIQUEE,PAUSE,0
CAMP_0008,2024-05-09,5,TIKTOK_ADS,NOTORIETE,19206.24,340.45,11.0,ACTIVE,225596.0,IMAGE,MANUEL,6.0,46598.0,403.0,2.0,330.99,214.26,0.0086,-0.3527,165.49,0.82,7.1,165.65,-0.3182,2.0,225.82,14.0,-9.3,7.85,REJETEE,PAUSE,0
CAMP_0008,2024-05-10,6,TIKTOK_ADS,NOTORIETE,19206.24,340.45,11.0,ACTIVE,225596.0,IMAGE,MANUEL,6.0,66986.0,909.0,7.0,311.18,689.86,0.0136,1.2169,44.45,0.34,4.65,45.17,1.2971,8.0,690.25,30.0,29.7,-10.94,ACCEPTEE,AUGMENTER,12
CAMP_0008,2024-05-11,7,TIKTOK_ADS,NOTORIETE,19206.24,340.45,11.0,ACTIVE,225596.0,IMAGE,MANUEL,6.0,53464.0,815.0,5.0,337.21,482.93,0.0152,0.4321,67.44,0.41,6.31,61.92,0.4694,4.0,423.81,14.0,10.9,2.24,ACCEPTEE,DIMINUER,7
CAMP_0008,2024-05-12,8,TIKTOK_ADS,NOTORIETE,19206.24,340.45,11.0,ACTIVE,225596.0,IMAGE,MANUEL,6.0,106285.0,852.0,4.0,276.4,282.02,0.008,0.0204,69.1,0.32,2.6,79.01,0.0189,3.0,292.09,7.0,9.1,8.12,APPLIQUEE,DIMINUER,16
CAMP_0008,2024-05-13,9,TIKTOK_ADS,NOTORIETE,19206.24,340.45,11.0,ACTIVE,225596.0,IMAGE,MANUEL,6.0,65710.0,525.0,2.0,289.22,265.58,0.008,-0.0817,144.61,0.55,4.4,139.94,-0.087,2.0,273.95,7.0,15.3,-14.26,PROPOSEE,PAUSE,0
CAMP_0008,2024-05-14,10,TIKTOK_ADS,NOTORIETE,19206.24,340.45,11.0,ACTIVE,225596.0,IMAGE,MANUEL,6.0,49272.0,604.0,2.0,277.5,254.81,0.0123,-0.0818,138.75,0.46,5.63,151.93,-0.0813,1.0,265.66,14.0,24.1,4.82,PROPOSEE,PAUSE,0
CAMP_0009,2024-02-05,1,META_ADS,NOTORIETE,3904.53,391.62,9.0,ACTIVE,1630779.0,CAROUSEL,MANUEL,10.0,109314.0,2880.0,20.0,382.01,1800.33,0.0263,3.7128,19.1,0.13,3.49,17.18,3.938,21.0,1635.45,7.0,-5.9,-2.19,ACCEPTEE,AUGMENTER,23
CAMP_0009,2024-02-06,2,META_ADS,NOTORIETE,3904.53,391.62,9.0,ACTIVE,1630779.0,CAROUSEL,MANUEL,10.0,88807.0,2703.0,23.0,320.59,3379.54,0.0304,9.5416,13.94,0.12,3.61,12.29,9.2796,25.0,3212.73,7.0,-1.5,-10.25,APPLIQUEE,AUGMENTER,22
CAMP_0009,2024-02-07,3,META_ADS,NOTORIETE,3904.53,391.62,9.0,ACTIVE,1630779.0,CAROUSEL,MANUEL,10.0,101332.0,3352.0,27.0,344.45,3955.34,0.0331,10.4832,12.76,0.1,3.4,11.93,10.5704,22.0,4070.57,14.0,9.3,-0.34,PROPOSEE,AUGMENTER,30
CAMP_0009,2024-02-08,4,META_ADS,NOTORIETE,3904.53,391.62,9.0,ACTIVE,1630779.0,CAROUSEL,MANUEL,10.0,96415.0,2743.0,9.0,356.16,489.29,0.0284,0.3738,39.57,0.13,3.69,35.86,0.3515,10.0,451.17,7.0,29.0,3.62,APPLIQUEE,AUGMENTER,6
CAMP_0009,2024-02-09,5,META_ADS,NOTORIETE,3904.53,391.62,9.0,ACTIVE,1630779.0,CAROUSEL,MANUEL,10.0,122627.0,4311.0,33.0,316.89,3593.03,0.0352,10.3383,9.6,0.07,2.58,10.97,10.4723,33.0,3905.87,7.0,12.3,-3.55,APPLIQUEE,AUGMENTER,25
CAMP_0009,2024-02-10,6,META_ADS,NOTORIETE,3904.53,391.62,9.0,ACTIVE,1630779.0,CAROUSEL,MANUEL,10.0,122679.0,2148.0,5.0,349.05,745.51,0.0175,1.1358,69.81,0.16,2.85,60.34,1.0434,4.0,852.98,14.0,15.7,-10.02,APPLIQUEE,AUGMENTER,20
CAMP_0009,2024-02-11,7,META_ADS,NOTORIETE,3904.53,391.62,9.0,ACTIVE,1630779.0,CAROUSEL,MANUEL,10.0,84569.0,3374.0,30.0,336.94,4085.6,0.0399,11.1256,11.23,0.1,3.98,12.78,11.1261,27.0,3951.56,14.0,-8.5,-10.3,REJETEE,AUGMENTER,11
CAMP_0009,2024-02-12,8,META_ADS,NOTORIETE,3904.53,391.62,9.0,ACTIVE,1630779.0,CAROUSEL,MANUEL,10.0,101801.0,1962.0,3.0,365.34,334.14,0.0193,-0.0854,121.78,0.19,3.59,139.09,-0.0889,2.0,324.85,30.0,12.8,-14.57,PROPOSEE,PAUSE,0
CAMP_0009,2024-02-13,9,META_ADS,NOTORIETE,3904.53,391.62,9.0,ACTIVE,1630779.0,CAROUSEL,MANUEL,10.0,47124.0,1481.0,11.0,346.92,550.35,0.0314,0.5864,31.54,0.23,7.36,31.57,0.5867,12.0,471.71,14.0,15.9,-4.61,PROPOSEE,AUGMENTER,21
CAMP_0009,2024-02-14,10,META_ADS,NOTORIETE,3904.53,391.62,9.0,ACTIVE,1630779.0,CAROUSEL,MANUEL,10.0,38747.0,853.0,5.0,353.98,444.79,0.022,0.2565,70.8,0.41,9.14,70.31,0.2754,4.0,399.58,30.0,28.8,6.55,REJETEE,CIBLAGE,0
CAMP_0010,2024-11-11,1,LINKEDIN_ADS,NOTORIETE,18558.93,304.02,27.0,TERMINEE,687816.0,CAROUSEL,MANUEL,5.0,12425.0,123.0,0.0,272.26,12.47,0.0099,-0.9542,272.26,2.21,21.91,280.63,-0.9689,0.0,13.29,7.0,-6.6,6.08,PROPOSEE,PAUSE,0
CAMP_0010,2024-11-12,2,LINKEDIN_ADS,NOTORIETE,18558.93,304.02,27.0,TERMINEE,687816.0,CAROUSEL,MANUEL,5.0,14283.0,139.0,0.0,266.49,43.35,0.0097,-0.8373,266.49,1.92,18.66,269.39,-0.8392,0.0,43.56,30.0,13.8,-0.96,REJETEE,PAUSE,0
CAMP_0010,2024-11-13,3,LINKEDIN_ADS,NOTORIETE,18558.93,304.02,27.0,TERMINEE,687816.0,CAROUSEL,MANUEL,5.0,27398.0,446.0,2.0,280.33,116.11,0.0163,-0.5858,140.16,0.63,10.23,145.15,-0.5818,1.0,108.82,30.0,-5.3,-11.61,APPLIQUEE,PAUSE,0
CAMP_0010,2024-11-14,4,LINKEDIN_ADS,NOTORIETE,18558.93,304.02,27.0,TERMINEE,687816.0,CAROUSEL,MANUEL,5.0,20066.0,343.0,2.0,270.11,127.79,0.0171,-0.5269,135.06,0.79,13.46,136.5,-0.551,1.0,116.63,30.0,9.8,9.9,ACCEPTEE,PAUSE,0
CAMP_0010,2024-11-15,5,LINKEDIN_ADS,NOTORIETE,18558.93,304.02,27.0,TERMINEE,687816.0,CAROUSEL,MANUEL,5.0,29766.0,297.0,1.0,269.32,127.02,0.01,-0.5284,269.32,0.91,9.05,270.59,-0.5532,0.0,108.54,14.0,19.0,-6.48,APPLIQUEE,PAUSE,0
CAMP_0010,2024-11-16,6,LINKEDIN_ADS,NOTORIETE,18558.93,304.02,27.0,TERMINEE,687816.0,CAROUSEL,MANUEL,5.0,18765.0,214.0,1.0,260.54,143.54,0.0114,-0.4491,260.54,1.22,13.88,251.72,-0.4392,0.0,135.52,14.0,15.0,-14.19,PROPOSEE,PAUSE,0
CAMP_0010,2024-11-17,7,LINKEDIN_ADS,NOTORIETE,18558.93,304.02,27.0,TERMINEE,687816.0,CAROUSEL,MANUEL,5.0,12068.0,224.0,1.0,254.69,83.09,0.0186,-0.6737,254.69,1.14,21.1,267.07,-0.7059,0.0,89.87,14.0,23.4,-7.07,REJETEE,PAUSE,0
CAMP_0010,2024-11-18,8,LINKEDIN_ADS,NOTORIETE,18558.93,304.02,27.0,TERMINEE,687816.0,CAROUSEL,MANUEL,5.0,26066.0,459.0,2.0,257.87,220.38,0.0176,-0.1454,128.94,0.56,9.89,128.79,-0.1434,2.0,249.46,30.0,2.5,5.55,ACCEPTEE,PAUSE,0
CAMP_0010,2024-11-19,9,LINKEDIN_ADS,NOTORIETE,18558.93,304.02,27.0,TERMINEE,687816.0,CAROUSEL,MANUEL,5.0,14208.0,123.0,0.0,266.74,44.76,0.0087,-0.8322,266.74,2.17,18.77,263.19,-0.8609,0.0,47.18,14.0,1.7,6.47,PROPOSEE,PAUSE,0
CAMP_0010,2024-11-20,10,LINKEDIN_ADS,NOTORIETE,18558.93,304.02,27.0,TERMINEE,687816.0,CAROUSEL,MANUEL,5.0,21138.0,222.0,2.0,247.65,209.22,0.0105,-0.1552,123.83,1.12,11.72,128.5,-0.1628,2.0,209.59,14.0,-7.8,-7.49,REJETEE,PAUSE,0
CAMP_0011,2024-11-17,1,LINKEDIN_ADS,CONVERSION,9909.5,334.12,15.0,TERMINEE,127801.0,VIDEO,AUTOMATIQUE,7.0,18842.0,630.0,16.0,286.44,1894.23,0.0334,5.613,17.9,0.45,15.2,18.48,5.3368,13.0,2059.36,30.0,17.8,5.39,ACCEPTEE,AUGMENTER,14
CAMP_0011,2024-11-18,2,LINKEDIN_ADS,CONVERSION,9909.5,334.12,15.0,TERMINEE,127801.0,VIDEO,AUTOMATIQUE,7.0,45517.0,1048.0,33.0,277.5,1623.46,0.023,4.8503,8.41,0.26,6.1,8.18,5.0318,28.0,1574.41,7.0,1.2,6.24,ACCEPTEE,AUGMENTER,14
CAMP_0011,2024-11-19,3,LINKEDIN_ADS,CONVERSION,9909.5,334.12,15.0,TERMINEE,127801.0,VIDEO,AUTOMATIQUE,7.0,20462.0,705.0,16.0,306.48,1983.27,0.0345,5.4711,19.16,0.43,14.98,18.41,5.2962,15.0,2004.16,14.0,29.0,-5.91,REJETEE,AUGMENTER,12
CAMP_0011,2024-11-20,4,LINKEDIN_ADS,CONVERSION,9909.5,334.12,15.0,TERMINEE,127801.0,VIDEO,AUTOMATIQUE,7.0,41582.0,881.0,42.0,283.24,2809.5,0.0212,8.919,6.74,0.32,6.81,6.62,8.756,40.0,2753.13,14.0,2.3,-7.5,ACCEPTEE,AUGMENTER,25
CAMP_0011,2024-11-21,5,LINKEDIN_ADS,CONVERSION,9909.5,334.12,15.0,TERMINEE,127801.0,VIDEO,AUTOMATIQUE,7.0,34773.0,947.0,34.0,311.27,2016.92,0.0272,5.4796,9.15,0.33,8.95,9.11,5.5043,36.0,2002.53,14.0,-9.0,-7.87,PROPOSEE,AUGMENTER,10
CAMP_0011,2024-11-22,6,LINKEDIN_ADS,CONVERSION,9909.5,334.12,15.0,TERMINEE,127801.0,VIDEO,AUTOMATIQUE,7.0,15353.0,233.0,5.0,301.86,652.38,0.0152,1.1612,60.37,1.3,19.66,62.03,1.1104,4.0,665.73,30.0,18.5,6.74,REJETEE,AUGMENTER,15
CAMP_0011,2024-11-23,7,LINKEDIN_ADS,CONVERSION,9909.5,334.12,15.0,TERMINEE,127801.0,VIDEO,AUTOMATIQUE,7.0,29046.0,871.0,34.0,275.19,4725.62,0.03,16.1725,8.09,0.32,9.47,8.39,16.9045,40.0,4319.34,7.0,14.1,6.29,APPLIQUEE,AUGMENTER,26
CAMP_0011,2024-11-24,8,LINKEDIN_ADS,CONVERSION,9909.5,334.12,15.0,TERMINEE,127801.0,VIDEO,AUTOMATIQUE,7.0,25767.0,656.0,32.0,309.23,3026.44,0.0255,8.787,9.66,0.47,12.0,9.44,8.4194,33.0,2648.37,7.0,-5.5,9.37,PROPOSEE,AUGMENTER,21
CAMP_0011,2024-11-25,9,LINKEDIN_ADS,CONVERSION,9909.5,334.12,15.0,TERMINEE,127801.0,VIDEO,AUTOMATIQUE,7.0,25270.0,813.0,13.0,318.97,1798.8,0.0322,4.6394,24.54,0.39,12.62,23.76,4.4324,12.0,1644.52,14.0,2.7,-11.91,PROPOSEE,AUGMENTER,20
CAMP_0011,2024-11-26,10,LINKEDIN_ADS,CONVERSION,9909.5,334.12,15.0,TERMINEE,127801.0,VIDEO,AUTOMATIQUE,7.0,27918.0,832.0,36.0,268.12,1622.09,0.0298,5.0499,7.45,0.32,9.6,7.34,5.009,42.0,1523.26,7.0,-1.5,5.01,REJETEE,AUGMENTER,28
CAMP_0012,2024-05-08,1,LINKEDIN_ADS,TRAFIC,1714.54,215.93,16.0,ACTIVE,1361963.0,IMAGE,MANUEL,10.0,38706.0,541.0,0.0,207.43,29.62,0.014,-0.8572,207.43,0.38,5.36,205.91,-0.8896,0.0,31.37,14.0,-0.7,-8.09,PROPOSEE,PAUSE,0
CAMP_0012,2024-05-09,2,LINKEDIN_ADS,TRAFIC,1714.54,215.93,16.0,ACTIVE,1361963.0,IMAGE,MANUEL,10.0,38848.0,581.0,2.0,208.42,205.74,0.015,-0.0128,104.21,0.36,5.36,117.11,-0.013,2.0,209.5,30.0,23.7,-1.24,ACCEPTEE,PAUSE,0
CAMP_0012,2024-05-10,3,LINKEDIN_ADS,TRAFIC,1714.54,215.93,16.0,ACTIVE,1361963.0,IMAGE,MANUEL,10.0,19077.0,232.0,1.0,174.73,84.1,0.0122,-0.5187,174.73,0.75,9.16,158.93,-0.5418,1.0,75.13,30.0,11.7,6.48,PROPOSEE,PAUSE,0
CAMP_0012,2024-05-11,4,LINKEDIN_ADS,TRAFIC,1714.54,215.93,16.0,ACTIVE,1361963.0,IMAGE,MANUEL,10.0,47258.0,1062.0,1.0,192.47,80.58,0.0225,-0.5813,192.47,0.18,4.07,220.55,-0.6323,1.0,86.3,14.0,22.5,-1.28,PROPOSEE,PAUSE,0
CAMP_0012,2024-05-12,5,LINKEDIN_ADS,TRAFIC,1714.54,215.93,16.0,ACTIVE,1361963.0,IMAGE,MANUEL,10.0,25616.0,563.0,2.0,214.71,299.51,0.022,0.3949,107.36,0.38,8.38,91.71,0.4262,2.0,299.46,14.0,1.9,-1.19,APPLIQUEE,AUGMENTER,13
CAMP_0012,2024-05-13,6,LINKEDIN_ADS,TRAFIC,1714.54,215.93,16.0,ACTIVE,1361963.0,IMAGE,MANUEL,10.0,50515.0,971.0,2.0,213.01,85.26,0.0192,-0.5997,106.51,0.22,4.22,94.16,-0.6561,1.0,85.79,7.0,1.9,7.38,PROPOSEE,PAUSE,0
CAMP_0012,2024-05-14,7,LINKEDIN_ADS,TRAFIC,1714.54,215.93,16.0,ACTIVE,1361963.0,IMAGE,MANUEL,10.0,28592.0,610.0,2.0,205.52,162.78,0.0213,-0.208,102.76,0.34,7.19,117.81,-0.2264,2.0,169.34,30.0,20.1,-13.98,ACCEPTEE,PAUSE,0
CAMP_0012,2024-05-15,8,LINKEDIN_ADS,TRAFIC,1714.54,215.93,16.0,ACTIVE,1361963.0,IMAGE,MANUEL,10.0,44165.0,634.0,3.0,214.25,440.94,0.0144,1.058,71.42,0.34,4.85,81.48,0.9728,2.0,504.31,14.0,-6.3,-6.67,ACCEPTEE,AUGMENTER,23
CAMP_0012,2024-05-16,9,LINKEDIN_ADS,TRAFIC,1714.54,215.93,16.0,ACTIVE,1361963.0,IMAGE,MANUEL,10.0,16935.0,204.0,1.0,190.58,138.51,0.012,-0.2732,190.58,0.93,11.25,201.81,-0.2882,1.0,126.71,7.0,19.6,-11.58,APPLIQUEE,PAUSE,0
CAMP_0012,2024-05-17,10,LINKEDIN_ADS,TRAFIC,1714.54,215.93,16.0,ACTIVE,1361963.0,IMAGE,MANUEL,10.0,34196.0,674.0,4.0,189.77,420.43,0.0197,1.2154,47.44,0.28,5.55,53.88,1.3301,4.0,359.18,14.0,28.0,-0.29,ACCEPTEE,AUGMENTER,13
CAMP_0013,2024-05-17,1,GOOGLE_ADS,TRAFIC,18271.95,307.25,13.0,PAUSE,1278789.0,VIDEO,AUTOMATIQUE,3.0,8834.0,106.0,0.0,298.09,55.21,0.012,-0.8148,298.09,2.81,33.74,254.82,-0.8794,0.0,61.3,30.0,-5.7,-3.08,APPLIQUEE,PAUSE,0
CAMP_0013,2024-05-18,2,GOOGLE_ADS,TRAFIC,18271.95,307.25,13.0,PAUSE,1278789.0,VIDEO,AUTOMATIQUE,3.0,15317.0,207.0,1.0,260.16,143.79,0.0135,-0.4473,260.16,1.26,16.98,260.09,-0.4919,0.0,137.39,30.0,8.8,-5.97,ACCEPTEE,PAUSE,0
CAMP_0013,2024-05-19,3,GOOGLE_ADS,TRAFIC,18271.95,307.25,13.0,PAUSE,1278789.0,VIDEO,AUTOMATIQUE,3.0,9892.0,128.0,0.0,273.43,17.17,0.0129,-0.9372,273.43,2.14,27.64,267.35,-1.0261,0.0,19.37,14.0,11.7,-8.39,ACCEPTEE,PAUSE,0
CAMP_0013,2024-05-20,4,GOOGLE_ADS,TRAFIC,18271.95,307.25,13.0,PAUSE,1278789.0,VIDEO,AUTOMATIQUE,3.0,12680.0,120.0,0.0,274.27,46.76,0.0095,-0.8295,274.27,2.29,21.63,268.38,-0.7759,0.0,47.36,14.0,13.6,-0.97,REJETEE,PAUSE,0
CAMP_0013,2024-05-21,5,GOOGLE_ADS,TRAFIC,18271.95,307.25,13.0,PAUSE,1278789.0,VIDEO,AUTOMATIQUE,3.0,10032.0,133.0,0.0,282.87,12.16,0.0133,-0.957,282.87,2.13,28.2,264.63,-0.9875,0.0,12.65,30.0,21.8,-12.95,APPLIQUEE,PAUSE,0
CAMP_0013,2024-05-22,6,GOOGLE_ADS,TRAFIC,18271.95,307.25,13.0,PAUSE,1278789.0,VIDEO,AUTOMATIQUE,3.0,27120.0,208.0,2.0,270.15,90.77,0.0077,-0.664,135.07,1.3,9.96,139.95,-0.7205,2.0,104.26,7.0,-3.3,1.21,REJETEE,PAUSE,0
CAMP_0013,2024-05-23,7,GOOGLE_ADS,TRAFIC,18271.95,307.25,13.0,PAUSE,1278789.0,VIDEO,AUTOMATIQUE,3.0,12805.0,172.0,1.0,298.32,101.15,0.0134,-0.6609,298.32,1.73,23.3,261.59,-0.597,1.0,89.12,30.0,12.8,6.67,APPLIQUEE,PAUSE,0
CAMP_0013,2024-05-24,8,GOOGLE_ADS,TRAFIC,18271.95,307.25,13.0,PAUSE,1278789.0,VIDEO,AUTOMATIQUE,3.0,16276.0,117.0,0.0,253.26,3.12,0.0072,-0.9877,253.26,2.16,15.56,272.39,-1.0721,0.0,3.07,30.0,15.2,-14.58,APPLIQUEE,PAUSE,0
CAMP_0013,2024-05-25,9,GOOGLE_ADS,TRAFIC,18271.95,307.25,13.0,PAUSE,1278789.0,VIDEO,AUTOMATIQUE,3.0,20763.0,173.0,0.0,287.97,54.0,0.0083,-0.8125,287.97,1.66,13.87,314.39,-0.8398,0.0,49.33,14.0,-1.3,2.7,PROPOSEE,PAUSE,0
CAMP_0013,2024-05-26,10,GOOGLE_ADS,TRAFIC,18271.95,307.25,13.0,PAUSE,1278789.0,VIDEO,AUTOMATIQUE,3.0,12564.0,143.0,0.0,307.08,12.14,0.0114,-0.9604,307.08,2.15,24.44,311.83,-0.8864,0.0,13.78,14.0,-3.2,8.93,ACCEPTEE,PAUSE,0
CAMP_0014,2024-04-03,1,LINKEDIN_ADS,CONVERSION,16408.37,426.82,29.0,ACTIVE,1068115.0,CAROUSEL,AUTOMATIQUE,3.0,28169.0,162.0,6.0,351.92,861.91,0.0058,1.4492,58.65,2.17,12.49,66.88,1.5692,5.0,944.76,30.0,-0.5,-4.8,REJETEE,AUGMENTER,26
CAMP_0014,2024-04-04,2,LINKEDIN_ADS,CONVERSION,16408.37,426.82,29.0,ACTIVE,1068115.0,CAROUSEL,AUTOMATIQUE,3.0,13480.0,109.0,3.0,374.13,260.8,0.0081,-0.3029,124.71,3.43,27.75,135.36,-0.2966,3.0,282.88,30.0,17.3,6.88,PROPOSEE,PAUSE,0
CAMP_0014,2024-04-05,3,LINKEDIN_ADS,CONVERSION,16408.37,426.82,29.0,ACTIVE,1068115.0,CAROUSEL,AUTOMATIQUE,3.0,18668.0,131.0,2.0,393.88,215.73,0.007,-0.4523,196.94,3.01,21.1,184.15,-0.4866,1.0,237.64,14.0,13.1,3.25,ACCEPTEE,PAUSE,0
CAMP_0014,2024-04-06,4,LINKEDIN_ADS,CONVERSION,16408.37,426.82,29.0,ACTIVE,1068115.0,CAROUSEL,AUTOMATIQUE,3.0,21841.0,244.0,3.0,374.15,258.35,0.0112,-0.3095,124.72,1.53,17.13,131.2,-0.2788,3.0,222.13,7.0,23.7,-2.68,ACCEPTEE,PAUSE,0
CAMP_0014,2024-04-07,5,LINKEDIN_ADS,CONVERSION,16408.37,426.82,29.0,ACTIVE,1068115.0,CAROUSEL,AUTOMATIQUE,3.0,29408.0,201.0,6.0,343.12,492.45,0.0068,0.4352,57.19,1.71,11.67,51.24,0.4243,6.0,539.73,30.0,-7.6,-9.72,PROPOSEE,CIBLAGE,0
CAMP_0014,2024-04-08,6,LINKEDIN_ADS,CONVERSION,16408.37,426.82,29.0,ACTIVE,1068115.0,CAROUSEL,AUTOMATIQUE,3.0,21673.0,227.0,7.0,368.91,488.24,0.0105,0.3235,52.7,1.63,17.02,49.81,0.3022,7.0,477.99,30.0,-2.3,-1.81,PROPOSEE,AUGMENTER,11
CAMP_0014,2024-04-09,7,LINKEDIN_ADS,CONVERSION,16408.37,426.82,29.0,ACTIVE,1068115.0,CAROUSEL,AUTOMATIQUE,3.0,11801.0,63.0,1.0,410.49,91.89,0.0053,-0.7762,410.49,6.52,34.78,468.8,-0.7285,1.0,100.95,30.0,3.8,-4.89,PROPOSEE,PAUSE,0
CAMP_0014,2024-04-10,8,LINKEDIN_ADS,CONVERSION,16408.37,426.82,29.0,ACTIVE,1068115.0,CAROUSEL,AUTOMATIQUE,3.0,14704.0,99.0,1.0,362.04,98.71,0.0067,-0.7274,362.04,3.66,24.62,354.34,-0.7913,0.0,105.47,14.0,13.6,7.77,ACCEPTEE,PAUSE,0
CAMP_0014,2024-04-11,9,LINKEDIN_ADS,CONVERSION,16408.37,426.82,29.0,ACTIVE,1068115.0,CAROUSEL,AUTOMATIQUE,3.0,32015.0,332.0,10.0,425.34,827.26,0.0104,0.9449,42.53,1.28,13.29,47.69,0.9482,9.0,727.88,7.0,0.8,0.41,PROPOSEE,AUGMENTER,19
CAMP_0014,2024-04-12,10,LINKEDIN_ADS,CONVERSION,16408.37,426.82,29.0,ACTIVE,1068115.0,CAROUSEL,AUTOMATIQUE,3.0,29509.0,186.0,4.0,404.46,317.86,0.0063,-0.2141,101.12,2.17,13.71,101.25,-0.2197,4.0,350.57,30.0,25.6,2.67,PROPOSEE,PAUSE,0
CAMP_0015,2024-06-03,1,META_ADS,NOTORIETE,9317.41,247.74,23.0,TERMINEE,342914.0,VIDEO,MANUEL,7.0,35613.0,1035.0,6.0,205.23,865.92,0.0291,3.2192,34.21,0.2,5.76,32.82,3.1991,5.0,819.78,7.0,15.9,-2.56,ACCEPTEE,AUGMENTER,18
CAMP_0015,2024-06-04,2,META_ADS,NOTORIETE,9317.41,247.74,23.0,TERMINEE,342914.0,VIDEO,MANUEL,7.0,55084.0,1719.0,10.0,206.89,441.76,0.0312,1.1352,20.69,0.12,3.76,20.84,1.0813,8.0,469.27,7.0,6.2,-10.22,REJETEE,AUGMENTER,13
CAMP_0015,2024-06-05,3,META_ADS,NOTORIETE,9317.41,247.74,23.0,TERMINEE,342914.0,VIDEO,MANUEL,7.0,15585.0,421.0,2.0,214.63,215.11,0.027,0.0022,107.31,0.51,13.77,104.52,0.0023,2.0,233.02,7.0,17.7,-0.58,APPLIQUEE,DIMINUER,18
CAMP_0015,2024-06-06,4,META_ADS,NOTORIETE,9317.41,247.74,23.0,TERMINEE,342914.0,VIDEO,MANUEL,7.0,39466.0,860.0,7.0,241.21,325.86,0.0218,0.3509,34.46,0.28,6.11,35.39,0.3565,6.0,353.24,14.0,-5.2,1.78,ACCEPTEE,AUGMENTER,14
CAMP_0015,2024-06-07,5,META_ADS,NOTORIETE,9317.41,247.74,23.0,TERMINEE,342914.0,VIDEO,MANUEL,7.0,19244.0,559.0,1.0,224.27,80.14,0.029,-0.6427,224.27,0.4,11.65,232.5,-0.6177,1.0,83.47,30.0,-4.7,-13.99,ACCEPTEE,PAUSE,0
CAMP_0015,2024-06-08,6,META_ADS,NOTORIETE,9317.41,247.74,23.0,TERMINEE,342914.0,VIDEO,MANUEL,7.0,21145.0,615.0,3.0,214.87,226.46,0.0291,0.0539,71.62,0.35,10.16,68.7,0.0539,2.0,210.29,7.0,19.8,3.28,APPLIQUEE,DIMINUER,17
CAMP_0015,2024-06-09,7,META_ADS,NOTORIETE,9317.41,247.74,23.0,TERMINEE,342914.0,VIDEO,MANUEL,7.0,49895.0,1479.0,9.0,222.33,674.11,0.0296,2.032,24.7,0.15,4.46,24.49,2.0293,8.0,672.3,7.0,-4.7,-9.55,ACCEPTEE,AUGMENTER,22
CAMP_0015,2024-06-10,8,META_ADS,NOTORIETE,9317.41,247.74,23.0,TERMINEE,342914.0,VIDEO,MANUEL,7.0,48394.0,1269.0,8.0,215.87,905.67,0.0262,3.1954,26.98,0.17,4.46,28.08,3.294,7.0,1011.56,30.0,13.0,1.3,APPLIQUEE,AUGMENTER,13
CAMP_0015,2024-06-11,9,META_ADS,NOTORIETE,9317.41,247.74,23.0,TERMINEE,342914.0,VIDEO,MANUEL,7.0,49857.0,1125.0,4.0,207.0,160.79,0.0226,-0.2232,51.75,0.18,4.15,53.59,-0.2147,3.0,164.04,30.0,18.7,5.75,APPLIQUEE,PAUSE,0
CAMP_0015,2024-06-12,10,META_ADS,NOTORIETE,9317.41,247.74,23.0,TERMINEE,342914.0,VIDEO,MANUEL,7.0,47539.0,1257.0,9.0,226.31,540.26,0.0264,1.3873,25.15,0.18,4.76,24.29,1.4208,10.0,556.47,7.0,6.5,-6.47,ACCEPTEE,AUGMENTER,10
CAMP_0016,2024-02-04,1,LINKEDIN_ADS,TRAFIC,15714.83,355.5,8.0,TERMINEE,1367497.0,VIDEO,AUTOMATIQUE,8.0,41407.0,1288.0,2.0,319.68,152.86,0.0311,-0.5218,159.84,0.25,7.72,164.01,-0.507,1.0,130.99,30.0,7.9,-11.33,APPLIQUEE,PAUSE,0
CAMP_0016,2024-02-05,2,LINKEDIN_ADS,TRAFIC,15714.83,355.5,8.0,TERMINEE,1367497.0,VIDEO,AUTOMATIQUE,8.0,24399.0,596.0,5.0,342.82,568.51,0.0244,0.6583,68.56,0.58,14.05,70.12,0.6873,4.0,506.87,7.0,21.4,6.72,REJETEE,AUGMENTER,30
CAMP_0016,2024-02-06,3,LINKEDIN_ADS,TRAFIC,15714.83,355.5,8.0,TERMINEE,1367497.0,VIDEO,AUTOMATIQUE,8.0,43306.0,753.0,5.0,309.32,632.86,0.0174,1.046,61.86,0.41,7.14,62.8,1.0426,5.0,604.11,30.0,29.1,-5.53,APPLIQUEE,AUGMENTER,20
CAMP_0016,2024-02-07,4,LINKEDIN_ADS,TRAFIC,15714.83,355.5,8.0,TERMINEE,1367497.0,VIDEO,AUTOMATIQUE,8.0,41282.0,1121.0,2.0,313.84,273.99,0.0272,-0.127,156.92,0.28,7.6,151.79,-0.1294,2.0,308.71,14.0,10.8,-8.12,APPLIQUEE,PAUSE,0
CAMP_0016,2024-02-08,5,LINKEDIN_ADS,TRAFIC,15714.83,355.5,8.0,TERMINEE,1367497.0,VIDEO,AUTOMATIQUE,8.0,38487.0,1388.0,8.0,338.31,518.51,0.0361,0.5327,42.29,0.24,8.79,41.49,0.5484,7.0,531.52,30.0,24.3,-11.35,APPLIQUEE,AUGMENTER,16
CAMP_0016,2024-02-09,6,LINKEDIN_ADS,TRAFIC,15714.83,355.5,8.0,TERMINEE,1367497.0,VIDEO,AUTOMATIQUE,8.0,36715.0,657.0,2.0,291.85,155.2,0.0179,-0.4682,145.92,0.44,7.95,142.59,-0.4597,2.0,151.65,30.0,5.6,-10.3,PROPOSEE,PAUSE,0
CAMP_0016,2024-02-10,7,LINKEDIN_ADS,TRAFIC,15714.83,355.5,8.0,TERMINEE,1367497.0,VIDEO,AUTOMATIQUE,8.0,60223.0,1135.0,11.0,308.43,1632.18,0.0188,4.2919,28.04,0.27,5.12,28.94,4.2702,9.0,1560.16,30.0,9.6,8.73,PROPOSEE,AUGMENTER,17
CAMP_0016,2024-02-11,8,LINKEDIN_ADS,TRAFIC,15714.83,355.5,8.0,TERMINEE,1367497.0,VIDEO,AUTOMATIQUE,8.0,68248.0,1842.0,11.0,315.27,504.8,0.027,0.6012,28.66,0.17,4.62,29.6,0.6099,9.0,491.14,30.0,-8.0,-14.92,PROPOSEE,AUGMENTER,23
CAMP_0016,2024-02-12,9,LINKEDIN_ADS,TRAFIC,15714.83,355.5,8.0,TERMINEE,1367497.0,VIDEO,AUTOMATIQUE,8.0,43095.0,1141.0,10.0,322.8,1126.66,0.0265,2.4902,32.28,0.28,7.49,32.05,2.412,8.0,1018.47,14.0,-3.7,4.53,APPLIQUEE,AUGMENTER,24
CAMP_0016,2024-02-13,10,LINKEDIN_ADS,TRAFIC,15714.83,355.5,8.0,TERMINEE,1367497.0,VIDEO,AUTOMATIQUE,8.0,29085.0,759.0,4.0,288.28,161.68,0.0261,-0.4392,72.07,0.38,9.91,69.35,-0.4312,3.0,144.46,14.0,23.3,3.71,REJETEE,PAUSE,0
CAMP_0017,2024-02-08,1,GOOGLE_ADS,NOTORIETE,13889.21,177.87,30.0,TERMINEE,1910738.0,CAROUSEL,AUTOMATIQUE,8.0,17560.0,505.0,2.0,145.75,125.53,0.0288,-0.1387,72.87,0.29,8.3,73.32,-0.1371,1.0,136.65,7.0,11.0,-9.9,ACCEPTEE,PAUSE,0
CAMP_0017,2024-02-09,2,GOOGLE_ADS,NOTORIETE,13889.21,177.87,30.0,TERMINEE,1910738.0,CAROUSEL,AUTOMATIQUE,8.0,32049.0,1012.0,2.0,170.22,183.61,0.0316,0.0787,85.11,0.17,5.31,88.91,0.0811,1.0,171.38,30.0,25.3,-11.48,ACCEPTEE,DIMINUER,13
CAMP_0017,2024-02-10,3,GOOGLE_ADS,NOTORIETE,13889.21,177.87,30.0,TERMINEE,1910738.0,CAROUSEL,AUTOMATIQUE,8.0,41949.0,778.0,3.0,155.49,245.88,0.0185,0.5813,51.83,0.2,3.71,50.89,0.5708,3.0,259.31,14.0,-2.9,4.23,APPLIQUEE,AUGMENTER,18
CAMP_0017,2024-02-11,4,GOOGLE_ADS,NOTORIETE,13889.21,177.87,30.0,TERMINEE,1910738.0,CAROUSEL,AUTOMATIQUE,8.0,19068.0,277.0,0.0,172.07,19.42,0.0145,-0.8872,172.07,0.62,9.02,165.52,-0.883,0.0,22.28,14.0,8.9,4.07,ACCEPTEE,PAUSE,0
CAMP_0017,2024-02-12,5,GOOGLE_ADS,NOTORIETE,13889.21,177.87,30.0,TERMINEE,1910738.0,CAROUSEL,AUTOMATIQUE,8.0,15541.0,411.0,2.0,171.05,171.08,0.0264,0.0002,85.52,0.42,11.01,86.75,0.0002,1.0,146.51,7.0,13.5,-6.3,APPLIQUEE,DIMINUER,12
CAMP_0017,2024-02-13,6,GOOGLE_ADS,NOTORIETE,13889.21,177.87,30.0,TERMINEE,1910738.0,CAROUSEL,AUTOMATIQUE,8.0,29478.0,526.0,2.0,160.89,292.44,0.0178,0.8177,80.44,0.31,5.46,76.72,0.8204,1.0,322.41,14.0,-1.0,-9.98,ACCEPTEE,AUGMENTER,30
CAMP_0017,2024-02-14,7,GOOGLE_ADS,NOTORIETE,13889.21,177.87,30.0,TERMINEE,1910738.0,CAROUSEL,AUTOMATIQUE,8.0,34765.0,1072.0,3.0,152.93,250.29,0.0308,0.6366,50.98,0.14,4.4,52.12,0.6223,2.0,248.03,14.0,23.6,9.09,REJETEE,AUGMENTER,18
CAMP_0017,2024-02-15,8,GOOGLE_ADS,NOTORIETE,13889.21,177.87,30.0,TERMINEE,1910738.0,CAROUSEL,AUTOMATIQUE,8.0,39629.0,568.0,3.0,162.63,444.31,0.0143,1.7321,54.21,0.29,4.1,51.75,1.6972,3.0,419.41,30.0,-3.6,-9.49,APPLIQUEE,AUGMENTER,18
CAMP_0017,2024-02-16,9,GOOGLE_ADS,NOTORIETE,13889.21,177.87,30.0,TERMINEE,1910738.0,CAROUSEL,AUTOMATIQUE,8.0,18050.0,560.0,5.0,148.24,316.54,0.031,1.1353,29.65,0.26,8.21,30.95,1.0902,5.0,355.52,14.0,-9.3,-9.14,ACCEPTEE,AUGMENTER,14
CAMP_0017,2024-02-17,10,GOOGLE_ADS,NOTORIETE,13889.21,177.87,30.0,TERMINEE,1910738.0,CAROUSEL,AUTOMATIQUE,8.0,16389.0,237.0,1.0,149.48,130.48,0.0145,-0.1271,149.48,0.63,9.12,152.83,-0.1236,0.0,149.8,30.0,9.4,-9.53,PROPOSEE,PAUSE,0
CAMP_0018,2024-08-18,1,GOOGLE_ADS,NOTORIETE,13608.63,462.54,16.0,TERMINEE,1474818.0,CAROUSEL,MANUEL,5.0,27806.0,427.0,3.0,444.72,148.72,0.0154,-0.6656,148.24,1.04,15.99,155.5,-0.6945,3.0,162.83,30.0,27.9,-2.26,PROPOSEE,PAUSE,0
CAMP_0018,2024-08-19,2,GOOGLE_ADS,NOTORIETE,13608.63,462.54,16.0,TERMINEE,1474818.0,CAROUSEL,MANUEL,5.0,55831.0,830.0,4.0,454.88,165.44,0.0149,-0.6363,113.72,0.55,8.15,108.89,-0.6254,4.0,146.12,14.0,27.4,-12.25,PROPOSEE,PAUSE,0
CAMP_0018,2024-08-20,3,GOOGLE_ADS,NOTORIETE,13608.63,462.54,16.0,TERMINEE,1474818.0,CAROUSEL,MANUEL,5.0,61779.0,944.0,1.0,383.88,102.33,0.0153,-0.7334,383.88,0.41,6.21,387.08,-0.7055,0.0,92.21,7.0,18.8,-1.95,PROPOSEE,PAUSE,0
CAMP_0018,2024-08-21,4,GOOGLE_ADS,NOTORIETE,13608.63,462.54,16.0,TERMINEE,1474818.0,CAROUSEL,MANUEL,5.0,42069.0,824.0,1.0,442.15,126.43,0.0196,-0.714,442.15,0.54,10.51,448.2,-0.726,1.0,139.71,14.0,17.6,-8.2,PROPOSEE,PAUSE,0
CAMP_0018,2024-08-22,5,GOOGLE_ADS,NOTORIETE,13608.63,462.54,16.0,TERMINEE,1474818.0,CAROUSEL,MANUEL,5.0,72812.0,1356.0,4.0,430.61,411.69,0.0186,-0.0439,107.65,0.32,5.91,105.73,-0.0449,3.0,410.47,14.0,16.3,4.99,ACCEPTEE,PAUSE,0
CAMP_0018,2024-08-23,6,GOOGLE_ADS,NOTORIETE,13608.63,462.54,16.0,TERMINEE,1474818.0,CAROUSEL,MANUEL,5.0,43260.0,455.0,2.0,433.01,168.38,0.0105,-0.6111,216.51,0.95,10.01,223.77,-0.5954,1.0,147.31,30.0,19.9,-14.49,ACCEPTEE,PAUSE,0
CAMP_0018,2024-08-24,7,GOOGLE_ADS,NOTORIETE,13608.63,462.54,16.0,TERMINEE,1474818.0,CAROUSEL,MANUEL,5.0,44591.0,830.0,1.0,413.99,69.54,0.0186,-0.832,413.99,0.5,9.28,395.79,-0.7915,1.0,60.68,14.0,12.7,7.12,APPLIQUEE,PAUSE,0
CAMP_0018,2024-08-25,8,GOOGLE_ADS,NOTORIETE,13608.63,462.54,16.0,TERMINEE,1474818.0,CAROUSEL,MANUEL,5.0,45093.0,560.0,2.0,448.0,268.81,0.0124,-0.4,224.0,0.8,9.94,231.03,-0.4105,1.0,236.92,7.0,-0.4,-7.93,APPLIQUEE,PAUSE,0
CAMP_0018,2024-08-26,9,GOOGLE_ADS,NOTORIETE,13608.63,462.54,16.0,TERMINEE,1474818.0,CAROUSEL,MANUEL,5.0,48840.0,961.0,3.0,438.83,375.43,0.0197,-0.1445,146.28,0.46,8.99,141.22,-0.1446,3.0,398.91,30.0,22.4,3.94,APPLIQUEE,PAUSE,0
CAMP_0018,2024-08-27,10,GOOGLE_ADS,NOTORIETE,13608.63,462.54,16.0,TERMINEE,1474818.0,CAROUSEL,MANUEL,5.0,39562.0,668.0,1.0,410.89,140.48,0.0169,-0.6581,410.89,0.62,10.39,411.44,-0.6765,0.0,160.5,30.0,16.7,-1.1,ACCEPTEE,PAUSE,0
CAMP_0019,2024-07-02,1,GOOGLE_ADS,TRAFIC,11619.52,339.57,17.0,ACTIVE,1415335.0,CAROUSEL,AUTOMATIQUE,9.0,55814.0,1417.0,6.0,275.47,762.38,0.0254,1.7675,45.91,0.19,4.94,41.61,1.689,5.0,718.27,30.0,13.0,8.11,ACCEPTEE,AUGMENTER,29
CAMP_0019,2024-07-03,2,GOOGLE_ADS,TRAFIC,11619.52,339.57,17.0,ACTIVE,1415335.0,CAROUSEL,AUTOMATIQUE,9.0,33235.0,997.0,8.0,307.26,820.43,0.03,1.6701,38.41,0.31,9.25,40.12,1.5523,9.0,880.74,7.0,15.1,9.44,APPLIQUEE,AUGMENTER,15
CAMP_0019,2024-07-04,3,GOOGLE_ADS,TRAFIC,11619.52,339.57,17.0,ACTIVE,1415335.0,CAROUSEL,AUTOMATIQUE,9.0,36250.0,1211.0,1.0,273.9,45.56,0.0334,-0.8337,273.9,0.23,7.56,234.18,-0.8272,0.0,45.24,30.0,-9.9,8.97,PROPOSEE,PAUSE,0
CAMP_0019,2024-07-05,4,GOOGLE_ADS,TRAFIC,11619.52,339.57,17.0,ACTIVE,1415335.0,CAROUSEL,AUTOMATIQUE,9.0,49819.0,972.0,5.0,298.61,707.69,0.0195,1.3699,59.72,0.31,5.99,58.87,1.3057,5.0,619.38,14.0,20.7,4.24,APPLIQUEE,AUGMENTER,20
CAMP_0019,2024-07-06,5,GOOGLE_ADS,TRAFIC,11619.52,339.57,17.0,ACTIVE,1415335.0,CAROUSEL,AUTOMATIQUE,9.0,71872.0,1466.0,7.0,336.89,645.43,0.0204,0.9158,48.13,0.23,4.69,43.97,0.8969,6.0,613.24,14.0,12.7,-14.96,REJETEE,AUGMENTER,23
CAMP_0019,2024-07-07,6,GOOGLE_ADS,TRAFIC,11619.52,339.57,17.0,ACTIVE,1415335.0,CAROUSEL,AUTOMATIQUE,9.0,72939.0,1641.0,5.0,328.08,249.72,0.0225,-0.2389,65.62,0.2,4.5,61.14,-0.2197,5.0,267.1,14.0,-2.3,-12.29,APPLIQUEE,PAUSE,0
CAMP_0019,2024-07-08,7,GOOGLE_ADS,TRAFIC,11619.52,339.57,17.0,ACTIVE,1415335.0,CAROUSEL,AUTOMATIQUE,9.0,36801.0,605.0,4.0,286.21,257.39,0.0164,-0.1007,71.55,0.47,7.78,64.98,-0.0944,3.0,240.09,30.0,2.3,4.1,REJETEE,PAUSE,0
CAMP_0019,2024-07-09,8,GOOGLE_ADS,TRAFIC,11619.52,339.57,17.0,ACTIVE,1415335.0,CAROUSEL,AUTOMATIQUE,9.0,47008.0,925.0,5.0,330.38,731.93,0.0197,1.2154,66.08,0.36,7.03,65.95,1.1993,5.0,764.06,7.0,17.8,-8.2,APPLIQUEE,AUGMENTER,18
CAMP_0019,2024-07-10,9,GOOGLE_ADS,TRAFIC,11619.52,339.57,17.0,ACTIVE,1415335.0,CAROUSEL,AUTOMATIQUE,9.0,61631.0,1551.0,3.0,326.05,193.84,0.0252,-0.4055,108.68,0.21,5.29,99.54,-0.3693,2.0,180.24,7.0,-2.0,-4.95,APPLIQUEE,PAUSE,0
CAMP_0019,2024-07-11,10,GOOGLE_ADS,TRAFIC,11619.52,339.57,17.0,ACTIVE,1415335.0,CAROUSEL,AUTOMATIQUE,9.0,73509.0,2560.0,18.0,290.36,2493.06,0.0348,7.5861,16.13,0.11,3.95,16.29,7.2454,20.0,2642.28,14.0,12.6,-6.08,ACCEPTEE,AUGMENTER,29
CAMP_0020,2024-04-10,1,TIKTOK_ADS,CONVERSION,7889.36,131.12,13.0,PAUSE,1997404.0,VIDEO,AUTOMATIQUE,6.0,28893.0,479.0,14.0,121.25,1460.11,0.0166,11.0422,8.66,0.25,4.2,8.38,10.1617,15.0,1626.36,14.0,8.9,-10.09,ACCEPTEE,AUGMENTER,22
CAMP_0020,2024-04-11,2,TIKTOK_ADS,CONVERSION,7889.36,131.12,13.0,PAUSE,1997404.0,VIDEO,AUTOMATIQUE,6.0,16316.0,480.0,15.0,120.47,1066.42,0.0294,7.8523,8.03,0.25,7.38,8.02,7.3357,13.0,1110.22,30.0,3.0,6.44,PROPOSEE,AUGMENTER,17
CAMP_0020,2024-04-12,3,TIKTOK_ADS,CONVERSION,7889.36,131.12,13.0,PAUSE,1997404.0,VIDEO,AUTOMATIQUE,6.0,25268.0,470.0,10.0,112.16,1121.73,0.0186,9.0014,11.22,0.24,4.44,11.54,9.4225,8.0,1122.82,30.0,8.9,-8.97,PROPOSEE,AUGMENTER,21
CAMP_0020,2024-04-13,4,TIKTOK_ADS,CONVERSION,7889.36,131.12,13.0,PAUSE,1997404.0,VIDEO,AUTOMATIQUE,6.0,36601.0,588.0,11.0,106.38,1477.35,0.0161,12.8869,9.67,0.18,2.91,10.02,13.5031,12.0,1560.64,7.0,9.7,-4.23,REJETEE,AUGMENTER,20
CAMP_0020,2024-04-14,5,TIKTOK_ADS,CONVERSION,7889.36,131.12,13.0,PAUSE,1997404.0,VIDEO,AUTOMATIQUE,6.0,25450.0,466.0,5.0,117.94,362.58,0.0183,2.0743,23.59,0.25,4.63,22.28,1.8957,4.0,406.08,7.0,-9.3,-13.09,PROPOSEE,AUGMENTER,27
CAMP_0020,2024-04-15,6,TIKTOK_ADS,CONVERSION,7889.36,131.12,13.0,PAUSE,1997404.0,VIDEO,AUTOMATIQUE,6.0,32998.0,841.0,41.0,126.3,3187.68,0.0255,24.2399,3.08,0.15,3.83,3.51,25.0448,39.0,2729.44,14.0,25.8,-9.22,PROPOSEE,AUGMENTER,28
CAMP_0020,2024-04-16,7,TIKTOK_ADS,CONVERSION,7889.36,131.12,13.0,PAUSE,1997404.0,VIDEO,AUTOMATIQUE,6.0,30473.0,725.0,34.0,114.3,2482.73,0.0238,20.7217,3.36,0.16,3.75,3.74,19.3571,37.0,2117.57,14.0,-1.8,-4.69,APPLIQUEE,AUGMENTER,11
CAMP_0020,2024-04-17,8,TIKTOK_ADS,CONVERSION,7889.36,131.12,13.0,PAUSE,1997404.0,VIDEO,AUTOMATIQUE,6.0,15423.0,345.0,9.0,124.33,1077.93,0.0224,7.6702,13.81,0.36,8.06,15.76,7.7978,8.0,996.28,7.0,-5.9,9.74,ACCEPTEE,AUGMENTER,12
CAMP_0020,2024-04-18,9,TIKTOK_ADS,CONVERSION,7889.36,131.12,13.0,PAUSE,1997404.0,VIDEO,AUTOMATIQUE,6.0,33774.0,982.0,35.0,110.72,2259.81,0.0291,19.4093,3.16,0.11,3.28,2.73,17.5359,37.0,2117.89,7.0,7.7,-11.61,PROPOSEE,AUGMENTER,27
CAMP_0020,2024-04-19,10,TIKTOK_ADS,CONVERSION,7889.36,131.12,13.0,PAUSE,1997404.0,VIDEO,AUTOMATIQUE,6.0,29729.0,834.0,27.0,117.06,1429.81,0.0281,11.2146,4.34,0.14,3.94,4.37,10.4684,23.0,1255.62,14.0,-1.3,-12.58,PROPOSEE,AUGMENTER,16
CAMP_0021,2024-03-03,1,META_ADS,CONVERSION,2466.14,429.99,10.0,TERMINEE,1626641.0,CAROUSEL,AUTOMATIQUE,8.0,39315.0,995.0,34.0,384.6,2087.59,0.0253,4.4279,11.31,0.39,9.78,11.04,4.4219,33.0,1994.14,30.0,-9.5,-0.31,PROPOSEE,AUGMENTER,18
CAMP_0021,2024-03-04,2,META_ADS,CONVERSION,2466.14,429.99,10.0,TERMINEE,1626641.0,CAROUSEL,AUTOMATIQUE,8.0,43151.0,1128.0,29.0,418.88,1640.98,0.0261,2.9175,14.44,0.37,9.71,14.84,3.0216,27.0,1744.44,30.0,29.7,1.08,ACCEPTEE,AUGMENTER,13
CAMP_0021,2024-03-05,3,META_ADS,CONVERSION,2466.14,429.99,10.0,TERMINEE,1626641.0,CAROUSEL,AUTOMATIQUE,8.0,122679.0,2451.0,112.0,428.84,6244.52,0.02,13.5614,3.83,0.17,3.5,3.88,13.0839,94.0,6592.56,30.0,25.7,-12.66,APPLIQUEE,AUGMENTER,24
CAMP_0021,2024-03-06,4,META_ADS,CONVERSION,2466.14,429.99,10.0,TERMINEE,1626641.0,CAROUSEL,AUTOMATIQUE,8.0,78014.0,1327.0,30.0,428.84,2234.27,0.017,4.21,14.29,0.32,5.5,13.92,4.3115,35.0,2138.55,7.0,14.5,-12.66,PROPOSEE,AUGMENTER,17
CAMP_0021,2024-03-07,5,META_ADS,CONVERSION,2466.14,429.99,10.0,TERMINEE,1626641.0,CAROUSEL,AUTOMATIQUE,8.0,33927.0,745.0,30.0,393.55,1722.84,0.022,3.3777,13.12,0.53,11.6,13.3,3.5349,32.0,1564.6,14.0,21.6,-1.58,ACCEPTEE,AUGMENTER,18
CAMP_0021,2024-03-08,6,META_ADS,CONVERSION,2466.14,429.99,10.0,TERMINEE,1626641.0,CAROUSEL,AUTOMATIQUE,8.0,75313.0,2106.0,57.0,380.92,4969.99,0.028,12.0473,6.68,0.18,5.06,6.46,12.5416,66.0,4894.35,30.0,27.5,-8.97,PROPOSEE,AUGMENTER,30
CAMP_0021,2024-03-09,7,META_ADS,CONVERSION,2466.14,429.99,10.0,TERMINEE,1626641.0,CAROUSEL,AUTOMATIQUE,8.0,68152.0,940.0,36.0,425.7,4972.35,0.0138,10.6805,11.82,0.45,6.25,11.59,10.1904,37.0,5636.56,14.0,17.6,-1.47,PROPOSEE,AUGMENTER,25
CAMP_0021,2024-03-10,8,META_ADS,CONVERSION,2466.14,429.99,10.0,TERMINEE,1626641.0,CAROUSEL,AUTOMATIQUE,8.0,69794.0,1634.0,16.0,407.08,1038.23,0.0234,1.5504,25.44,0.25,5.83,25.61,1.5958,16.0,1017.5,14.0,27.0,-2.76,APPLIQUEE,AUGMENTER,10
CAMP_0021,2024-03-11,9,META_ADS,CONVERSION,2466.14,429.99,10.0,TERMINEE,1626641.0,CAROUSEL,AUTOMATIQUE,8.0,79679.0,1547.0,46.0,370.32,2170.35,0.0194,4.8608,8.05,0.24,4.65,8.02,4.6908,36.0,2448.52,7.0,21.8,7.19,REJETEE,AUGMENTER,16
CAMP_0021,2024-03-12,10,META_ADS,CONVERSION,2466.14,429.99,10.0,TERMINEE,1626641.0,CAROUSEL,AUTOMATIQUE,8.0,36882.0,1145.0,35.0,389.07,3069.61,0.031,6.8897,11.12,0.34,10.55,10.64,6.7483,37.0,2888.79,14.0,-6.5,-0.43,REJETEE,AUGMENTER,13
CAMP_0022,2024-04-11,1,META_ADS,NOTORIETE,8157.68,123.01,29.0,TERMINEE,1706687.0,IMAGE,MANUEL,3.0,10497.0,42.0,0.0,116.86,3.85,0.004,-0.967,116.86,2.78,11.13,114.59,-0.9603,0.0,3.42,14.0,27.0,-8.06,ACCEPTEE,PAUSE,0
CAMP_0022,2024-04-12,2,META_ADS,NOTORIETE,8157.68,123.01,29.0,TERMINEE,1706687.0,IMAGE,MANUEL,3.0,8386.0,57.0,0.0,122.64,5.18,0.0068,-0.9578,122.64,2.15,14.62,126.14,-0.958,0.0,4.95,14.0,7.1,-6.28,REJETEE,PAUSE,0
CAMP_0022,2024-04-13,3,META_ADS,NOTORIETE,8157.68,123.01,29.0,TERMINEE,1706687.0,IMAGE,MANUEL,3.0,3271.0,18.0,0.0,117.9,8.85,0.0055,-0.925,117.9,6.55,36.04,123.75,-0.8969,0.0,9.42,7.0,4.3,-3.69,APPLIQUEE,PAUSE,0
CAMP_0022,2024-04-14,4,META_ADS,NOTORIETE,8157.68,123.01,29.0,TERMINEE,1706687.0,IMAGE,MANUEL,3.0,8830.0,59.0,0.0,99.59,2.15,0.0067,-0.9784,99.59,1.69,11.28,97.09,-0.9959,0.0,2.13,14.0,17.8,-14.33,ACCEPTEE,PAUSE,0
CAMP_0022,2024-04-15,5,META_ADS,NOTORIETE,8157.68,123.01,29.0,TERMINEE,1706687.0,IMAGE,MANUEL,3.0,8345.0,30.0,0.0,101.45,5.13,0.0036,-0.9495,101.45,3.38,12.16,102.43,-0.9185,0.0,5.73,14.0,-6.1,0.68,REJETEE,PAUSE,0
CAMP_0022,2024-04-16,6,META_ADS,NOTORIETE,8157.68,123.01,29.0,TERMINEE,1706687.0,IMAGE,MANUEL,3.0,9529.0,41.0,0.0,108.76,2.2,0.0043,-0.9798,108.76,2.65,11.41,106.04,-0.9716,0.0,1.96,7.0,-9.1,-8.12,APPLIQUEE,PAUSE,0
CAMP_0022,2024-04-17,7,META_ADS,NOTORIETE,8157.68,123.01,29.0,TERMINEE,1706687.0,IMAGE,MANUEL,3.0,8135.0,49.0,0.0,120.52,12.33,0.006,-0.8977,120.52,2.46,14.81,121.07,-0.8866,0.0,13.91,14.0,-3.1,-11.08,REJETEE,PAUSE,0
CAMP_0022,2024-04-18,8,META_ADS,NOTORIETE,8157.68,123.01,29.0,TERMINEE,1706687.0,IMAGE,MANUEL,3.0,9188.0,42.0,0.0,113.39,17.64,0.0046,-0.8444,113.39,2.7,12.34,113.43,-0.86,0.0,17.33,14.0,19.5,3.31,PROPOSEE,PAUSE,0
CAMP_0022,2024-04-19,9,META_ADS,NOTORIETE,8157.68,123.01,29.0,TERMINEE,1706687.0,IMAGE,MANUEL,3.0,9268.0,70.0,0.0,102.35,11.22,0.0076,-0.8904,102.35,1.46,11.04,97.52,-0.8956,0.0,12.77,14.0,-2.2,-9.77,PROPOSEE,PAUSE,0
CAMP_0022,2024-04-20,10,META_ADS,NOTORIETE,8157.68,123.01,29.0,TERMINEE,1706687.0,IMAGE,MANUEL,3.0,10328.0,65.0,0.0,98.72,1.76,0.0063,-0.9822,98.72,1.52,9.56,101.55,-0.9901,0.0,1.82,14.0,-4.7,-3.48,APPLIQUEE,PAUSE,0
CAMP_0023,2024-10-19,1,LINKEDIN_ADS,TRAFIC,13850.9,156.89,21.0,TERMINEE,607537.0,CAROUSEL,MANUEL,6.0,10470.0,178.0,1.0,127.87,119.59,0.017,-0.0647,127.87,0.72,12.21,131.13,-0.064,1.0,133.14,7.0,16.5,-9.36,PROPOSEE,PAUSE,0
CAMP_0023,2024-10-20,2,LINKEDIN_ADS,TRAFIC,13850.9,156.89,21.0,TERMINEE,607537.0,CAROUSEL,MANUEL,6.0,24986.0,413.0,1.0,127.08,129.45,0.0165,0.0186,127.08,0.31,5.09,131.39,0.0178,1.0,144.01,14.0,-8.7,3.14,PROPOSEE,DIMINUER,14
CAMP_0023,2024-10-21,3,LINKEDIN_ADS,TRAFIC,13850.9,156.89,21.0,TERMINEE,607537.0,CAROUSEL,MANUEL,6.0,23702.0,360.0,1.0,129.15,133.64,0.0152,0.0348,129.15,0.36,5.45,130.0,0.0355,0.0,137.42,14.0,4.7,3.91,ACCEPTEE,DIMINUER,16
CAMP_0023,2024-10-22,4,LINKEDIN_ADS,TRAFIC,13850.9,156.89,21.0,TERMINEE,607537.0,CAROUSEL,MANUEL,6.0,16709.0,203.0,0.0,153.58,29.34,0.0121,-0.809,153.58,0.76,9.19,146.72,-0.7851,0.0,29.44,30.0,20.4,5.87,REJETEE,PAUSE,0
CAMP_0023,2024-10-23,5,LINKEDIN_ADS,TRAFIC,13850.9,156.89,21.0,TERMINEE,607537.0,CAROUSEL,MANUEL,6.0,11113.0,171.0,0.0,138.07,12.61,0.0154,-0.9087,138.07,0.81,12.42,140.0,-0.8773,0.0,11.56,30.0,7.3,2.2,ACCEPTEE,PAUSE,0
CAMP_0023,2024-10-24,6,LINKEDIN_ADS,TRAFIC,13850.9,156.89,21.0,TERMINEE,607537.0,CAROUSEL,MANUEL,6.0,19657.0,331.0,2.0,130.75,109.15,0.0168,-0.1652,65.37,0.4,6.65,66.6,-0.1588,2.0,119.16,30.0,23.3,-11.02,REJETEE,PAUSE,0
CAMP_0023,2024-10-25,7,LINKEDIN_ADS,TRAFIC,13850.9,156.89,21.0,TERMINEE,607537.0,CAROUSEL,MANUEL,6.0,17379.0,379.0,3.0,140.66,307.75,0.0218,1.188,46.89,0.37,8.09,45.03,1.1315,2.0,270.53,7.0,-9.7,-5.64,PROPOSEE,AUGMENTER,22
CAMP_0023,2024-10-26,8,LINKEDIN_ADS,TRAFIC,13850.9,156.89,21.0,TERMINEE,607537.0,CAROUSEL,MANUEL,6.0,14453.0,303.0,2.0,153.12,240.0,0.021,0.5674,76.56,0.51,10.59,80.26,0.5856,2.0,225.59,14.0,-3.0,6.07,ACCEPTEE,AUGMENTER,27
CAMP_0023,2024-10-27,9,LINKEDIN_ADS,TRAFIC,13850.9,156.89,21.0,TERMINEE,607537.0,CAROUSEL,MANUEL,6.0,22544.0,382.0,1.0,127.5,112.05,0.0169,-0.1212,127.5,0.33,5.66,128.99,-0.1204,1.0,118.15,30.0,6.8,-12.88,REJETEE,PAUSE,0
CAMP_0023,2024-10-28,10,LINKEDIN_ADS,TRAFIC,13850.9,156.89,21.0,TERMINEE,607537.0,CAROUSEL,MANUEL,6.0,9109.0,159.0,1.0,132.54,145.13,0.0175,0.095,132.54,0.83,14.55,132.69,0.0969,1.0,151.99,7.0,-1.5,-11.16,REJETEE,DIMINUER,15
CAMP_0024,2024-03-15,1,META_ADS,TRAFIC,19346.34,402.97,13.0,PAUSE,1432512.0,CAROUSEL,MANUEL,10.0,118999.0,3451.0,22.0,357.26,2638.5,0.029,6.3854,16.24,0.1,3.0,14.78,6.3605,20.0,2321.9,30.0,7.4,2.49,REJETEE,AUGMENTER,13
CAMP_0024,2024-03-16,2,META_ADS,TRAFIC,19346.34,402.97,13.0,PAUSE,1432512.0,CAROUSEL,MANUEL,10.0,83613.0,2701.0,6.0,388.98,828.76,0.0323,1.1306,64.83,0.14,4.65,64.69,1.1685,5.0,877.9,7.0,0.6,-1.99,PROPOSEE,AUGMENTER,15
CAMP_0024,2024-03-17,3,META_ADS,TRAFIC,19346.34,402.97,13.0,PAUSE,1432512.0,CAROUSEL,MANUEL,10.0,105278.0,1832.0,10.0,360.2,945.42,0.0174,1.6247,36.02,0.2,3.42,35.63,1.7266,8.0,883.99,7.0,25.4,-1.73,REJETEE,AUGMENTER,27
CAMP_0024,2024-03-18,4,META_ADS,TRAFIC,19346.34,402.97,13.0,PAUSE,1432512.0,CAROUSEL,MANUEL,10.0,49779.0,1708.0,6.0,344.79,574.57,0.0343,0.6664,57.47,0.2,6.93,58.58,0.6012,5.0,599.58,30.0,26.0,7.93,PROPOSEE,AUGMENTER,28
CAMP_0024,2024-03-19,5,META_ADS,TRAFIC,19346.34,402.97,13.0,PAUSE,1432512.0,CAROUSEL,MANUEL,10.0,95402.0,2461.0,4.0,358.17,412.14,0.0258,0.1507,89.54,0.15,3.75,92.76,0.1369,4.0,469.36,14.0,25.5,-11.07,ACCEPTEE,DIMINUER,20
CAMP_0024,2024-03-20,6,META_ADS,TRAFIC,19346.34,402.97,13.0,PAUSE,1432512.0,CAROUSEL,MANUEL,10.0,43904.0,1252.0,12.0,382.44,503.46,0.0285,0.3164,31.87,0.31,8.71,35.53,0.3138,9.0,451.85,30.0,16.4,-9.61,REJETEE,AUGMENTER,13
CAMP_0024,2024-03-21,7,META_ADS,TRAFIC,19346.34,402.97,13.0,PAUSE,1432512.0,CAROUSEL,MANUEL,10.0,74241.0,1333.0,11.0,386.19,1605.44,0.018,3.1571,35.11,0.29,5.2,38.86,3.1591,10.0,1704.76,14.0,7.0,0.27,PROPOSEE,AUGMENTER,24
CAMP_0024,2024-03-22,8,META_ADS,TRAFIC,19346.34,402.97,13.0,PAUSE,1432512.0,CAROUSEL,MANUEL,10.0,93964.0,3522.0,24.0,359.14,1859.86,0.0375,4.1786,14.96,0.1,3.82,15.02,3.9066,20.0,1946.86,30.0,1.2,-8.49,PROPOSEE,AUGMENTER,24
CAMP_0024,2024-03-23,9,META_ADS,TRAFIC,19346.34,402.97,13.0,PAUSE,1432512.0,CAROUSEL,MANUEL,10.0,121523.0,4351.0,17.0,384.23,1801.91,0.0358,3.6897,22.6,0.09,3.16,21.51,3.8485,18.0,1682.09,30.0,27.0,4.96,ACCEPTEE,AUGMENTER,16
CAMP_0024,2024-03-24,10,META_ADS,TRAFIC,19346.34,402.97,13.0,PAUSE,1432512.0,CAROUSEL,MANUEL,10.0,96193.0,2447.0,4.0,375.48,160.97,0.0254,-0.5713,93.87,0.15,3.9,88.32,-0.5592,4.0,167.98,14.0,23.4,-10.09,REJETEE,PAUSE,0
CAMP_0025,2024-05-20,1,TIKTOK_ADS,TRAFIC,10555.23,238.4,12.0,ACTIVE,1690362.0,CAROUSEL,AUTOMATIQUE,7.0,45960.0,1139.0,4.0,195.79,554.63,0.0248,1.8328,48.95,0.17,4.26,55.74,1.8716,3.0,589.32,30.0,5.0,-1.61,ACCEPTEE,AUGMENTER,19
CAMP_0025,2024-05-21,2,TIKTOK_ADS,TRAFIC,10555.23,238.4,12.0,ACTIVE,1690362.0,CAROUSEL,AUTOMATIQUE,7.0,54044.0,1290.0,4.0,200.06,213.13,0.0239,0.0653,50.02,0.16,3.7,54.15,0.0656,3.0,201.88,30.0,25.0,-12.12,REJETEE,DIMINUER,12
CAMP_0025,2024-05-22,3,TIKTOK_ADS,TRAFIC,10555.23,238.4,12.0,ACTIVE,1690362.0,CAROUSEL,AUTOMATIQUE,7.0,52569.0,1324.0,5.0,226.82,225.58,0.0252,-0.0055,45.36,0.17,4.31,43.29,-0.0056,4.0,194.78,30.0,17.8,7.52,ACCEPTEE,PAUSE,0
CAMP_0025,2024-05-23,4,TIKTOK_ADS,TRAFIC,10555.23,238.4,12.0,ACTIVE,1690362.0,CAROUSEL,AUTOMATIQUE,7.0,70143.0,980.0,5.0,218.82,477.31,0.014,1.1813,43.76,0.22,3.12,39.29,1.086,4.0,539.49,14.0,19.5,-1.66,REJETEE,AUGMENTER,17
CAMP_0025,2024-05-24,5,TIKTOK_ADS,TRAFIC,10555.23,238.4,12.0,ACTIVE,1690362.0,CAROUSEL,AUTOMATIQUE,7.0,60007.0,1426.0,6.0,218.62,850.08,0.0238,2.8884,36.44,0.15,3.64,34.51,2.7333,6.0,956.49,7.0,12.4,-5.13,APPLIQUEE,AUGMENTER,13
CAMP_0025,2024-05-25,6,TIKTOK_ADS,TRAFIC,10555.23,238.4,12.0,ACTIVE,1690362.0,CAROUSEL,AUTOMATIQUE,7.0,64913.0,1497.0,12.0,195.66,1347.93,0.0231,5.8892,16.3,0.13,3.01,14.37,6.3377,13.0,1301.06,14.0,13.2,3.44,REJETEE,AUGMENTER,30
CAMP_0025,2024-05-26,7,TIKTOK_ADS,TRAFIC,10555.23,238.4,12.0,ACTIVE,1690362.0,CAROUSEL,AUTOMATIQUE,7.0,49759.0,1298.0,8.0,223.74,538.45,0.0261,1.4066,27.97,0.17,4.5,31.51,1.2834,7.0,463.73,30.0,-7.9,-10.51,PROPOSEE,AUGMENTER,14
CAMP_0025,2024-05-27,8,TIKTOK_ADS,TRAFIC,10555.23,238.4,12.0,ACTIVE,1690362.0,CAROUSEL,AUTOMATIQUE,7.0,47261.0,789.0,1.0,219.45,137.51,0.0167,-0.3734,219.45,0.28,4.64,191.33,-0.3931,1.0,151.56,7.0,25.0,4.97,PROPOSEE,PAUSE,0
CAMP_0025,2024-05-28,9,TIKTOK_ADS,TRAFIC,10555.23,238.4,12.0,ACTIVE,1690362.0,CAROUSEL,AUTOMATIQUE,7.0,53344.0,1107.0,8.0,217.11,511.26,0.0208,1.3548,27.14,0.2,4.07,25.68,1.4086,7.0,586.24,30.0,26.3,-2.29,APPLIQUEE,AUGMENTER,17
CAMP_0025,2024-05-29,10,TIKTOK_ADS,TRAFIC,10555.23,238.4,12.0,ACTIVE,1690362.0,CAROUSEL,AUTOMATIQUE,7.0,45077.0,1036.0,2.0,224.59,294.54,0.023,0.3114,112.3,0.22,4.98,114.2,0.2924,1.0,310.34,7.0,25.4,-8.96,REJETEE,AUGMENTER,13
CAMP_0026,2024-01-01,1,GOOGLE_ADS,NOTORIETE,10131.22,217.05,10.0,TERMINEE,1783964.0,CAROUSEL,AUTOMATIQUE,7.0,21724.0,449.0,3.0,206.67,305.55,0.0207,0.4785,68.89,0.46,9.51,66.04,0.4557,3.0,333.84,7.0,3.6,-1.56,REJETEE,AUGMENTER,6
CAMP_0026,2024-01-02,2,GOOGLE_ADS,NOTORIETE,10131.22,217.05,10.0,TERMINEE,1783964.0,CAROUSEL,AUTOMATIQUE,7.0,35668.0,965.0,6.0,212.44,592.38,0.0271,1.7884,35.41,0.22,5.96,34.91,1.772,4.0,528.5,7.0,0.4,-1.28,ACCEPTEE,AUGMENTER,18
CAMP_0026,2024-01-03,3,GOOGLE_ADS,NOTORIETE,10131.22,217.05,10.0,TERMINEE,1783964.0,CAROUSEL,AUTOMATIQUE,7.0,33699.0,632.0,1.0,190.17,45.84,0.0188,-0.759,190.17,0.3,5.64,192.87,-0.7587,0.0,49.0,30.0,23.1,-13.9,REJETEE,PAUSE,0
CAMP_0026,2024-01-04,4,GOOGLE_ADS,NOTORIETE,10131.22,217.05,10.0,TERMINEE,1783964.0,CAROUSEL,AUTOMATIQUE,7.0,18845.0,306.0,3.0,203.31,168.32,0.0162,-0.1721,67.77,0.66,10.79,70.48,-0.1782,2.0,160.85,30.0,9.6,5.95,ACCEPTEE,PAUSE,0
CAMP_0026,2024-01-05,5,GOOGLE_ADS,NOTORIETE,10131.22,217.05,10.0,TERMINEE,1783964.0,CAROUSEL,AUTOMATIQUE,7.0,15056.0,369.0,2.0,189.21,179.57,0.0245,-0.0509,94.61,0.51,12.57,90.62,-0.0523,2.0,199.72,30.0,-4.4,4.75,APPLIQUEE,PAUSE,0
CAMP_0026,2024-01-06,6,GOOGLE_ADS,NOTORIETE,10131.22,217.05,10.0,TERMINEE,1783964.0,CAROUSEL,AUTOMATIQUE,7.0,34754.0,792.0,2.0,201.73,165.56,0.0228,-0.1793,100.87,0.25,5.8,96.05,-0.1851,1.0,170.6,14.0,18.0,-12.77,APPLIQUEE,PAUSE,0
CAMP_0026,2024-01-07,7,GOOGLE_ADS,NOTORIETE,10131.22,217.05,10.0,TERMINEE,1783964.0,CAROUSEL,AUTOMATIQUE,7.0,33128.0,819.0,5.0,175.68,409.87,0.0247,1.3331,35.14,0.21,5.3,36.78,1.2764,4.0,392.4,7.0,15.0,-13.21,PROPOSEE,AUGMENTER,14
CAMP_0026,2024-01-08,8,GOOGLE_ADS,NOTORIETE,10131.22,217.05,10.0,TERMINEE,1783964.0,CAROUSEL,AUTOMATIQUE,7.0,29914.0,736.0,7.0,175.98,852.63,0.0246,3.8451,25.14,0.24,5.88,25.44,3.8628,8.0,852.64,14.0,11.9,3.44,PROPOSEE,AUGMENTER,30
CAMP_0026,2024-01-09,9,GOOGLE_ADS,NOTORIETE,10131.22,217.05,10.0,TERMINEE,1783964.0,CAROUSEL,AUTOMATIQUE,7.0,24445.0,633.0,3.0,183.43,329.15,0.0259,0.7944,61.14,0.29,7.5,58.27,0.7815,3.0,377.03,30.0,8.4,2.03,PROPOSEE,AUGMENTER,20
CAMP_0026,2024-01-10,10,GOOGLE_ADS,NOTORIETE,10131.22,217.05,10.0,TERMINEE,1783964.0,CAROUSEL,AUTOMATIQUE,7.0,38053.0,680.0,5.0,182.17,598.7,0.0179,2.2865,36.43,0.27,4.79,37.58,2.2475,5.0,533.91,30.0,-8.8,4.14,ACCEPTEE,AUGMENTER,20
CAMP_0027,2024-09-02,1,GOOGLE_ADS,CONVERSION,6183.03,457.39,11.0,PAUSE,202337.0,IMAGE,MANUEL,8.0,60566.0,864.0,11.0,453.96,1329.45,0.0143,1.9286,41.27,0.53,7.5,44.46,2.0876,9.0,1326.88,30.0,21.0,2.27,REJETEE,AUGMENTER,10
CAMP_0027,2024-09-03,2,GOOGLE_ADS,CONVERSION,6183.03,457.39,11.0,PAUSE,202337.0,IMAGE,MANUEL,8.0,41321.0,396.0,8.0,380.63,1064.49,0.0096,1.7966,47.58,0.96,9.21,53.35,1.8696,8.0,916.11,7.0,-6.7,-10.88,ACCEPTEE,AUGMENTER,10
CAMP_0027,2024-09-04,3,GOOGLE_ADS,CONVERSION,6183.03,457.39,11.0,PAUSE,202337.0,IMAGE,MANUEL,8.0,43479.0,629.0,7.0,450.86,739.6,0.0145,0.6404,64.41,0.72,10.37,73.1,0.653,7.0,646.54,30.0,13.4,-12.93,APPLIQUEE,AUGMENTER,30
CAMP_0027,2024-09-05,4,GOOGLE_ADS,CONVERSION,6183.03,457.39,11.0,PAUSE,202337.0,IMAGE,MANUEL,8.0,106003.0,1726.0,38.0,438.17,3819.67,0.0163,7.7173,11.53,0.25,4.13,11.46,7.1454,41.0,3365.96,14.0,9.2,5.13,ACCEPTEE,AUGMENTER,16
CAMP_0027,2024-09-06,5,GOOGLE_ADS,CONVERSION,6183.03,457.39,11.0,PAUSE,202337.0,IMAGE,MANUEL,8.0,42350.0,729.0,35.0,413.54,4427.09,0.0172,9.7055,11.82,0.57,9.76,11.85,9.9973,34.0,4166.0,7.0,21.3,-1.52,PROPOSEE,AUGMENTER,24
CAMP_0027,2024-09-07,6,GOOGLE_ADS,CONVERSION,6183.03,457.39,11.0,PAUSE,202337.0,IMAGE,MANUEL,8.0,46390.0,712.0,17.0,446.72,1920.44,0.0153,3.2989,26.28,0.63,9.63,22.51,3.0055,18.0,2099.83,30.0,-7.7,0.77,REJETEE,AUGMENTER,21
CAMP_0027,2024-09-08,7,GOOGLE_ADS,CONVERSION,6183.03,457.39,11.0,PAUSE,202337.0,IMAGE,MANUEL,8.0,71774.0,897.0,31.0,409.35,3154.15,0.0125,6.7052,13.2,0.46,5.7,13.63,6.5435,33.0,2698.15,14.0,-9.0,-11.26,REJETEE,AUGMENTER,29
CAMP_0027,2024-09-09,8,GOOGLE_ADS,CONVERSION,6183.03,457.39,11.0,PAUSE,202337.0,IMAGE,MANUEL,8.0,77512.0,1283.0,30.0,387.9,3319.47,0.0166,7.5576,12.93,0.3,5.0,11.19,7.9592,32.0,3249.48,14.0,2.5,1.8,PROPOSEE,AUGMENTER,21
CAMP_0027,2024-09-10,9,GOOGLE_ADS,CONVERSION,6183.03,457.39,11.0,PAUSE,202337.0,IMAGE,MANUEL,8.0,84709.0,1010.0,45.0,400.8,5741.22,0.0119,13.3244,8.91,0.4,4.73,9.04,12.3,38.0,5940.42,14.0,15.8,3.81,REJETEE,AUGMENTER,26
CAMP_0027,2024-09-11,10,GOOGLE_ADS,CONVERSION,6183.03,457.39,11.0,PAUSE,202337.0,IMAGE,MANUEL,8.0,48909.0,590.0,6.0,413.19,748.53,0.0121,0.8116,68.87,0.7,8.45,65.81,0.7861,7.0,689.73,7.0,-3.6,-1.36,ACCEPTEE,AUGMENTER,18
CAMP_0028,2024-11-08,1,GOOGLE_ADS,TRAFIC,2011.88,275.9,14.0,PAUSE,181139.0,VIDEO,AUTOMATIQUE,3.0,16702.0,180.0,0.0,256.67,16.44,0.0108,-0.9359,256.67,1.43,15.37,263.49,-0.8848,0.0,18.36,30.0,-4.1,1.7,PROPOSEE,PAUSE,0
CAMP_0028,2024-11-09,2,GOOGLE_ADS,TRAFIC,2011.88,275.9,14.0,PAUSE,181139.0,VIDEO,AUTOMATIQUE,3.0,11458.0,83.0,0.0,250.14,31.36,0.0072,-0.8746,250.14,3.01,21.83,255.25,-0.9605,0.0,33.43,7.0,11.6,-7.82,REJETEE,PAUSE,0
CAMP_0028,2024-11-10,3,GOOGLE_ADS,TRAFIC,2011.88,275.9,14.0,PAUSE,181139.0,VIDEO,AUTOMATIQUE,3.0,10416.0,123.0,0.0,266.83,10.97,0.0118,-0.9589,266.83,2.17,25.62,232.94,-0.8873,0.0,9.47,14.0,10.9,4.2,APPLIQUEE,PAUSE,0
CAMP_0028,2024-11-11,4,GOOGLE_ADS,TRAFIC,2011.88,275.9,14.0,PAUSE,181139.0,VIDEO,AUTOMATIQUE,3.0,24119.0,336.0,1.0,265.79,47.93,0.0139,-0.8197,265.79,0.79,11.02,273.96,-0.8837,1.0,42.61,14.0,-4.0,5.61,ACCEPTEE,PAUSE,0
CAMP_0028,2024-11-12,5,GOOGLE_ADS,TRAFIC,2011.88,275.9,14.0,PAUSE,181139.0,VIDEO,AUTOMATIQUE,3.0,21336.0,141.0,0.0,224.76,8.0,0.0066,-0.9644,224.76,1.59,10.53,223.32,-0.8916,0.0,7.4,30.0,1.6,0.54,ACCEPTEE,PAUSE,0
CAMP_0028,2024-11-13,6,GOOGLE_ADS,TRAFIC,2011.88,275.9,14.0,PAUSE,181139.0,VIDEO,AUTOMATIQUE,3.0,14048.0,98.0,0.0,243.21,21.94,0.007,-0.9098,243.21,2.48,17.31,221.75,-0.9471,0.0,24.56,7.0,-8.3,-5.51,ACCEPTEE,PAUSE,0
CAMP_0028,2024-11-14,7,GOOGLE_ADS,TRAFIC,2011.88,275.9,14.0,PAUSE,181139.0,VIDEO,AUTOMATIQUE,3.0,14310.0,130.0,0.0,221.05,31.84,0.0091,-0.8559,221.05,1.7,15.45,217.31,-0.8221,0.0,32.33,30.0,-8.4,-4.13,ACCEPTEE,PAUSE,0
CAMP_0028,2024-11-15,8,GOOGLE_ADS,TRAFIC,2011.88,275.9,14.0,PAUSE,181139.0,VIDEO,AUTOMATIQUE,3.0,7628.0,97.0,0.0,240.46,24.18,0.0127,-0.8994,240.46,2.48,31.52,222.01,-0.9701,0.0,24.48,7.0,-8.9,-0.02,APPLIQUEE,PAUSE,0
CAMP_0028,2024-11-16,9,GOOGLE_ADS,TRAFIC,2011.88,275.9,14.0,PAUSE,181139.0,VIDEO,AUTOMATIQUE,3.0,13632.0,167.0,0.0,271.85,20.74,0.0123,-0.9237,271.85,1.63,19.94,235.48,-0.9977,0.0,21.5,14.0,-9.9,-8.47,PROPOSEE,PAUSE,0
CAMP_0028,2024-11-17,10,GOOGLE_ADS,TRAFIC,2011.88,275.9,14.0,PAUSE,181139.0,VIDEO,AUTOMATIQUE,3.0,18877.0,126.0,0.0,261.93,41.74,0.0067,-0.8406,261.93,2.08,13.88,228.8,-0.9099,0.0,42.0,14.0,-0.2,-6.37,ACCEPTEE,PAUSE,0
CAMP_0029,2024-12-11,1,TIKTOK_ADS,CONVERSION,16944.35,342.48,11.0,ACTIVE,90327.0,VIDEO,MANUEL,5.0,58498.0,1156.0,52.0,340.11,7040.03,0.0198,19.6994,6.54,0.29,5.81,7.01,18.5599,49.0,7708.23,7.0,-6.5,3.1,APPLIQUEE,AUGMENTER,20
CAMP_0029,2024-12-12,2,TIKTOK_ADS,CONVERSION,16944.35,342.48,11.0,ACTIVE,90327.0,VIDEO,MANUEL,5.0,80219.0,872.0,13.0,276.85,1338.99,0.0109,3.8366,21.3,0.32,3.45,18.33,3.6333,12.0,1445.12,7.0,11.2,-4.87,ACCEPTEE,AUGMENTER,18
CAMP_0029,2024-12-13,3,TIKTOK_ADS,CONVERSION,16944.35,342.48,11.0,ACTIVE,90327.0,VIDEO,MANUEL,5.0,41375.0,493.0,19.0,323.71,1202.53,0.0119,2.7149,17.04,0.66,7.82,14.59,2.8975,17.0,1234.36,14.0,-5.1,-4.68,REJETEE,AUGMENTER,28
CAMP_0029,2024-12-14,4,TIKTOK_ADS,CONVERSION,16944.35,342.48,11.0,ACTIVE,90327.0,VIDEO,MANUEL,5.0,71950.0,917.0,31.0,291.3,1630.86,0.0127,4.5986,9.4,0.32,4.05,10.32,4.2165,28.0,1684.55,14.0,10.5,9.77,ACCEPTEE,AUGMENTER,18
CAMP_0029,2024-12-15,5,TIKTOK_ADS,CONVERSION,16944.35,342.48,11.0,ACTIVE,90327.0,VIDEO,MANUEL,5.0,67977.0,781.0,38.0,311.58,4214.74,0.0115,12.5271,8.2,0.4,4.58,7.02,12.2329,37.0,3866.33,14.0,16.5,-5.84,PROPOSEE,AUGMENTER,21
CAMP_0029,2024-12-16,6,TIKTOK_ADS,CONVERSION,16944.35,342.48,11.0,ACTIVE,90327.0,VIDEO,MANUEL,5.0,27657.0,395.0,13.0,339.16,1030.71,0.0143,2.039,26.09,0.86,12.26,23.62,2.0109,10.0,970.46,30.0,21.4,-5.62,APPLIQUEE,AUGMENTER,15
CAMP_0029,2024-12-17,7,TIKTOK_ADS,CONVERSION,16944.35,342.48,11.0,ACTIVE,90327.0,VIDEO,MANUEL,5.0,44527.0,658.0,11.0,307.26,837.3,0.0148,1.725,27.93,0.47,6.9,30.13,1.8758,12.0,901.22,14.0,12.1,-14.02,PROPOSEE,AUGMENTER,11
CAMP_0029,2024-12-18,8,TIKTOK_ADS,CONVERSION,16944.35,342.48,11.0,ACTIVE,90327.0,VIDEO,MANUEL,5.0,65887.0,849.0,35.0,339.65,2049.26,0.0129,5.0335,9.7,0.4,5.16,10.93,5.4437,39.0,2105.18,7.0,-7.9,-9.8,APPLIQUEE,AUGMENTER,25
CAMP_0029,2024-12-19,9,TIKTOK_ADS,CONVERSION,16944.35,342.48,11.0,ACTIVE,90327.0,VIDEO,MANUEL,5.0,49172.0,1027.0,21.0,298.61,2409.83,0.0209,7.0702,14.22,0.29,6.07,13.54,7.5358,20.0,2357.45,30.0,14.1,0.36,ACCEPTEE,AUGMENTER,23
CAMP_0029,2024-12-20,10,TIKTOK_ADS,CONVERSION,16944.35,342.48,11.0,ACTIVE,90327.0,VIDEO,MANUEL,5.0,47033.0,803.0,23.0,281.44,2553.25,0.0171,8.0721,12.24,0.35,5.98,13.81,8.4796,25.0,2594.07,30.0,14.7,4.66,ACCEPTEE,AUGMENTER,24
CAMP_0030,2024-08-12,1,LINKEDIN_ADS,TRAFIC,12691.62,457.64,7.0,PAUSE,462260.0,IMAGE,MANUEL,4.0,16859.0,156.0,0.0,433.25,54.3,0.0093,-0.8747,433.25,2.78,25.7,489.46,-0.8375,0.0,54.87,14.0,-9.3,0.61,REJETEE,PAUSE,0
CAMP_0030,2024-08-13,2,LINKEDIN_ADS,TRAFIC,12691.62,457.64,7.0,PAUSE,462260.0,IMAGE,MANUEL,4.0,41042.0,386.0,3.0,419.1,373.84,0.0094,-0.108,139.7,1.09,10.21,142.74,-0.1095,3.0,335.99,14.0,15.4,8.46,ACCEPTEE,PAUSE,0
CAMP_0030,2024-08-14,3,LINKEDIN_ADS,TRAFIC,12691.62,457.64,7.0,PAUSE,462260.0,IMAGE,MANUEL,4.0,18456.0,111.0,0.0,425.96,12.66,0.006,-0.9703,425.96,3.84,23.08,421.79,-1.0659,0.0,14.21,14.0,27.0,-10.38,ACCEPTEE,PAUSE,0
CAMP_0030,2024-08-15,4,LINKEDIN_ADS,TRAFIC,12691.62,457.64,7.0,PAUSE,462260.0,IMAGE,MANUEL,4.0,32393.0,257.0,0.0,411.98,7.46,0.0079,-0.9819,411.98,1.6,12.72,449.01,-1.0705,0.0,6.9,30.0,-7.4,-8.3,PROPOSEE,PAUSE,0
CAMP_0030,2024-08-16,5,LINKEDIN_ADS,TRAFIC,12691.62,457.64,7.0,PAUSE,462260.0,IMAGE,MANUEL,4.0,22617.0,134.0,1.0,428.73,123.29,0.0059,-0.7124,428.73,3.2,18.96,402.47,-0.7225,0.0,114.94,14.0,-8.1,-11.94,ACCEPTEE,PAUSE,0
CAMP_0030,2024-08-17,6,LINKEDIN_ADS,TRAFIC,12691.62,457.64,7.0,PAUSE,462260.0,IMAGE,MANUEL,4.0,15586.0,121.0,1.0,379.49,120.52,0.0078,-0.6824,379.49,3.14,24.35,397.62,-0.7209,1.0,124.42,7.0,5.7,5.87,APPLIQUEE,PAUSE,0
CAMP_0030,2024-08-18,7,LINKEDIN_ADS,TRAFIC,12691.62,457.64,7.0,PAUSE,462260.0,IMAGE,MANUEL,4.0,28792.0,256.0,0.0,387.53,51.82,0.0089,-0.8663,387.53,1.51,13.46,365.08,-0.8942,0.0,57.22,14.0,-5.0,-1.11,REJETEE,PAUSE,0
CAMP_0030,2024-08-19,8,LINKEDIN_ADS,TRAFIC,12691.62,457.64,7.0,PAUSE,462260.0,IMAGE,MANUEL,4.0,36424.0,247.0,2.0,369.76,222.68,0.0068,-0.3978,184.88,1.5,10.15,182.81,-0.393,1.0,253.8,14.0,11.2,-14.88,REJETEE,PAUSE,0
CAMP_0030,2024-08-20,9,LINKEDIN_ADS,TRAFIC,12691.62,457.64,7.0,PAUSE,462260.0,IMAGE,MANUEL,4.0,17885.0,146.0,1.0,419.07,102.72,0.0082,-0.7549,419.07,2.87,23.43,436.39,-0.7634,0.0,105.17,7.0,15.0,-8.53,PROPOSEE,PAUSE,0
CAMP_0030,2024-08-21,10,LINKEDIN_ADS,TRAFIC,12691.62,457.64,7.0,PAUSE,462260.0,IMAGE,MANUEL,4.0,26550.0,210.0,0.0,389.14,75.7,0.0079,-0.8055,389.14,1.85,14.66,363.04,-0.8233,0.0,65.8,7.0,24.3,-10.56,REJETEE,PAUSE,0
CAMP_0031,2024-06-17,1,TIKTOK_ADS,CONVERSION,6721.87,71.49,20.0,TERMINEE,1674927.0,CAROUSEL,MANUEL,4.0,5598.0,80.0,3.0,69.88,122.18,0.0143,0.7485,23.29,0.87,12.48,23.59,0.7221,2.0,121.99,7.0,9.9,8.27,APPLIQUEE,AUGMENTER,25
CAMP_0031,2024-06-18,2,TIKTOK_ADS,CONVERSION,6721.87,71.49,20.0,TERMINEE,1674927.0,CAROUSEL,MANUEL,4.0,11638.0,104.0,2.0,59.34,114.62,0.0089,0.9316,29.67,0.57,5.1,29.69,0.926,1.0,98.75,30.0,-2.2,2.95,REJETEE,AUGMENTER,26
CAMP_0031,2024-06-19,3,TIKTOK_ADS,CONVERSION,6721.87,71.49,20.0,TERMINEE,1674927.0,CAROUSEL,MANUEL,4.0,10288.0,132.0,3.0,58.81,342.83,0.0128,4.8291,19.6,0.45,5.72,20.53,4.5954,2.0,389.29,14.0,11.1,-13.4,PROPOSEE,AUGMENTER,16
CAMP_0031,2024-06-20,4,TIKTOK_ADS,CONVERSION,6721.87,71.49,20.0,TERMINEE,1674927.0,CAROUSEL,MANUEL,4.0,8393.0,107.0,2.0,59.02,210.32,0.0127,2.5634,29.51,0.55,7.03,29.07,2.4551,2.0,181.59,7.0,-0.3,1.82,PROPOSEE,AUGMENTER,18
CAMP_0031,2024-06-21,5,TIKTOK_ADS,CONVERSION,6721.87,71.49,20.0,TERMINEE,1674927.0,CAROUSEL,MANUEL,4.0,4699.0,70.0,1.0,70.38,96.83,0.0149,0.3758,70.38,1.01,14.98,72.7,0.3826,0.0,91.77,14.0,17.9,0.48,REJETEE,CIBLAGE,0
CAMP_0031,2024-06-22,6,TIKTOK_ADS,CONVERSION,6721.87,71.49,20.0,TERMINEE,1674927.0,CAROUSEL,MANUEL,4.0,10622.0,134.0,5.0,68.93,720.99,0.0126,9.459,13.79,0.51,6.49,14.19,9.3029,4.0,618.18,30.0,19.0,-1.96,ACCEPTEE,AUGMENTER,19
CAMP_0031,2024-06-23,7,TIKTOK_ADS,CONVERSION,6721.87,71.49,20.0,TERMINEE,1674927.0,CAROUSEL,MANUEL,4.0,6362.0,71.0,1.0,63.07,55.7,0.0112,-0.1168,63.07,0.89,9.91,60.11,-0.1153,0.0,63.61,30.0,15.8,1.67,REJETEE,PAUSE,0
CAMP_0031,2024-06-24,8,TIKTOK_ADS,CONVERSION,6721.87,71.49,20.0,TERMINEE,1674927.0,CAROUSEL,MANUEL,4.0,10325.0,129.0,2.0,66.99,282.92,0.0125,3.223,33.5,0.52,6.49,34.53,3.2265,2.0,249.5,7.0,6.3,-11.04,PROPOSEE,AUGMENTER,19
CAMP_0031,2024-06-25,9,TIKTOK_ADS,CONVERSION,6721.87,71.49,20.0,TERMINEE,1674927.0,CAROUSEL,MANUEL,4.0,6639.0,68.0,0.0,64.67,11.76,0.0102,-0.8181,64.67,0.95,9.74,63.89,-0.8249,0.0,11.21,7.0,-0.3,-4.51,PROPOSEE,PAUSE,0
CAMP_0031,2024-06-26,10,TIKTOK_ADS,CONVERSION,6721.87,71.49,20.0,TERMINEE,1674927.0,CAROUSEL,MANUEL,4.0,10005.0,123.0,5.0,65.77,682.76,0.0123,9.3814,13.15,0.53,6.57,13.75,9.8433,5.0,713.32,7.0,4.7,3.13,APPLIQUEE,AUGMENTER,14
CAMP_0032,2024-06-11,1,GOOGLE_ADS,TRAFIC,12338.04,57.4,23.0,TERMINEE,517381.0,CAROUSEL,AUTOMATIQUE,7.0,6939.0,166.0,1.0,56.27,99.32,0.0239,0.7649,56.27,0.34,8.11,57.58,0.7915,1.0,106.29,30.0,7.2,-12.4,APPLIQUEE,AUGMENTER,26
CAMP_0032,2024-06-12,2,GOOGLE_ADS,TRAFIC,12338.04,57.4,23.0,TERMINEE,517381.0,CAROUSEL,AUTOMATIQUE,7.0,4315.0,116.0,0.0,50.75,8.88,0.0269,-0.825,50.75,0.44,11.76,49.82,-0.7998,0.0,8.95,14.0,28.4,-8.7,PROPOSEE,PAUSE,0
CAMP_0032,2024-06-13,3,GOOGLE_ADS,TRAFIC,12338.04,57.4,23.0,TERMINEE,517381.0,CAROUSEL,AUTOMATIQUE,7.0,11312.0,213.0,1.0,54.74,78.56,0.0188,0.435,54.74,0.26,4.84,53.27,0.4269,0.0,85.61,14.0,22.9,-7.71,APPLIQUEE,DIMINUER,5
CAMP_0032,2024-06-14,4,GOOGLE_ADS,TRAFIC,12338.04,57.4,23.0,TERMINEE,517381.0,CAROUSEL,AUTOMATIQUE,7.0,11897.0,315.0,1.0,50.8,68.0,0.0265,0.3384,50.8,0.16,4.27,50.1,0.3334,0.0,77.34,14.0,-3.7,8.65,ACCEPTEE,AUGMENTER,11
CAMP_0032,2024-06-15,5,GOOGLE_ADS,TRAFIC,12338.04,57.4,23.0,TERMINEE,517381.0,CAROUSEL,AUTOMATIQUE,7.0,8479.0,225.0,1.0,52.16,68.36,0.0265,0.3105,52.16,0.23,6.15,53.65,0.3021,1.0,70.52,14.0,24.7,-13.94,REJETEE,DIMINUER,9
CAMP_0032,2024-06-16,6,GOOGLE_ADS,TRAFIC,12338.04,57.4,23.0,TERMINEE,517381.0,CAROUSEL,AUTOMATIQUE,7.0,3261.0,77.0,0.0,51.89,3.89,0.0236,-0.925,51.89,0.67,15.91,52.79,-0.9403,0.0,3.59,14.0,6.1,-9.27,PROPOSEE,PAUSE,0
CAMP_0032,2024-06-17,7,GOOGLE_ADS,TRAFIC,12338.04,57.4,23.0,TERMINEE,517381.0,CAROUSEL,AUTOMATIQUE,7.0,5462.0,135.0,0.0,50.81,5.95,0.0247,-0.8829,50.81,0.38,9.3,50.41,-0.9256,0.0,5.27,14.0,17.0,-6.5,APPLIQUEE,PAUSE,0
CAMP_0032,2024-06-18,8,GOOGLE_ADS,TRAFIC,12338.04,57.4,23.0,TERMINEE,517381.0,CAROUSEL,AUTOMATIQUE,7.0,6276.0,129.0,0.0,57.31,4.56,0.0206,-0.9205,57.31,0.44,9.13,54.53,-0.8856,0.0,5.11,14.0,17.3,-7.65,PROPOSEE,PAUSE,0
CAMP_0032,2024-06-19,9,GOOGLE_ADS,TRAFIC,12338.04,57.4,23.0,TERMINEE,517381.0,CAROUSEL,AUTOMATIQUE,7.0,5785.0,120.0,0.0,52.34,5.06,0.0207,-0.9032,52.34,0.44,9.05,54.27,-0.9334,0.0,5.43,7.0,28.4,7.79,ACCEPTEE,PAUSE,0
CAMP_0032,2024-06-20,10,GOOGLE_ADS,TRAFIC,12338.04,57.4,23.0,TERMINEE,517381.0,CAROUSEL,AUTOMATIQUE,7.0,13273.0,281.0,1.0,47.51,135.02,0.0212,1.8423,47.51,0.17,3.58,49.5,1.9168,0.0,135.62,30.0,16.7,-3.25,REJETEE,AUGMENTER,10
CAMP_0033,2024-07-03,1,LINKEDIN_ADS,CONVERSION,12681.38,158.25,20.0,ACTIVE,1403287.0,CAROUSEL,AUTOMATIQUE,8.0,12369.0,346.0,4.0,142.69,505.88,0.028,2.5453,35.67,0.41,11.54,34.11,2.4956,4.0,538.05,7.0,6.4,-8.01,REJETEE,AUGMENTER,19
CAMP_0033,2024-07-04,2,LINKEDIN_ADS,CONVERSION,12681.38,158.25,20.0,ACTIVE,1403287.0,CAROUSEL,AUTOMATIQUE,8.0,21201.0,556.0,14.0,146.73,1798.73,0.0262,11.2591,10.48,0.26,6.92,9.97,11.9903,13.0,1857.42,7.0,10.5,9.0,REJETEE,AUGMENTER,19
CAMP_0033,2024-07-05,3,LINKEDIN_ADS,CONVERSION,12681.38,158.25,20.0,ACTIVE,1403287.0,CAROUSEL,AUTOMATIQUE,8.0,20750.0,512.0,10.0,138.34,1069.93,0.0247,6.7342,13.83,0.27,6.67,15.88,6.1217,10.0,1023.37,14.0,10.2,7.95,PROPOSEE,AUGMENTER,26
CAMP_0033,2024-07-06,4,LINKEDIN_ADS,CONVERSION,12681.38,158.25,20.0,ACTIVE,1403287.0,CAROUSEL,AUTOMATIQUE,8.0,28961.0,609.0,13.0,157.1,602.17,0.021,2.8332,12.08,0.26,5.42,13.57,2.9073,14.0,590.55,14.0,19.2,-5.79,REJETEE,AUGMENTER,17
CAMP_0033,2024-07-07,5,LINKEDIN_ADS,CONVERSION,12681.38,158.25,20.0,ACTIVE,1403287.0,CAROUSEL,AUTOMATIQUE,8.0,16925.0,385.0,16.0,156.06,1551.95,0.0227,8.9447,9.75,0.41,9.22,10.34,9.3623,17.0,1593.65,30.0,17.9,-2.03,REJETEE,AUGMENTER,27
CAMP_0033,2024-07-08,6,LINKEDIN_ADS,CONVERSION,12681.38,158.25,20.0,ACTIVE,1403287.0,CAROUSEL,AUTOMATIQUE,8.0,15858.0,365.0,12.0,147.93,954.86,0.023,5.4547,12.33,0.41,9.33,10.79,5.8863,12.0,917.58,30.0,3.3,9.31,APPLIQUEE,AUGMENTER,18
CAMP_0033,2024-07-09,7,LINKEDIN_ADS,CONVERSION,12681.38,158.25,20.0,ACTIVE,1403287.0,CAROUSEL,AUTOMATIQUE,8.0,23767.0,363.0,9.0,147.79,761.4,0.0153,4.1517,16.42,0.41,6.22,16.19,4.0026,7.0,812.23,14.0,14.4,2.43,REJETEE,AUGMENTER,24
CAMP_0033,2024-07-10,8,LINKEDIN_ADS,CONVERSION,12681.38,158.25,20.0,ACTIVE,1403287.0,CAROUSEL,AUTOMATIQUE,8.0,12518.0,332.0,10.0,149.58,1015.03,0.0265,5.7857,14.96,0.45,11.95,16.96,5.3193,9.0,966.65,30.0,-8.5,2.17,APPLIQUEE,AUGMENTER,20
CAMP_0033,2024-07-11,9,LINKEDIN_ADS,CONVERSION,12681.38,158.25,20.0,ACTIVE,1403287.0,CAROUSEL,AUTOMATIQUE,8.0,17196.0,492.0,23.0,140.99,1942.01,0.0286,12.7738,6.13,0.29,8.2,6.16,12.8382,23.0,2191.39,14.0,29.7,-7.72,REJETEE,AUGMENTER,11
CAMP_0033,2024-07-12,10,LINKEDIN_ADS,CONVERSION,12681.38,158.25,20.0,ACTIVE,1403287.0,CAROUSEL,AUTOMATIQUE,8.0,8533.0,196.0,5.0,137.36,264.35,0.023,0.9245,27.47,0.7,16.1,26.01,0.891,4.0,236.05,30.0,26.7,-9.78,ACCEPTEE,AUGMENTER,16
CAMP_0034,2024-04-14,1,GOOGLE_ADS,NOTORIETE,11337.56,403.89,23.0,TERMINEE,52644.0,VIDEO,MANUEL,3.0,24927.0,215.0,1.0,343.32,88.7,0.0086,-0.7416,343.32,1.6,13.77,336.95,-0.7303,0.0,82.8,30.0,20.6,-6.12,APPLIQUEE,PAUSE,0
CAMP_0034,2024-04-15,2,GOOGLE_ADS,NOTORIETE,11337.56,403.89,23.0,TERMINEE,52644.0,VIDEO,MANUEL,3.0,19071.0,201.0,0.0,385.76,52.59,0.0105,-0.8637,385.76,1.92,20.23,377.6,-0.8998,0.0,48.23,7.0,23.1,-8.56,ACCEPTEE,PAUSE,0
CAMP_0034,2024-04-16,3,GOOGLE_ADS,NOTORIETE,11337.56,403.89,23.0,TERMINEE,52644.0,VIDEO,MANUEL,3.0,33598.0,464.0,1.0,354.02,126.75,0.0138,-0.642,354.02,0.76,10.54,339.72,-0.6453,1.0,133.08,7.0,2.6,2.72,REJETEE,PAUSE,0
CAMP_0034,2024-04-17,4,GOOGLE_ADS,NOTORIETE,11337.56,403.89,23.0,TERMINEE,52644.0,VIDEO,MANUEL,3.0,19553.0,243.0,1.0,351.63,98.92,0.0124,-0.7187,351.63,1.45,17.98,352.96,-0.6968,1.0,85.26,30.0,5.8,-9.45,APPLIQUEE,PAUSE,0
CAMP_0034,2024-04-18,5,GOOGLE_ADS,NOTORIETE,11337.56,403.89,23.0,TERMINEE,52644.0,VIDEO,MANUEL,3.0,26623.0,231.0,1.0,383.6,77.62,0.0087,-0.7977,383.6,1.66,14.41,380.78,-0.7933,0.0,72.54,30.0,-4.3,-12.45,PROPOSEE,PAUSE,0
CAMP_0034,2024-04-19,6,GOOGLE_ADS,NOTORIETE,11337.56,403.89,23.0,TERMINEE,52644.0,VIDEO,MANUEL,3.0,23652.0,188.0,0.0,369.46,13.51,0.0079,-0.9634,369.46,1.97,15.62,367.41,-0.9569,0.0,14.39,7.0,-6.2,-0.0,REJETEE,PAUSE,0
CAMP_0034,2024-04-20,7,GOOGLE_ADS,NOTORIETE,11337.56,403.89,23.0,TERMINEE,52644.0,VIDEO,MANUEL,3.0,26455.0,381.0,2.0,342.08,133.25,0.0144,-0.6105,171.04,0.9,12.93,179.05,-0.629,2.0,142.51,7.0,11.0,3.03,REJETEE,PAUSE,0
CAMP_0034,2024-04-21,8,GOOGLE_ADS,NOTORIETE,11337.56,403.89,23.0,TERMINEE,52644.0,VIDEO,MANUEL,3.0,21033.0,176.0,1.0,351.87,125.68,0.0084,-0.6428,351.87,2.0,16.73,343.99,-0.6512,0.0,112.74,14.0,21.5,-1.39,ACCEPTEE,PAUSE,0
CAMP_0034,2024-04-22,9,GOOGLE_ADS,NOTORIETE,11337.56,403.89,23.0,TERMINEE,52644.0,VIDEO,MANUEL,3.0,17760.0,126.0,0.0,323.65,55.48,0.0071,-0.8286,323.65,2.57,18.22,321.49,-0.8644,0.0,52.4,7.0,14.3,-10.03,APPLIQUEE,PAUSE,0
CAMP_0034,2024-04-23,10,GOOGLE_ADS,NOTORIETE,11337.56,403.89,23.0,TERMINEE,52644.0,VIDEO,MANUEL,3.0,33511.0,459.0,1.0,395.66,136.91,0.0137,-0.654,395.66,0.86,11.81,377.29,-0.6628,1.0,143.53,30.0,13.7,0.77,REJETEE,PAUSE,0
CAMP_0035,2024-08-15,1,LINKEDIN_ADS,TRAFIC,5819.35,57.31,9.0,PAUSE,515677.0,CAROUSEL,AUTOMATIQUE,8.0,7434.0,126.0,0.0,50.41,7.56,0.0169,-0.85,50.41,0.4,6.78,42.97,-0.7883,0.0,8.57,30.0,-2.1,-9.58,APPLIQUEE,PAUSE,0
CAMP_0035,2024-08-16,2,LINKEDIN_ADS,TRAFIC,5819.35,57.31,9.0,PAUSE,515677.0,CAROUSEL,AUTOMATIQUE,8.0,5132.0,110.0,0.0,49.83,8.57,0.0214,-0.8279,49.83,0.45,9.71,45.28,-0.823,0.0,7.77,14.0,6.2,-6.92,ACCEPTEE,PAUSE,0
CAMP_0035,2024-08-17,3,LINKEDIN_ADS,TRAFIC,5819.35,57.31,9.0,PAUSE,515677.0,CAROUSEL,AUTOMATIQUE,8.0,8687.0,138.0,0.0,45.94,6.19,0.0159,-0.8652,45.94,0.33,5.29,42.94,-0.813,0.0,7.03,30.0,-1.0,7.06,APPLIQUEE,PAUSE,0
CAMP_0035,2024-08-18,4,LINKEDIN_ADS,TRAFIC,5819.35,57.31,9.0,PAUSE,515677.0,CAROUSEL,AUTOMATIQUE,8.0,5817.0,118.0,0.0,48.86,2.63,0.0203,-0.9461,48.86,0.41,8.4,52.52,-0.8521,0.0,2.68,7.0,24.2,3.08,ACCEPTEE,PAUSE,0
CAMP_0035,2024-08-19,5,LINKEDIN_ADS,TRAFIC,5819.35,57.31,9.0,PAUSE,515677.0,CAROUSEL,AUTOMATIQUE,8.0,9115.0,155.0,0.0,54.47,3.98,0.017,-0.927,54.47,0.35,5.98,57.9,-0.8415,0.0,4.12,30.0,28.2,7.95,PROPOSEE,PAUSE,0
CAMP_0035,2024-08-20,6,LINKEDIN_ADS,TRAFIC,5819.35,57.31,9.0,PAUSE,515677.0,CAROUSEL,AUTOMATIQUE,8.0,7235.0,174.0,1.0,55.18,119.29,0.024,1.1618,55.18,0.32,7.63,56.57,1.1938,0.0,124.91,7.0,20.5,-2.58,REJETEE,AUGMENTER,29
CAMP_0035,2024-08-21,7,LINKEDIN_ADS,TRAFIC,5819.35,57.31,9.0,PAUSE,515677.0,CAROUSEL,AUTOMATIQUE,8.0,8052.0,236.0,1.0,54.31,92.03,0.0293,0.6944,54.31,0.23,6.75,60.47,0.7417,1.0,96.67,14.0,29.7,-12.62,REJETEE,AUGMENTER,20
CAMP_0035,2024-08-22,8,LINKEDIN_ADS,TRAFIC,5819.35,57.31,9.0,PAUSE,515677.0,CAROUSEL,AUTOMATIQUE,8.0,3929.0,63.0,0.0,51.97,3.28,0.016,-0.9369,51.97,0.82,13.23,56.6,-0.9167,0.0,3.26,7.0,28.4,6.46,PROPOSEE,PAUSE,0
CAMP_0035,2024-08-23,9,LINKEDIN_ADS,TRAFIC,5819.35,57.31,9.0,PAUSE,515677.0,CAROUSEL,AUTOMATIQUE,8.0,5004.0,147.0,0.0,47.72,2.06,0.0294,-0.9569,47.72,0.32,9.54,43.7,-1.0455,0.0,2.22,14.0,21.2,3.01,ACCEPTEE,PAUSE,0
CAMP_0035,2024-08-24,10,LINKEDIN_ADS,TRAFIC,5819.35,57.31,9.0,PAUSE,515677.0,CAROUSEL,AUTOMATIQUE,8.0,6467.0,100.0,0.0,49.98,5.57,0.0155,-0.8885,49.98,0.5,7.73,57.02,-0.8575,0.0,4.93,14.0,11.0,-14.79,REJETEE,PAUSE,0
CAMP_0036,2024-04-07,1,META_ADS,CONVERSION,7693.68,202.35,27.0,ACTIVE,1751440.0,CAROUSEL,MANUEL,10.0,51145.0,1279.0,30.0,189.38,3198.4,0.025,15.8885,6.31,0.15,3.7,7.17,16.3989,28.0,3100.61,7.0,-1.7,-14.34,ACCEPTEE,AUGMENTER,15
CAMP_0036,2024-04-08,2,META_ADS,CONVERSION,7693.68,202.35,27.0,ACTIVE,1751440.0,CAROUSEL,MANUEL,10.0,44250.0,1415.0,69.0,173.4,5227.44,0.032,29.147,2.51,0.12,3.92,2.72,29.0522,77.0,5210.46,14.0,13.4,-6.64,PROPOSEE,AUGMENTER,10
CAMP_0036,2024-04-09,3,META_ADS,CONVERSION,7693.68,202.35,27.0,ACTIVE,1751440.0,CAROUSEL,MANUEL,10.0,40024.0,1394.0,18.0,186.71,1638.23,0.0348,7.774,10.37,0.13,4.67,10.95,7.0416,16.0,1498.21,14.0,-5.5,-11.8,PROPOSEE,AUGMENTER,23
CAMP_0036,2024-04-10,4,META_ADS,CONVERSION,7693.68,202.35,27.0,ACTIVE,1751440.0,CAROUSEL,MANUEL,10.0,62263.0,2303.0,108.0,178.95,11594.24,0.037,63.7901,1.66,0.08,2.87,1.44,67.2577,97.0,10959.87,14.0,11.0,-14.67,ACCEPTEE,AUGMENTER,29
CAMP_0036,2024-04-11,5,META_ADS,CONVERSION,7693.68,202.35,27.0,ACTIVE,1751440.0,CAROUSEL,MANUEL,10.0,30451.0,1153.0,27.0,174.57,3019.45,0.0379,16.2968,6.47,0.15,5.73,7.07,16.053,24.0,2616.02,14.0,3.4,0.92,APPLIQUEE,AUGMENTER,22
CAMP_0036,2024-04-12,6,META_ADS,CONVERSION,7693.68,202.35,27.0,ACTIVE,1751440.0,CAROUSEL,MANUEL,10.0,46937.0,1454.0,66.0,193.49,9455.47,0.031,47.869,2.93,0.13,4.12,3.13,46.3357,74.0,8912.28,14.0,0.6,-7.91,PROPOSEE,AUGMENTER,25
CAMP_0036,2024-04-13,7,META_ADS,CONVERSION,7693.68,202.35,27.0,ACTIVE,1751440.0,CAROUSEL,MANUEL,10.0,49498.0,1437.0,23.0,196.45,1236.35,0.029,5.2935,8.54,0.14,3.97,7.83,5.6912,23.0,1340.04,7.0,-5.2,3.12,APPLIQUEE,AUGMENTER,29
CAMP_0036,2024-04-14,8,META_ADS,CONVERSION,7693.68,202.35,27.0,ACTIVE,1751440.0,CAROUSEL,MANUEL,10.0,32630.0,747.0,29.0,170.4,2426.58,0.0229,13.2403,5.88,0.23,5.22,6.67,13.5403,27.0,2502.99,7.0,26.7,7.06,APPLIQUEE,AUGMENTER,23
CAMP_0036,2024-04-15,9,META_ADS,CONVERSION,7693.68,202.35,27.0,ACTIVE,1751440.0,CAROUSEL,MANUEL,10.0,23843.0,919.0,11.0,193.08,1074.02,0.0385,4.5626,17.55,0.21,8.1,19.92,4.1256,10.0,1164.38,14.0,5.7,0.24,ACCEPTEE,AUGMENTER,16
CAMP_0036,2024-04-16,10,META_ADS,CONVERSION,7693.68,202.35,27.0,ACTIVE,1751440.0,CAROUSEL,MANUEL,10.0,63403.0,1237.0,16.0,199.58,1326.13,0.0195,5.6446,12.47,0.16,3.15,14.01,5.9458,16.0,1387.77,30.0,-4.6,-13.55,APPLIQUEE,AUGMENTER,21
CAMP_0037,2024-08-13,1,META_ADS,CONVERSION,2198.91,399.29,21.0,ACTIVE,625393.0,IMAGE,AUTOMATIQUE,6.0,34152.0,450.0,6.0,361.5,352.6,0.0132,-0.0246,60.25,0.8,10.58,55.02,-0.0248,7.0,388.37,14.0,2.4,-13.23,ACCEPTEE,PAUSE,0
CAMP_0037,2024-08-14,2,META_ADS,CONVERSION,2198.91,399.29,21.0,ACTIVE,625393.0,IMAGE,AUTOMATIQUE,6.0,29901.0,296.0,13.0,356.74,1765.38,0.0099,3.9486,27.44,1.21,11.93,30.4,3.7349,14.0,1982.87,14.0,24.8,0.98,ACCEPTEE,AUGMENTER,13
CAMP_0037,2024-08-15,3,META_ADS,CONVERSION,2198.91,399.29,21.0,ACTIVE,625393.0,IMAGE,AUTOMATIQUE,6.0,58716.0,678.0,32.0,362.5,3359.72,0.0115,8.2682,11.33,0.53,6.17,11.04,8.3558,28.0,2869.51,7.0,1.5,-1.52,PROPOSEE,AUGMENTER,28
CAMP_0037,2024-08-16,4,META_ADS,CONVERSION,2198.91,399.29,21.0,ACTIVE,625393.0,IMAGE,AUTOMATIQUE,6.0,52749.0,700.0,19.0,370.52,1875.61,0.0133,4.062,19.5,0.53,7.02,20.99,4.0836,19.0,2039.54,7.0,-0.7,-1.75,PROPOSEE,AUGMENTER,17
CAMP_0037,2024-08-17,5,META_ADS,CONVERSION,2198.91,399.29,21.0,ACTIVE,625393.0,IMAGE,AUTOMATIQUE,6.0,60139.0,660.0,8.0,344.02,682.74,0.011,0.9846,43.0,0.52,5.72,38.57,0.9455,7.0,738.54,7.0,23.5,-0.34,APPLIQUEE,AUGMENTER,20
CAMP_0037,2024-08-18,6,META_ADS,CONVERSION,2198.91,399.29,21.0,ACTIVE,625393.0,IMAGE,AUTOMATIQUE,6.0,31711.0,220.0,8.0,330.32,572.35,0.0069,0.7327,41.29,1.5,10.42,35.51,0.7693,9.0,551.38,14.0,-2.2,5.37,ACCEPTEE,AUGMENTER,23
CAMP_0037,2024-08-19,7,META_ADS,CONVERSION,2198.91,399.29,21.0,ACTIVE,625393.0,IMAGE,AUTOMATIQUE,6.0,49436.0,630.0,25.0,343.36,3106.14,0.0127,8.0464,13.73,0.55,6.95,12.21,8.4335,22.0,2719.35,7.0,27.7,0.16,ACCEPTEE,AUGMENTER,15
CAMP_0037,2024-08-20,8,META_ADS,CONVERSION,2198.91,399.29,21.0,ACTIVE,625393.0,IMAGE,AUTOMATIQUE,6.0,69574.0,833.0,26.0,334.49,3562.98,0.012,9.652,12.87,0.4,4.81,12.89,10.0448,28.0,3050.08,30.0,-4.1,-9.0,APPLIQUEE,AUGMENTER,26
CAMP_0037,2024-08-21,9,META_ADS,CONVERSION,2198.91,399.29,21.0,ACTIVE,625393.0,IMAGE,AUTOMATIQUE,6.0,48761.0,438.0,15.0,385.59,963.98,0.009,1.5,25.71,0.88,7.91,28.26,1.5315,12.0,1032.19,14.0,3.4,-4.54,PROPOSEE,AUGMENTER,18
CAMP_0037,2024-08-22,10,META_ADS,CONVERSION,2198.91,399.29,21.0,ACTIVE,625393.0,IMAGE,AUTOMATIQUE,6.0,27937.0,341.0,14.0,368.4,1628.64,0.0122,3.4208,26.31,1.08,13.19,23.9,3.4931,12.0,1542.51,30.0,0.2,-14.09,ACCEPTEE,AUGMENTER,12
CAMP_0038,2024-02-15,1,GOOGLE_ADS,TRAFIC,18734.05,281.92,24.0,PAUSE,541237.0,IMAGE,AUTOMATIQUE,7.0,30853.0,446.0,1.0,236.14,47.53,0.0145,-0.7987,236.14,0.53,7.65,253.39,-0.7671,0.0,41.82,30.0,19.8,3.27,ACCEPTEE,PAUSE,0
CAMP_0038,2024-02-16,2,GOOGLE_ADS,TRAFIC,18734.05,281.92,24.0,PAUSE,541237.0,IMAGE,AUTOMATIQUE,7.0,24677.0,224.0,1.0,265.03,94.12,0.0091,-0.6449,265.03,1.18,10.74,271.09,-0.629,0.0,86.28,14.0,-4.8,-1.6,APPLIQUEE,PAUSE,0
CAMP_0038,2024-02-17,3,GOOGLE_ADS,TRAFIC,18734.05,281.92,24.0,PAUSE,541237.0,IMAGE,AUTOMATIQUE,7.0,38475.0,366.0,0.0,280.36,15.82,0.0095,-0.9436,280.36,0.77,7.29,285.49,-0.9405,0.0,15.98,7.0,27.6,-13.93,REJETEE,PAUSE,0
CAMP_0038,2024-02-18,4,GOOGLE_ADS,TRAFIC,18734.05,281.92,24.0,PAUSE,541237.0,IMAGE,AUTOMATIQUE,7.0,19816.0,245.0,0.0,226.37,9.83,0.0124,-0.9566,226.37,0.92,11.42,218.38,-1.051,0.0,11.16,30.0,4.7,-14.47,APPLIQUEE,PAUSE,0
CAMP_0038,2024-02-19,5,GOOGLE_ADS,TRAFIC,18734.05,281.92,24.0,PAUSE,541237.0,IMAGE,AUTOMATIQUE,7.0,36297.0,575.0,2.0,264.83,86.98,0.0158,-0.6716,132.42,0.46,7.3,140.94,-0.6652,2.0,74.58,7.0,21.7,-9.06,APPLIQUEE,PAUSE,0
CAMP_0038,2024-02-20,6,GOOGLE_ADS,TRAFIC,18734.05,281.92,24.0,PAUSE,541237.0,IMAGE,AUTOMATIQUE,7.0,19658.0,304.0,1.0,247.66,99.75,0.0155,-0.5972,247.66,0.81,12.6,243.73,-0.5944,0.0,94.08,7.0,27.4,-4.28,APPLIQUEE,PAUSE,0
CAMP_0038,2024-02-21,7,GOOGLE_ADS,TRAFIC,18734.05,281.92,24.0,PAUSE,541237.0,IMAGE,AUTOMATIQUE,7.0,24212.0,410.0,1.0,226.25,147.21,0.0169,-0.3494,226.25,0.55,9.34,247.27,-0.3827,0.0,132.6,14.0,28.7,3.59,ACCEPTEE,PAUSE,0
CAMP_0038,2024-02-22,8,GOOGLE_ADS,TRAFIC,18734.05,281.92,24.0,PAUSE,541237.0,IMAGE,AUTOMATIQUE,7.0,57050.0,675.0,2.0,281.61,123.82,0.0118,-0.5603,140.81,0.42,4.94,144.76,-0.5137,1.0,136.38,30.0,10.8,-12.6,APPLIQUEE,PAUSE,0
CAMP_0038,2024-02-23,9,GOOGLE_ADS,TRAFIC,18734.05,281.92,24.0,PAUSE,541237.0,IMAGE,AUTOMATIQUE,7.0,51994.0,464.0,1.0,247.48,145.73,0.0089,-0.4111,247.48,0.53,4.76,264.04,-0.4166,0.0,157.42,14.0,19.9,-4.34,APPLIQUEE,PAUSE,0
CAMP_0038,2024-02-24,10,GOOGLE_ADS,TRAFIC,18734.05,281.92,24.0,PAUSE,541237.0,IMAGE,AUTOMATIQUE,7.0,61860.0,592.0,4.0,256.52,213.74,0.0096,-0.1668,64.13,0.43,4.15,62.43,-0.1748,4.0,184.02,30.0,23.9,8.47,REJETEE,PAUSE,0
CAMP_0039,2024-04-09,1,TIKTOK_ADS,CONVERSION,17450.17,199.37,10.0,PAUSE,926353.0,VIDEO,MANUEL,9.0,39867.0,1138.0,41.0,198.3,2704.21,0.0285,12.6366,4.84,0.17,4.97,4.93,12.4004,32.0,2858.67,30.0,25.0,-13.62,APPLIQUEE,AUGMENTER,16
CAMP_0039,2024-04-10,2,TIKTOK_ADS,CONVERSION,17450.17,199.37,10.0,PAUSE,926353.0,VIDEO,MANUEL,9.0,41904.0,1664.0,42.0,169.19,6156.02,0.0397,35.3855,4.03,0.1,4.04,4.39,35.7081,38.0,6436.75,14.0,4.5,-5.05,ACCEPTEE,AUGMENTER,16
CAMP_0039,2024-04-11,3,TIKTOK_ADS,CONVERSION,17450.17,199.37,10.0,PAUSE,926353.0,VIDEO,MANUEL,9.0,53990.0,1996.0,81.0,169.41,7694.28,0.037,44.4171,2.09,0.08,3.14,2.07,44.266,82.0,8247.54,30.0,-6.5,6.78,REJETEE,AUGMENTER,29
CAMP_0039,2024-04-12,4,TIKTOK_ADS,CONVERSION,17450.17,199.37,10.0,PAUSE,926353.0,VIDEO,MANUEL,9.0,65912.0,2914.0,36.0,173.67,2049.52,0.0442,10.8011,4.82,0.06,2.63,4.21,9.9479,38.0,1973.08,7.0,5.5,2.12,APPLIQUEE,AUGMENTER,10
CAMP_0039,2024-04-13,5,TIKTOK_ADS,CONVERSION,17450.17,199.37,10.0,PAUSE,926353.0,VIDEO,MANUEL,9.0,43578.0,1387.0,44.0,185.2,3441.02,0.0318,17.5799,4.21,0.13,4.25,3.78,18.4524,38.0,3376.61,7.0,2.8,3.63,PROPOSEE,AUGMENTER,12
CAMP_0039,2024-04-14,6,TIKTOK_ADS,CONVERSION,17450.17,199.37,10.0,PAUSE,926353.0,VIDEO,MANUEL,9.0,77903.0,1545.0,60.0,169.49,2660.62,0.0198,14.6976,2.82,0.11,2.18,2.43,14.4747,52.0,2902.59,14.0,28.1,4.19,REJETEE,AUGMENTER,13
CAMP_0039,2024-04-15,7,TIKTOK_ADS,CONVERSION,17450.17,199.37,10.0,PAUSE,926353.0,VIDEO,MANUEL,9.0,66222.0,2201.0,71.0,181.17,5367.95,0.0332,28.629,2.55,0.08,2.74,2.27,30.7717,68.0,4577.67,7.0,25.9,-6.11,ACCEPTEE,AUGMENTER,18
CAMP_0039,2024-04-16,8,TIKTOK_ADS,CONVERSION,17450.17,199.37,10.0,PAUSE,926353.0,VIDEO,MANUEL,9.0,68418.0,2372.0,38.0,180.67,3398.43,0.0347,17.8097,4.75,0.08,2.64,4.66,17.0767,44.0,3578.56,30.0,10.4,-10.41,REJETEE,AUGMENTER,23
CAMP_0039,2024-04-17,9,TIKTOK_ADS,CONVERSION,17450.17,199.37,10.0,PAUSE,926353.0,VIDEO,MANUEL,9.0,80175.0,2482.0,75.0,188.75,10284.19,0.031,53.4858,2.52,0.08,2.35,2.39,57.6528,76.0,9253.55,14.0,-5.6,0.66,REJETEE,AUGMENTER,28
CAMP_0039,2024-04-18,10,TIKTOK_ADS,CONVERSION,17450.17,199.37,10.0,PAUSE,926353.0,VIDEO,MANUEL,9.0,52910.0,1864.0,23.0,198.06,2992.2,0.0352,14.1075,8.61,0.11,3.74,8.67,13.2736,24.0,3184.73,30.0,7.0,-0.97,REJETEE,AUGMENTER,25
CAMP_0040,2024-09-03,1,TIKTOK_ADS,CONVERSION,10427.86,273.89,23.0,PAUSE,1690129.0,IMAGE,MANUEL,4.0,20968.0,187.0,3.0,241.56,226.27,0.0089,-0.0633,80.52,1.29,11.52,83.04,-0.0629,2.0,214.74,30.0,26.1,0.53,ACCEPTEE,PAUSE,0
CAMP_0040,2024-09-04,2,TIKTOK_ADS,CONVERSION,10427.86,273.89,23.0,PAUSE,1690129.0,IMAGE,MANUEL,4.0,24492.0,118.0,2.0,220.83,103.55,0.0048,-0.5311,110.41,1.87,9.02,117.7,-0.5685,1.0,104.31,14.0,29.4,5.78,ACCEPTEE,PAUSE,0
CAMP_0040,2024-09-05,3,TIKTOK_ADS,CONVERSION,10427.86,273.89,23.0,PAUSE,1690129.0,IMAGE,MANUEL,4.0,17651.0,145.0,4.0,253.29,419.73,0.0082,0.6571,63.32,1.75,14.35,54.01,0.6461,3.0,365.21,7.0,20.0,-13.99,ACCEPTEE,AUGMENTER,19
CAMP_0040,2024-09-06,4,TIKTOK_ADS,CONVERSION,10427.86,273.89,23.0,PAUSE,1690129.0,IMAGE,MANUEL,4.0,12908.0,111.0,5.0,255.03,710.62,0.0086,1.7864,51.01,2.3,19.76,48.13,1.6748,5.0,718.66,14.0,2.2,-1.14,APPLIQUEE,AUGMENTER,17
CAMP_0040,2024-09-07,5,TIKTOK_ADS,CONVERSION,10427.86,273.89,23.0,PAUSE,1690129.0,IMAGE,MANUEL,4.0,40817.0,335.0,13.0,267.89,1695.5,0.0082,5.3291,20.61,0.8,6.56,18.1,5.4623,13.0,1475.14,30.0,29.4,4.51,ACCEPTEE,AUGMENTER,26
CAMP_0040,2024-09-08,6,TIKTOK_ADS,CONVERSION,10427.86,273.89,23.0,PAUSE,1690129.0,IMAGE,MANUEL,4.0,35428.0,286.0,11.0,264.82,534.3,0.0081,1.0176,24.07,0.93,7.47,24.5,0.9618,11.0,602.88,14.0,1.9,-3.08,ACCEPTEE,AUGMENTER,20
CAMP_0040,2024-09-09,7,TIKTOK_ADS,CONVERSION,10427.86,273.89,23.0,PAUSE,1690129.0,IMAGE,MANUEL,4.0,21161.0,108.0,2.0,229.69,224.51,0.0051,-0.0225,114.85,2.13,10.85,107.41,-0.0244,1.0,239.96,14.0,16.7,-1.24,PROPOSEE,PAUSE,0
CAMP_0040,2024-09-10,8,TIKTOK_ADS,CONVERSION,10427.86,273.89,23.0,PAUSE,1690129.0,IMAGE,MANUEL,4.0,42427.0,329.0,13.0,261.09,1344.49,0.0078,4.1496,20.08,0.79,6.15,20.83,4.0693,11.0,1361.03,30.0,-4.5,-13.85,APPLIQUEE,AUGMENTER,26
CAMP_0040,2024-09-11,9,TIKTOK_ADS,CONVERSION,10427.86,273.89,23.0,PAUSE,1690129.0,IMAGE,MANUEL,4.0,35121.0,246.0,10.0,249.24,955.16,0.007,2.8323,24.92,1.01,7.1,22.7,2.8848,8.0,873.91,7.0,15.8,0.36,APPLIQUEE,AUGMENTER,17
CAMP_0040,2024-09-12,10,TIKTOK_ADS,CONVERSION,10427.86,273.89,23.0,PAUSE,1690129.0,IMAGE,MANUEL,4.0,45246.0,361.0,16.0,249.24,2394.46,0.008,8.6069,15.58,0.69,5.51,14.47,7.9223,17.0,2457.18,14.0,-7.9,1.68,REJETEE,AUGMENTER,13
CAMP_0041,2024-09-15,1,LINKEDIN_ADS,NOTORIETE,19906.87,131.21,16.0,PAUSE,225163.0,IMAGE,MANUEL,7.0,20210.0,289.0,1.0,111.29,100.02,0.0143,-0.1012,111.29,0.39,5.51,105.62,-0.1067,1.0,93.34,30.0,8.1,2.35,APPLIQUEE,PAUSE,0
CAMP_0041,2024-09-16,2,LINKEDIN_ADS,NOTORIETE,19906.87,131.21,16.0,PAUSE,225163.0,IMAGE,MANUEL,7.0,11609.0,179.0,0.0,130.16,0.01,0.0154,-1.0,130.16,0.73,11.21,144.66,-1.0337,0.0,0.01,7.0,14.2,-13.81,PROPOSEE,PAUSE,0
CAMP_0041,2024-09-17,3,LINKEDIN_ADS,NOTORIETE,19906.87,131.21,16.0,PAUSE,225163.0,IMAGE,MANUEL,7.0,5748.0,46.0,0.0,105.14,20.7,0.008,-0.8031,105.14,2.29,18.29,120.57,-0.7375,0.0,18.5,7.0,4.7,-0.89,ACCEPTEE,PAUSE,0
CAMP_0041,2024-09-18,4,LINKEDIN_ADS,NOTORIETE,19906.87,131.21,16.0,PAUSE,225163.0,IMAGE,MANUEL,7.0,10736.0,168.0,1.0,129.09,96.24,0.0156,-0.2545,129.09,0.77,12.02,128.14,-0.2291,0.0,109.81,7.0,18.3,5.08,APPLIQUEE,PAUSE,0
CAMP_0041,2024-09-19,5,LINKEDIN_ADS,NOTORIETE,19906.87,131.21,16.0,PAUSE,225163.0,IMAGE,MANUEL,7.0,14932.0,133.0,0.0,111.92,19.91,0.0089,-0.8221,111.92,0.84,7.5,112.31,-0.8122,0.0,18.88,30.0,1.4,-10.46,APPLIQUEE,PAUSE,0
CAMP_0041,2024-09-20,6,LINKEDIN_ADS,NOTORIETE,19906.87,131.21,16.0,PAUSE,225163.0,IMAGE,MANUEL,7.0,9586.0,105.0,0.0,110.67,1.71,0.011,-0.9846,110.67,1.05,11.55,119.3,-0.9336,0.0,1.85,30.0,-9.4,9.88,PROPOSEE,PAUSE,0
CAMP_0041,2024-09-21,7,LINKEDIN_ADS,NOTORIETE,19906.87,131.21,16.0,PAUSE,225163.0,IMAGE,MANUEL,7.0,13083.0,168.0,1.0,126.47,50.49,0.0128,-0.6008,126.47,0.75,9.67,125.5,-0.5782,1.0,50.95,30.0,29.7,-0.43,APPLIQUEE,PAUSE,0
CAMP_0041,2024-09-22,8,LINKEDIN_ADS,NOTORIETE,19906.87,131.21,16.0,PAUSE,225163.0,IMAGE,MANUEL,7.0,12217.0,196.0,1.0,129.16,76.78,0.016,-0.4055,129.16,0.66,10.57,142.42,-0.4424,1.0,84.46,30.0,-3.4,3.91,APPLIQUEE,PAUSE,0
CAMP_0041,2024-09-23,9,LINKEDIN_ADS,NOTORIETE,19906.87,131.21,16.0,PAUSE,225163.0,IMAGE,MANUEL,7.0,15700.0,271.0,2.0,124.59,266.89,0.0173,1.1421,62.29,0.46,7.94,55.62,1.1278,1.0,282.51,14.0,15.0,0.65,PROPOSEE,AUGMENTER,28
CAMP_0041,2024-09-24,10,LINKEDIN_ADS,NOTORIETE,19906.87,131.21,16.0,PAUSE,225163.0,IMAGE,MANUEL,7.0,17038.0,244.0,1.0,113.35,102.14,0.0143,-0.0989,113.35,0.46,6.65,119.65,-0.1,0.0,97.49,7.0,20.7,-0.68,REJETEE,PAUSE,0
CAMP_0042,2024-05-13,1,TIKTOK_ADS,TRAFIC,12449.81,241.75,29.0,PAUSE,747247.0,VIDEO,AUTOMATIQUE,8.0,55363.0,1142.0,11.0,240.35,1350.94,0.0206,4.6207,21.85,0.21,4.34,24.25,4.9491,12.0,1288.52,14.0,24.8,1.42,APPLIQUEE,AUGMENTER,22
CAMP_0042,2024-05-14,2,TIKTOK_ADS,TRAFIC,12449.81,241.75,29.0,PAUSE,747247.0,VIDEO,AUTOMATIQUE,8.0,58131.0,1570.0,3.0,209.65,277.03,0.027,0.3214,69.88,0.13,3.61,63.88,0.3252,3.0,313.55,14.0,14.2,0.01,ACCEPTEE,AUGMENTER,15
CAMP_0042,2024-05-15,3,TIKTOK_ADS,TRAFIC,12449.81,241.75,29.0,PAUSE,747247.0,VIDEO,AUTOMATIQUE,8.0,70655.0,1635.0,8.0,227.14,990.59,0.0231,3.3611,28.39,0.14,3.21,27.32,3.6523,9.0,900.2,14.0,-6.4,-1.94,APPLIQUEE,AUGMENTER,24
CAMP_0042,2024-05-16,4,TIKTOK_ADS,TRAFIC,12449.81,241.75,29.0,PAUSE,747247.0,VIDEO,AUTOMATIQUE,8.0,51468.0,1347.0,8.0,241.61,781.34,0.0262,2.2339,30.2,0.18,4.69,30.44,2.013,7.0,686.2,14.0,11.4,-5.85,ACCEPTEE,AUGMENTER,14
CAMP_0042,2024-05-17,5,TIKTOK_ADS,TRAFIC,12449.81,241.75,29.0,PAUSE,747247.0,VIDEO,AUTOMATIQUE,8.0,41927.0,1130.0,6.0,198.84,512.96,0.027,1.5798,33.14,0.18,4.74,37.27,1.5807,4.0,478.03,30.0,15.5,-0.78,REJETEE,AUGMENTER,22
CAMP_0042,2024-05-18,6,TIKTOK_ADS,TRAFIC,12449.81,241.75,29.0,PAUSE,747247.0,VIDEO,AUTOMATIQUE,8.0,46721.0,1168.0,9.0,201.58,706.22,0.025,2.5034,22.4,0.17,4.31,20.89,2.4928,7.0,747.64,14.0,3.2,-12.43,APPLIQUEE,AUGMENTER,14
CAMP_0042,2024-05-19,7,TIKTOK_ADS,TRAFIC,12449.81,241.75,29.0,PAUSE,747247.0,VIDEO,AUTOMATIQUE,8.0,83918.0,2633.0,24.0,204.69,2769.35,0.0314,12.5295,8.53,0.08,2.44,7.95,11.42,24.0,2379.23,30.0,20.9,7.18,APPLIQUEE,AUGMENTER,10
CAMP_0042,2024-05-20,8,TIKTOK_ADS,TRAFIC,12449.81,241.75,29.0,PAUSE,747247.0,VIDEO,AUTOMATIQUE,8.0,45519.0,869.0,2.0,223.43,112.49,0.0191,-0.4965,111.71,0.26,4.91,126.04,-0.5459,2.0,112.16,14.0,12.8,4.81,PROPOSEE,PAUSE,0
CAMP_0042,2024-05-21,9,TIKTOK_ADS,TRAFIC,12449.81,241.75,29.0,PAUSE,747247.0,VIDEO,AUTOMATIQUE,8.0,79353.0,1982.0,7.0,216.18,535.55,0.025,1.4773,30.88,0.11,2.72,33.2,1.5209,7.0,471.91,14.0,28.1,7.26,APPLIQUEE,AUGMENTER,16
CAMP_0042,2024-05-22,10,TIKTOK_ADS,TRAFIC,12449.81,241.75,29.0,PAUSE,747247.0,VIDEO,AUTOMATIQUE,8.0,70028.0,2075.0,12.0,223.52,1789.84,0.0296,7.0074,18.63,0.11,3.19,16.0,7.56,10.0,1916.67,7.0,-2.6,4.51,REJETEE,AUGMENTER,13
CAMP_0043,2024-11-13,1,LINKEDIN_ADS,TRAFIC,13149.92,406.17,8.0,ACTIVE,1417574.0,CAROUSEL,MANUEL,8.0,72265.0,1488.0,8.0,345.69,372.9,0.0206,0.0787,43.21,0.23,4.78,37.8,0.084,6.0,366.57,30.0,1.8,-11.47,ACCEPTEE,CIBLAGE,0
CAMP_0043,2024-11-14,2,LINKEDIN_ADS,TRAFIC,13149.92,406.17,8.0,ACTIVE,1417574.0,CAROUSEL,MANUEL,8.0,36320.0,678.0,6.0,330.35,675.85,0.0187,1.0459,55.06,0.49,9.1,47.83,0.9617,6.0,773.86,7.0,6.2,-1.0,APPLIQUEE,AUGMENTER,23
CAMP_0043,2024-11-15,3,LINKEDIN_ADS,TRAFIC,13149.92,406.17,8.0,ACTIVE,1417574.0,CAROUSEL,MANUEL,8.0,55686.0,1130.0,4.0,396.7,330.07,0.0203,-0.168,99.17,0.35,7.12,103.78,-0.176,3.0,347.1,14.0,27.5,-4.8,ACCEPTEE,PAUSE,0
CAMP_0043,2024-11-16,4,LINKEDIN_ADS,TRAFIC,13149.92,406.17,8.0,ACTIVE,1417574.0,CAROUSEL,MANUEL,8.0,84063.0,2243.0,12.0,373.44,596.19,0.0267,0.5965,31.12,0.17,4.44,34.83,0.557,14.0,635.92,14.0,29.6,-3.18,PROPOSEE,AUGMENTER,10
CAMP_0043,2024-11-17,5,LINKEDIN_ADS,TRAFIC,13149.92,406.17,8.0,ACTIVE,1417574.0,CAROUSEL,MANUEL,8.0,43859.0,1051.0,1.0,399.86,73.54,0.024,-0.8161,399.86,0.38,9.12,401.82,-0.888,0.0,80.99,30.0,5.9,-12.06,APPLIQUEE,PAUSE,0
CAMP_0043,2024-11-18,6,LINKEDIN_ADS,TRAFIC,13149.92,406.17,8.0,ACTIVE,1417574.0,CAROUSEL,MANUEL,8.0,56871.0,799.0,3.0,349.5,448.68,0.014,0.2838,116.5,0.44,6.15,101.17,0.2664,3.0,401.23,14.0,15.7,-10.65,PROPOSEE,DIMINUER,5
CAMP_0043,2024-11-19,7,LINKEDIN_ADS,TRAFIC,13149.92,406.17,8.0,ACTIVE,1417574.0,CAROUSEL,MANUEL,8.0,59247.0,879.0,3.0,406.17,446.82,0.0148,0.1001,135.39,0.46,6.86,118.49,0.099,2.0,406.43,30.0,2.4,8.58,PROPOSEE,DIMINUER,16
CAMP_0043,2024-11-20,8,LINKEDIN_ADS,TRAFIC,13149.92,406.17,8.0,ACTIVE,1417574.0,CAROUSEL,MANUEL,8.0,77777.0,1387.0,6.0,336.09,721.73,0.0178,1.1474,56.01,0.24,4.32,54.49,1.1784,6.0,817.23,14.0,10.8,-9.49,APPLIQUEE,AUGMENTER,17
CAMP_0043,2024-11-21,9,LINKEDIN_ADS,TRAFIC,13149.92,406.17,8.0,ACTIVE,1417574.0,CAROUSEL,MANUEL,8.0,57268.0,1699.0,8.0,371.47,695.29,0.0297,0.8717,46.43,0.22,6.49,43.28,0.8457,7.0,709.51,30.0,26.3,1.25,ACCEPTEE,AUGMENTER,29
CAMP_0043,2024-11-22,10,LINKEDIN_ADS,TRAFIC,13149.92,406.17,8.0,ACTIVE,1417574.0,CAROUSEL,MANUEL,8.0,35186.0,771.0,5.0,372.14,576.23,0.0219,0.5484,74.43,0.48,10.58,65.19,0.5956,4.0,648.49,7.0,-4.5,7.43,APPLIQUEE,AUGMENTER,26
CAMP_0044,2024-03-02,1,META_ADS,CONVERSION,3712.81,323.41,21.0,ACTIVE,274723.0,IMAGE,AUTOMATIQUE,8.0,39082.0,419.0,19.0,317.56,1658.83,0.0107,4.2237,16.71,0.76,8.13,17.86,3.9582,19.0,1890.62,7.0,23.4,9.52,REJETEE,AUGMENTER,10
CAMP_0044,2024-03-03,2,META_ADS,CONVERSION,3712.81,323.41,21.0,ACTIVE,274723.0,IMAGE,AUTOMATIQUE,8.0,77465.0,1389.0,45.0,268.95,2135.68,0.0179,6.9408,5.98,0.19,3.47,6.5,6.5487,42.0,1867.4,30.0,25.9,9.0,APPLIQUEE,AUGMENTER,10
CAMP_0044,2024-03-04,3,META_ADS,CONVERSION,3712.81,323.41,21.0,ACTIVE,274723.0,IMAGE,AUTOMATIQUE,8.0,46697.0,810.0,35.0,268.14,1513.51,0.0173,4.6445,7.66,0.33,5.74,8.68,4.4659,37.0,1714.5,7.0,29.3,7.56,REJETEE,AUGMENTER,13
CAMP_0044,2024-03-05,4,META_ADS,CONVERSION,3712.81,323.41,21.0,ACTIVE,274723.0,IMAGE,AUTOMATIQUE,8.0,50178.0,1016.0,22.0,306.96,2868.51,0.0202,8.345,13.95,0.3,6.12,14.99,8.7424,20.0,2764.65,14.0,14.4,-6.47,ACCEPTEE,AUGMENTER,28
CAMP_0044,2024-03-06,5,META_ADS,CONVERSION,3712.81,323.41,21.0,ACTIVE,274723.0,IMAGE,AUTOMATIQUE,8.0,50637.0,890.0,15.0,267.24,643.23,0.0176,1.407,17.82,0.3,5.28,16.1,1.3058,13.0,590.35,7.0,22.2,4.6,APPLIQUEE,AUGMENTER,27
CAMP_0044,2024-03-07,6,META_ADS,CONVERSION,3712.81,323.41,21.0,ACTIVE,274723.0,IMAGE,AUTOMATIQUE,8.0,80139.0,1297.0,44.0,297.3,2877.62,0.0162,8.6791,6.76,0.23,3.71,6.3,8.157,52.0,2669.87,14.0,13.6,-6.03,REJETEE,AUGMENTER,22
CAMP_0044,2024-03-08,7,META_ADS,CONVERSION,3712.81,323.41,21.0,ACTIVE,274723.0,IMAGE,AUTOMATIQUE,8.0,30269.0,304.0,4.0,313.46,366.26,0.01,0.1684,78.36,1.03,10.36,72.82,0.1681,4.0,349.65,30.0,7.4,-8.35,REJETEE,DIMINUER,14
CAMP_0044,2024-03-09,8,META_ADS,CONVERSION,3712.81,323.41,21.0,ACTIVE,274723.0,IMAGE,AUTOMATIQUE,8.0,56807.0,638.0,18.0,269.32,1168.02,0.0112,3.3369,14.96,0.42,4.74,15.06,3.5568,19.0,1052.55,30.0,5.3,-5.54,APPLIQUEE,AUGMENTER,27
CAMP_0044,2024-03-10,9,META_ADS,CONVERSION,3712.81,323.41,21.0,ACTIVE,274723.0,IMAGE,AUTOMATIQUE,8.0,55016.0,1112.0,53.0,273.12,6033.91,0.0202,21.0922,5.15,0.25,4.96,4.97,21.2523,46.0,6399.9,14.0,15.2,8.09,REJETEE,AUGMENTER,23
CAMP_0044,2024-03-11,10,META_ADS,CONVERSION,3712.81,323.41,21.0,ACTIVE,274723.0,IMAGE,AUTOMATIQUE,8.0,31670.0,363.0,17.0,287.14,1833.9,0.0115,5.3867,16.89,0.79,9.07,17.63,5.5828,15.0,1747.07,30.0,-9.4,-2.95,APPLIQUEE,AUGMENTER,16
CAMP_0045,2024-05-03,1,TIKTOK_ADS,TRAFIC,19039.88,64.57,11.0,TERMINEE,953556.0,VIDEO,MANUEL,10.0,25621.0,1198.0,9.0,59.51,1176.09,0.0468,18.7639,6.61,0.05,2.32,6.45,18.7033,8.0,1180.77,7.0,-6.1,5.77,APPLIQUEE,AUGMENTER,23
CAMP_0045,2024-05-04,2,TIKTOK_ADS,TRAFIC,19039.88,64.57,11.0,TERMINEE,953556.0,VIDEO,MANUEL,10.0,23287.0,1123.0,6.0,59.94,704.71,0.0482,10.7572,9.99,0.05,2.57,9.96,10.5668,6.0,638.42,7.0,20.7,5.18,PROPOSEE,AUGMENTER,14
CAMP_0045,2024-05-05,3,TIKTOK_ADS,TRAFIC,19039.88,64.57,11.0,TERMINEE,953556.0,VIDEO,MANUEL,10.0,10131.0,349.0,3.0,54.83,297.5,0.0344,4.4259,18.28,0.16,5.41,18.52,4.5894,3.0,281.65,7.0,12.9,9.51,PROPOSEE,AUGMENTER,20
CAMP_0045,2024-05-06,4,TIKTOK_ADS,TRAFIC,19039.88,64.57,11.0,TERMINEE,953556.0,VIDEO,MANUEL,10.0,25932.0,842.0,8.0,54.11,706.81,0.0325,12.063,6.76,0.06,2.09,6.55,11.8917,7.0,738.17,7.0,0.1,-10.2,REJETEE,AUGMENTER,13
CAMP_0045,2024-05-07,5,TIKTOK_ADS,TRAFIC,19039.88,64.57,11.0,TERMINEE,953556.0,VIDEO,MANUEL,10.0,25783.0,763.0,2.0,63.52,231.79,0.0296,2.6488,31.76,0.08,2.46,31.62,2.6689,2.0,227.55,30.0,5.9,-11.28,ACCEPTEE,AUGMENTER,18
CAMP_0045,2024-05-08,6,TIKTOK_ADS,TRAFIC,19039.88,64.57,11.0,TERMINEE,953556.0,VIDEO,MANUEL,10.0,22404.0,893.0,4.0,53.98,417.6,0.0399,6.7365,13.49,0.06,2.41,13.63,6.7247,4.0,386.6,14.0,21.9,-7.23,PROPOSEE,AUGMENTER,28
CAMP_0045,2024-05-09,7,TIKTOK_ADS,TRAFIC,19039.88,64.57,11.0,TERMINEE,953556.0,VIDEO,MANUEL,10.0,25568.0,835.0,1.0,57.51,138.63,0.0327,1.4103,57.51,0.07,2.25,55.25,1.3998,1.0,127.58,30.0,0.9,7.47,PROPOSEE,AUGMENTER,26
CAMP_0045,2024-05-10,8,TIKTOK_ADS,TRAFIC,19039.88,64.57,11.0,TERMINEE,953556.0,VIDEO,MANUEL,10.0,28981.0,695.0,4.0,60.84,232.16,0.024,2.8156,15.21,0.09,2.1,15.85,2.9244,4.0,208.76,7.0,23.3,-10.89,PROPOSEE,AUGMENTER,10
CAMP_0045,2024-05-11,9,TIKTOK_ADS,TRAFIC,19039.88,64.57,11.0,TERMINEE,953556.0,VIDEO,MANUEL,10.0,21054.0,875.0,1.0,60.79,119.96,0.0416,0.9733,60.79,0.07,2.89,58.54,0.9571,0.0,136.96,7.0,-10.0,1.69,ACCEPTEE,AUGMENTER,17
CAMP_0045,2024-05-12,10,TIKTOK_ADS,TRAFIC,19039.88,64.57,11.0,TERMINEE,953556.0,VIDEO,MANUEL,10.0,30458.0,791.0,1.0,53.86,76.87,0.026,0.4272,53.86,0.07,1.77,53.64,0.4129,0.0,83.0,14.0,14.0,7.68,ACCEPTEE,AUGMENTER,11
CAMP_0046,2024-01-20,1,GOOGLE_ADS,NOTORIETE,3616.21,215.13,17.0,TERMINEE,594454.0,IMAGE,AUTOMATIQUE,3.0,15308.0,109.0,0.0,205.2,2.11,0.0071,-0.9897,205.2,1.88,13.4,198.73,-1.0251,0.0,1.98,7.0,5.6,9.96,ACCEPTEE,PAUSE,0
CAMP_0046,2024-01-21,2,GOOGLE_ADS,NOTORIETE,3616.21,215.13,17.0,TERMINEE,594454.0,IMAGE,AUTOMATIQUE,3.0,12353.0,81.0,0.0,179.88,32.33,0.0066,-0.8203,179.88,2.22,14.56,170.97,-0.7924,0.0,32.87,14.0,-5.3,9.49,ACCEPTEE,PAUSE,0
CAMP_0046,2024-01-22,3,GOOGLE_ADS,NOTORIETE,3616.21,215.13,17.0,TERMINEE,594454.0,IMAGE,AUTOMATIQUE,3.0,20852.0,71.0,0.0,193.51,19.3,0.0034,-0.9003,193.51,2.73,9.28,196.77,-0.9301,0.0,17.64,14.0,5.5,-9.95,ACCEPTEE,PAUSE,0
CAMP_0046,2024-01-23,4,GOOGLE_ADS,NOTORIETE,3616.21,215.13,17.0,TERMINEE,594454.0,IMAGE,AUTOMATIQUE,3.0,16832.0,101.0,0.0,200.48,18.19,0.006,-0.9093,200.48,1.98,11.91,198.47,-0.8936,0.0,16.16,7.0,-6.8,-10.17,APPLIQUEE,PAUSE,0
CAMP_0046,2024-01-24,5,GOOGLE_ADS,NOTORIETE,3616.21,215.13,17.0,TERMINEE,594454.0,IMAGE,AUTOMATIQUE,3.0,9757.0,58.0,0.0,184.07,23.14,0.0059,-0.8743,184.07,3.17,18.87,176.19,-0.8733,0.0,23.81,30.0,14.5,5.59,PROPOSEE,PAUSE,0
CAMP_0046,2024-01-25,6,GOOGLE_ADS,NOTORIETE,3616.21,215.13,17.0,TERMINEE,594454.0,IMAGE,AUTOMATIQUE,3.0,14891.0,64.0,0.0,187.12,5.44,0.0043,-0.9709,187.12,2.92,12.57,184.67,-0.9554,0.0,5.62,7.0,22.9,-14.36,ACCEPTEE,PAUSE,0
CAMP_0046,2024-01-26,7,GOOGLE_ADS,NOTORIETE,3616.21,215.13,17.0,TERMINEE,594454.0,IMAGE,AUTOMATIQUE,3.0,7156.0,42.0,0.0,175.88,3.83,0.0059,-0.9782,175.88,4.19,24.58,171.13,-0.9782,0.0,4.31,30.0,27.8,-5.62,APPLIQUEE,PAUSE,0
CAMP_0046,2024-01-27,8,GOOGLE_ADS,NOTORIETE,3616.21,215.13,17.0,TERMINEE,594454.0,IMAGE,AUTOMATIQUE,3.0,17617.0,72.0,0.0,202.22,23.14,0.0041,-0.8855,202.22,2.81,11.48,200.72,-0.8665,0.0,22.34,7.0,-7.8,1.21,REJETEE,PAUSE,0
CAMP_0046,2024-01-28,9,GOOGLE_ADS,NOTORIETE,3616.21,215.13,17.0,TERMINEE,594454.0,IMAGE,AUTOMATIQUE,3.0,15077.0,114.0,0.0,173.65,26.69,0.0076,-0.8463,173.65,1.52,11.52,168.08,-0.8377,0.0,30.36,14.0,-6.8,0.75,REJETEE,PAUSE,0
CAMP_0046,2024-01-29,10,GOOGLE_ADS,NOTORIETE,3616.21,215.13,17.0,TERMINEE,594454.0,IMAGE,AUTOMATIQUE,3.0,11981.0,87.0,0.0,208.39,2.71,0.0073,-0.987,208.39,2.4,17.39,200.08,-1.0228,0.0,2.59,30.0,-7.1,3.44,ACCEPTEE,PAUSE,0
CAMP_0047,2024-10-20,1,META_ADS,TRAFIC,10837.16,461.09,10.0,PAUSE,1635218.0,VIDEO,MANUEL,6.0,61438.0,918.0,3.0,407.03,189.25,0.0149,-0.535,135.68,0.44,6.63,148.04,-0.4828,2.0,193.49,14.0,-7.8,-4.81,PROPOSEE,PAUSE,0
CAMP_0047,2024-10-21,2,META_ADS,TRAFIC,10837.16,461.09,10.0,PAUSE,1635218.0,VIDEO,MANUEL,6.0,40352.0,559.0,5.0,417.65,248.22,0.0139,-0.4057,83.53,0.75,10.35,88.2,-0.3661,5.0,260.89,14.0,-2.9,0.74,ACCEPTEE,PAUSE,0
CAMP_0047,2024-10-22,3,META_ADS,TRAFIC,10837.16,461.09,10.0,PAUSE,1635218.0,VIDEO,MANUEL,6.0,75536.0,1754.0,12.0,408.25,1599.09,0.0232,2.9169,34.02,0.23,5.4,36.79,2.8019,10.0,1663.43,30.0,24.9,8.74,REJETEE,AUGMENTER,16
CAMP_0047,2024-10-23,4,META_ADS,TRAFIC,10837.16,461.09,10.0,PAUSE,1635218.0,VIDEO,MANUEL,6.0,44104.0,1001.0,9.0,425.52,851.43,0.0227,1.0009,47.28,0.43,9.65,51.64,1.0826,9.0,923.21,30.0,6.4,-11.41,PROPOSEE,AUGMENTER,30
CAMP_0047,2024-10-24,5,META_ADS,TRAFIC,10837.16,461.09,10.0,PAUSE,1635218.0,VIDEO,MANUEL,6.0,76390.0,1633.0,14.0,390.33,1007.35,0.0214,1.5807,27.88,0.24,5.11,26.5,1.5918,13.0,1093.63,14.0,-1.2,-8.0,PROPOSEE,AUGMENTER,21
CAMP_0047,2024-10-25,6,META_ADS,TRAFIC,10837.16,461.09,10.0,PAUSE,1635218.0,VIDEO,MANUEL,6.0,37835.0,563.0,4.0,436.88,251.23,0.0149,-0.425,109.22,0.78,11.55,110.26,-0.4151,4.0,224.88,14.0,-9.3,-2.62,REJETEE,PAUSE,0
CAMP_0047,2024-10-26,7,META_ADS,TRAFIC,10837.16,461.09,10.0,PAUSE,1635218.0,VIDEO,MANUEL,6.0,50491.0,1008.0,4.0,443.2,253.43,0.02,-0.4282,110.8,0.44,8.78,125.7,-0.446,3.0,254.56,30.0,7.7,-7.96,APPLIQUEE,PAUSE,0
CAMP_0047,2024-10-27,8,META_ADS,TRAFIC,10837.16,461.09,10.0,PAUSE,1635218.0,VIDEO,MANUEL,6.0,56911.0,1404.0,2.0,396.56,201.0,0.0247,-0.4931,198.28,0.28,6.97,211.82,-0.4887,1.0,187.84,7.0,-3.5,2.86,APPLIQUEE,PAUSE,0
CAMP_0047,2024-10-28,9,META_ADS,TRAFIC,10837.16,461.09,10.0,PAUSE,1635218.0,VIDEO,MANUEL,6.0,65430.0,968.0,4.0,421.34,582.45,0.0148,0.3824,105.33,0.44,6.44,116.96,0.3794,3.0,599.81,14.0,19.0,4.07,ACCEPTEE,DIMINUER,7
CAMP_0047,2024-10-29,10,META_ADS,TRAFIC,10837.16,461.09,10.0,PAUSE,1635218.0,VIDEO,MANUEL,6.0,83544.0,1352.0,12.0,413.05,1106.34,0.0162,1.6784,34.42,0.31,4.94,31.86,1.6238,11.0,1212.27,30.0,16.9,-0.09,PROPOSEE,AUGMENTER,23
CAMP_0048,2024-10-08,1,TIKTOK_ADS,NOTORIETE,18413.1,271.04,10.0,ACTIVE,1798506.0,IMAGE,MANUEL,5.0,18308.0,124.0,1.0,265.4,90.87,0.0068,-0.6576,265.4,2.14,14.5,246.87,-0.6304,0.0,89.42,14.0,3.8,-1.11,PROPOSEE,PAUSE,0
CAMP_0048,2024-10-09,2,TIKTOK_ADS,NOTORIETE,18413.1,271.04,10.0,ACTIVE,1798506.0,IMAGE,MANUEL,5.0,63098.0,385.0,2.0,253.6,202.14,0.0061,-0.2029,126.8,0.66,4.02,131.97,-0.2068,1.0,174.04,30.0,-6.3,6.81,REJETEE,PAUSE,0
CAMP_0048,2024-10-10,3,TIKTOK_ADS,NOTORIETE,18413.1,271.04,10.0,ACTIVE,1798506.0,IMAGE,MANUEL,5.0,25361.0,205.0,1.0,220.42,56.42,0.0081,-0.744,220.42,1.08,8.69,213.56,-0.6957,1.0,50.09,7.0,19.0,5.65,PROPOSEE,PAUSE,0
CAMP_0048,2024-10-11,4,TIKTOK_ADS,NOTORIETE,18413.1,271.04,10.0,ACTIVE,1798506.0,IMAGE,MANUEL,5.0,51701.0,434.0,1.0,249.67,60.61,0.0084,-0.7572,249.67,0.58,4.83,259.63,-0.7468,0.0,69.19,30.0,26.9,8.08,PROPOSEE,PAUSE,0
CAMP_0048,2024-10-12,5,TIKTOK_ADS,NOTORIETE,18413.1,271.04,10.0,ACTIVE,1798506.0,IMAGE,MANUEL,5.0,31905.0,252.0,1.0,231.55,49.55,0.0079,-0.786,231.55,0.92,7.26,239.69,-0.8518,1.0,55.98,30.0,29.3,-0.86,REJETEE,PAUSE,0
CAMP_0048,2024-10-13,6,TIKTOK_ADS,NOTORIETE,18413.1,271.04,10.0,ACTIVE,1798506.0,IMAGE,MANUEL,5.0,48916.0,569.0,3.0,226.32,243.49,0.0116,0.0759,75.44,0.4,4.63,77.0,0.0689,2.0,209.76,30.0,20.8,-8.41,APPLIQUEE,DIMINUER,12
CAMP_0048,2024-10-14,7,TIKTOK_ADS,NOTORIETE,18413.1,271.04,10.0,ACTIVE,1798506.0,IMAGE,MANUEL,5.0,19291.0,122.0,0.0,265.89,8.19,0.0063,-0.9692,265.89,2.18,13.78,303.93,-0.9959,0.0,7.9,30.0,5.9,-1.9,REJETEE,PAUSE,0
CAMP_0048,2024-10-15,8,TIKTOK_ADS,NOTORIETE,18413.1,271.04,10.0,ACTIVE,1798506.0,IMAGE,MANUEL,5.0,31356.0,374.0,1.0,258.54,50.81,0.0119,-0.8035,258.54,0.69,8.25,225.87,-0.8722,1.0,49.63,7.0,11.3,-13.32,PROPOSEE,PAUSE,0
CAMP_0048,2024-10-16,9,TIKTOK_ADS,NOTORIETE,18413.1,271.04,10.0,ACTIVE,1798506.0,IMAGE,MANUEL,5.0,53500.0,685.0,0.0,237.84,41.14,0.0128,-0.827,237.84,0.35,4.45,215.29,-0.8678,0.0,44.14,7.0,-2.2,-9.93,REJETEE,PAUSE,0
CAMP_0048,2024-10-17,10,TIKTOK_ADS,NOTORIETE,18413.1,271.04,10.0,ACTIVE,1798506.0,IMAGE,MANUEL,5.0,26367.0,158.0,1.0,234.9,137.81,0.006,-0.4133,234.9,1.49,8.91,258.64,-0.4078,0.0,125.06,14.0,-0.7,8.43,PROPOSEE,PAUSE,0
CAMP_0049,2024-07-16,1,LINKEDIN_ADS,CONVERSION,16399.75,485.4,17.0,TERMINEE,738603.0,CAROUSEL,AUTOMATIQUE,7.0,27514.0,658.0,26.0,450.34,1640.16,0.0239,2.642,17.32,0.68,16.37,17.84,2.6088,26.0,1784.69,30.0,4.3,8.27,PROPOSEE,AUGMENTER,20
CAMP_0049,2024-07-17,2,LINKEDIN_ADS,CONVERSION,16399.75,485.4,17.0,TERMINEE,738603.0,CAROUSEL,AUTOMATIQUE,7.0,36220.0,743.0,27.0,414.79,1547.76,0.0205,2.7314,15.36,0.56,11.45,15.02,2.7782,26.0,1662.39,7.0,3.8,9.03,APPLIQUEE,AUGMENTER,16
CAMP_0049,2024-07-18,3,LINKEDIN_ADS,CONVERSION,16399.75,485.4,17.0,TERMINEE,738603.0,CAROUSEL,AUTOMATIQUE,7.0,31164.0,653.0,20.0,441.65,1396.31,0.021,2.1616,22.08,0.68,14.17,21.43,2.2226,21.0,1301.09,14.0,8.7,8.18,REJETEE,AUGMENTER,13
CAMP_0049,2024-07-19,4,LINKEDIN_ADS,CONVERSION,16399.75,485.4,17.0,TERMINEE,738603.0,CAROUSEL,AUTOMATIQUE,7.0,71655.0,1518.0,34.0,474.94,3381.76,0.0212,6.1204,13.97,0.31,6.63,13.72,5.9498,33.0,3676.24,30.0,-9.6,6.24,APPLIQUEE,AUGMENTER,24
CAMP_0049,2024-07-20,5,LINKEDIN_ADS,CONVERSION,16399.75,485.4,17.0,TERMINEE,738603.0,CAROUSEL,AUTOMATIQUE,7.0,18684.0,494.0,12.0,396.68,997.33,0.0264,1.5142,33.06,0.8,21.23,33.42,1.5082,9.0,933.85,30.0,17.1,-13.04,ACCEPTEE,AUGMENTER,15
CAMP_0049,2024-07-21,6,LINKEDIN_ADS,CONVERSION,16399.75,485.4,17.0,TERMINEE,738603.0,CAROUSEL,AUTOMATIQUE,7.0,76408.0,1686.0,46.0,422.84,3521.6,0.0221,7.3284,9.19,0.25,5.53,8.74,7.2116,46.0,3495.82,30.0,-10.0,-12.18,APPLIQUEE,AUGMENTER,15
CAMP_0049,2024-07-22,7,LINKEDIN_ADS,CONVERSION,16399.75,485.4,17.0,TERMINEE,738603.0,CAROUSEL,AUTOMATIQUE,7.0,32641.0,814.0,38.0,462.53,3893.36,0.0249,7.4175,12.17,0.57,14.17,12.21,7.1727,37.0,4176.69,7.0,-0.5,-2.17,ACCEPTEE,AUGMENTER,23
CAMP_0049,2024-07-23,8,LINKEDIN_ADS,CONVERSION,16399.75,485.4,17.0,TERMINEE,738603.0,CAROUSEL,AUTOMATIQUE,7.0,28416.0,658.0,14.0,450.88,1740.4,0.0232,2.86,32.21,0.69,15.87,32.63,2.8775,14.0,1777.63,7.0,-4.7,-2.61,REJETEE,AUGMENTER,20
CAMP_0049,2024-07-24,9,LINKEDIN_ADS,CONVERSION,16399.75,485.4,17.0,TERMINEE,738603.0,CAROUSEL,AUTOMATIQUE,7.0,67549.0,965.0,19.0,423.6,1143.21,0.0143,1.6988,22.29,0.44,6.27,22.85,1.6906,22.0,1098.35,14.0,29.1,-5.6,APPLIQUEE,AUGMENTER,28
CAMP_0049,2024-07-25,10,LINKEDIN_ADS,CONVERSION,16399.75,485.4,17.0,TERMINEE,738603.0,CAROUSEL,AUTOMATIQUE,7.0,62611.0,1613.0,47.0,394.67,2463.63,0.0258,5.2423,8.4,0.24,6.3,8.34,5.5022,48.0,2555.47,30.0,-1.3,-13.14,APPLIQUEE,AUGMENTER,16
CAMP_0050,2024-07-19,1,TIKTOK_ADS,CONVERSION,14524.37,467.3,27.0,ACTIVE,1674501.0,VIDEO,AUTOMATIQUE,4.0,58686.0,692.0,22.0,421.31,1861.76,0.0118,3.4189,19.15,0.61,7.18,16.41,3.7426,22.0,1856.6,7.0,1.9,-8.39,REJETEE,AUGMENTER,27
CAMP_0050,2024-07-20,2,TIKTOK_ADS,CONVERSION,14524.37,467.3,27.0,ACTIVE,1674501.0,VIDEO,AUTOMATIQUE,4.0,47537.0,709.0,15.0,416.92,1574.38,0.0149,2.7762,27.79,0.59,8.77,26.75,2.7971,14.0,1786.36,7.0,19.0,-10.78,REJETEE,AUGMENTER,11
CAMP_0050,2024-07-21,3,TIKTOK_ADS,CONVERSION,14524.37,467.3,27.0,ACTIVE,1674501.0,VIDEO,AUTOMATIQUE,4.0,36908.0,383.0,4.0,393.3,465.39,0.0104,0.1833,98.33,1.03,10.66,86.44,0.173,4.0,475.27,7.0,-8.1,6.6,ACCEPTEE,DIMINUER,20
CAMP_0050,2024-07-22,4,TIKTOK_ADS,CONVERSION,14524.37,467.3,27.0,ACTIVE,1674501.0,VIDEO,AUTOMATIQUE,4.0,58315.0,877.0,33.0,390.02,3750.67,0.015,8.6167,11.82,0.44,6.69,13.11,9.0766,39.0,4289.52,30.0,10.4,9.33,PROPOSEE,AUGMENTER,19
CAMP_0050,2024-07-23,5,TIKTOK_ADS,CONVERSION,14524.37,467.3,27.0,ACTIVE,1674501.0,VIDEO,AUTOMATIQUE,4.0,63759.0,1156.0,39.0,404.25,1978.94,0.0181,3.8953,10.37,0.35,6.34,10.09,4.0911,37.0,2037.86,14.0,7.2,-7.88,REJETEE,AUGMENTER,13
CAMP_0050,2024-07-24,6,TIKTOK_ADS,CONVERSION,14524.37,467.3,27.0,ACTIVE,1674501.0,VIDEO,AUTOMATIQUE,4.0,50857.0,671.0,25.0,429.58,3254.63,0.0132,6.5763,17.18,0.64,8.45,18.57,6.7476,26.0,3437.06,30.0,-0.5,-9.88,APPLIQUEE,AUGMENTER,11
CAMP_0050,2024-07-25,7,TIKTOK_ADS,CONVERSION,14524.37,467.3,27.0,ACTIVE,1674501.0,VIDEO,AUTOMATIQUE,4.0,43543.0,403.0,6.0,428.12,738.29,0.0093,0.7245,71.35,1.06,9.83,76.95,0.6981,6.0,714.41,14.0,23.3,-5.04,ACCEPTEE,AUGMENTER,18
CAMP_0050,2024-07-26,8,TIKTOK_ADS,CONVERSION,14524.37,467.3,27.0,ACTIVE,1674501.0,VIDEO,AUTOMATIQUE,4.0,79479.0,1281.0,27.0,431.37,2408.06,0.0161,4.5823,15.98,0.34,5.43,15.96,4.5492,30.0,2371.55,7.0,-5.7,-11.46,APPLIQUEE,AUGMENTER,27
CAMP_0050,2024-07-27,9,TIKTOK_ADS,CONVERSION,14524.37,467.3,27.0,ACTIVE,1674501.0,VIDEO,AUTOMATIQUE,4.0,50907.0,610.0,22.0,459.68,3146.76,0.012,5.8455,20.89,0.75,9.03,20.26,5.2649,24.0,3394.98,30.0,19.6,-2.51,APPLIQUEE,AUGMENTER,24
CAMP_0050,2024-07-28,10,TIKTOK_ADS,CONVERSION,14524.37,467.3,27.0,ACTIVE,1674501.0,VIDEO,AUTOMATIQUE,4.0,82262.0,1636.0,56.0,421.54,7461.44,0.0199,16.7003,7.53,0.26,5.12,6.79,18.0606,53.0,7804.15,14.0,-3.2,-10.33,REJETEE,AUGMENTER,26
CAMP_0051,2024-01-16,1,META_ADS,CONVERSION,5497.99,272.31,18.0,TERMINEE,1210152.0,VIDEO,MANUEL,5.0,42738.0,496.0,24.0,217.89,2438.48,0.0116,10.1911,9.08,0.44,5.1,9.08,9.7636,25.0,2174.08,30.0,23.4,0.98,REJETEE,AUGMENTER,10
CAMP_0051,2024-01-17,2,META_ADS,CONVERSION,5497.99,272.31,18.0,TERMINEE,1210152.0,VIDEO,MANUEL,5.0,36758.0,451.0,5.0,241.36,524.59,0.0123,1.1735,48.27,0.54,6.57,48.6,1.1702,4.0,541.87,7.0,25.8,-0.28,ACCEPTEE,AUGMENTER,25
CAMP_0051,2024-01-18,3,META_ADS,CONVERSION,5497.99,272.31,18.0,TERMINEE,1210152.0,VIDEO,MANUEL,5.0,29489.0,615.0,16.0,229.35,945.2,0.0209,3.1212,14.33,0.37,7.78,14.17,3.1247,17.0,1053.95,30.0,-5.9,-10.17,APPLIQUEE,AUGMENTER,15
CAMP_0051,2024-01-19,4,META_ADS,CONVERSION,5497.99,272.31,18.0,TERMINEE,1210152.0,VIDEO,MANUEL,5.0,19792.0,369.0,9.0,240.57,645.59,0.0186,1.6836,26.73,0.65,12.15,25.86,1.7572,8.0,688.79,7.0,27.2,-4.5,ACCEPTEE,AUGMENTER,26
CAMP_0051,2024-01-20,5,META_ADS,CONVERSION,5497.99,272.31,18.0,TERMINEE,1210152.0,VIDEO,MANUEL,5.0,30078.0,376.0,13.0,225.69,1785.39,0.0125,6.9108,17.36,0.6,7.5,17.49,6.8826,11.0,1996.66,7.0,11.8,3.36,REJETEE,AUGMENTER,28
CAMP_0051,2024-01-21,6,META_ADS,CONVERSION,5497.99,272.31,18.0,TERMINEE,1210152.0,VIDEO,MANUEL,5.0,26937.0,663.0,10.0,261.74,1346.17,0.0246,4.1431,26.17,0.39,9.72,26.17,3.982,8.0,1215.68,14.0,21.4,2.17,REJETEE,AUGMENTER,25
CAMP_0051,2024-01-22,7,META_ADS,CONVERSION,5497.99,272.31,18.0,TERMINEE,1210152.0,VIDEO,MANUEL,5.0,44480.0,918.0,32.0,242.6,2772.92,0.0206,10.4302,7.58,0.26,5.45,7.75,9.9815,37.0,2489.47,14.0,-0.6,-4.35,REJETEE,AUGMENTER,24
CAMP_0051,2024-01-23,8,META_ADS,CONVERSION,5497.99,272.31,18.0,TERMINEE,1210152.0,VIDEO,MANUEL,5.0,32003.0,518.0,13.0,218.25,1232.36,0.0162,4.6465,16.79,0.42,6.82,17.4,4.4469,12.0,1239.67,14.0,25.0,-1.52,REJETEE,AUGMENTER,17
CAMP_0051,2024-01-24,9,META_ADS,CONVERSION,5497.99,272.31,18.0,TERMINEE,1210152.0,VIDEO,MANUEL,5.0,30425.0,635.0,29.0,249.24,1266.74,0.0209,4.0825,8.59,0.39,8.19,8.72,4.0965,31.0,1122.7,30.0,23.9,-10.57,REJETEE,AUGMENTER,13
CAMP_0051,2024-01-25,10,META_ADS,CONVERSION,5497.99,272.31,18.0,TERMINEE,1210152.0,VIDEO,MANUEL,5.0,13876.0,244.0,8.0,270.23,390.46,0.0176,0.4449,33.78,1.11,19.47,34.89,0.4549,8.0,366.21,14.0,6.3,-6.54,PROPOSEE,AUGMENTER,10
CAMP_0052,2024-09-07,1,GOOGLE_ADS,CONVERSION,6876.52,499.82,30.0,PAUSE,1112463.0,VIDEO,MANUEL,4.0,56260.0,820.0,32.0,427.79,3099.66,0.0146,6.2458,13.37,0.52,7.6,11.52,6.1202,37.0,3219.87,14.0,20.0,8.99,PROPOSEE,AUGMENTER,28
CAMP_0052,2024-09-08,2,GOOGLE_ADS,CONVERSION,6876.52,499.82,30.0,PAUSE,1112463.0,VIDEO,MANUEL,4.0,36749.0,571.0,20.0,466.21,2271.18,0.0155,3.8716,23.31,0.82,12.69,22.81,3.5805,17.0,2109.36,30.0,9.7,2.57,ACCEPTEE,AUGMENTER,10
CAMP_0052,2024-09-09,3,GOOGLE_ADS,CONVERSION,6876.52,499.82,30.0,PAUSE,1112463.0,VIDEO,MANUEL,4.0,48853.0,719.0,24.0,490.18,2372.49,0.0147,3.84,20.42,0.68,10.03,21.97,3.5418,20.0,2310.49,14.0,18.8,-4.28,APPLIQUEE,AUGMENTER,27
CAMP_0052,2024-09-10,4,GOOGLE_ADS,CONVERSION,6876.52,499.82,30.0,PAUSE,1112463.0,VIDEO,MANUEL,4.0,23741.0,326.0,10.0,433.0,788.21,0.0137,0.8204,43.3,1.33,18.24,38.65,0.7782,9.0,732.52,14.0,8.1,2.5,APPLIQUEE,AUGMENTER,13
CAMP_0052,2024-09-11,5,GOOGLE_ADS,CONVERSION,6876.52,499.82,30.0,PAUSE,1112463.0,VIDEO,MANUEL,4.0,51230.0,611.0,23.0,459.6,1689.3,0.0119,2.6756,19.98,0.75,8.97,20.83,2.4477,26.0,1685.03,7.0,24.4,-2.59,ACCEPTEE,AUGMENTER,22
CAMP_0052,2024-09-12,6,GOOGLE_ADS,CONVERSION,6876.52,499.82,30.0,PAUSE,1112463.0,VIDEO,MANUEL,4.0,54039.0,624.0,20.0,457.12,2243.9,0.0115,3.9088,22.86,0.73,8.46,24.62,3.7856,21.0,2129.91,14.0,10.7,5.19,APPLIQUEE,AUGMENTER,22
CAMP_0052,2024-09-13,7,GOOGLE_ADS,CONVERSION,6876.52,499.82,30.0,PAUSE,1112463.0,VIDEO,MANUEL,4.0,25672.0,436.0,12.0,412.53,581.46,0.017,0.4095,34.38,0.95,16.07,36.44,0.4151,12.0,627.04,7.0,4.6,-14.94,APPLIQUEE,CIBLAGE,0
CAMP_0052,2024-09-14,8,GOOGLE_ADS,CONVERSION,6876.52,499.82,30.0,PAUSE,1112463.0,VIDEO,MANUEL,4.0,53709.0,615.0,12.0,425.54,1458.69,0.0115,2.4278,35.46,0.69,7.92,35.69,2.1976,13.0,1486.5,30.0,-4.3,1.47,APPLIQUEE,AUGMENTER,27
CAMP_0052,2024-09-15,9,GOOGLE_ADS,CONVERSION,6876.52,499.82,30.0,PAUSE,1112463.0,VIDEO,MANUEL,4.0,48355.0,917.0,33.0,436.82,1956.7,0.019,3.4794,13.24,0.48,9.03,12.41,3.7889,28.0,2035.3,14.0,-2.8,0.73,PROPOSEE,AUGMENTER,15
CAMP_0052,2024-09-16,10,GOOGLE_ADS,CONVERSION,6876.52,499.82,30.0,PAUSE,1112463.0,VIDEO,MANUEL,4.0,44735.0,504.0,15.0,403.16,2223.72,0.0113,4.5157,26.88,0.8,9.01,28.6,4.6722,12.0,2427.32,7.0,17.0,-12.85,PROPOSEE,AUGMENTER,20
CAMP_0053,2024-05-08,1,META_ADS,TRAFIC,13204.43,252.49,28.0,TERMINEE,732499.0,IMAGE,AUTOMATIQUE,5.0,41816.0,416.0,3.0,240.0,256.27,0.0099,0.0678,80.0,0.58,5.74,82.81,0.0684,2.0,266.78,7.0,17.1,1.49,APPLIQUEE,DIMINUER,22
CAMP_0053,2024-05-09,2,META_ADS,TRAFIC,13204.43,252.49,28.0,TERMINEE,732499.0,IMAGE,AUTOMATIQUE,5.0,24314.0,253.0,0.0,231.17,38.92,0.0104,-0.8316,231.17,0.91,9.51,228.99,-0.8415,0.0,39.02,30.0,-9.4,-6.62,ACCEPTEE,PAUSE,0
CAMP_0053,2024-05-10,3,META_ADS,TRAFIC,13204.43,252.49,28.0,TERMINEE,732499.0,IMAGE,AUTOMATIQUE,5.0,15785.0,120.0,0.0,225.42,21.47,0.0076,-0.9048,225.42,1.88,14.28,225.95,-0.8938,0.0,23.74,14.0,29.6,8.43,REJETEE,PAUSE,0
CAMP_0053,2024-05-11,4,META_ADS,TRAFIC,13204.43,252.49,28.0,TERMINEE,732499.0,IMAGE,AUTOMATIQUE,5.0,28815.0,359.0,1.0,236.51,82.91,0.0125,-0.6495,236.51,0.66,8.21,245.9,-0.6179,1.0,82.46,14.0,17.5,-4.88,REJETEE,PAUSE,0
CAMP_0053,2024-05-12,5,META_ADS,TRAFIC,13204.43,252.49,28.0,TERMINEE,732499.0,IMAGE,AUTOMATIQUE,5.0,18752.0,178.0,0.0,242.25,18.51,0.0095,-0.9236,242.25,1.36,12.92,244.88,-0.9447,0.0,16.98,14.0,-4.0,-13.18,APPLIQUEE,PAUSE,0
CAMP_0053,2024-05-13,6,META_ADS,TRAFIC,13204.43,252.49,28.0,TERMINEE,732499.0,IMAGE,AUTOMATIQUE,5.0,24350.0,231.0,0.0,228.82,16.19,0.0095,-0.9292,228.82,0.99,9.4,238.12,-0.9608,0.0,16.53,30.0,16.1,8.43,REJETEE,PAUSE,0
CAMP_0053,2024-05-14,7,META_ADS,TRAFIC,13204.43,252.49,28.0,TERMINEE,732499.0,IMAGE,AUTOMATIQUE,5.0,36005.0,362.0,1.0,215.64,128.25,0.0101,-0.4052,215.64,0.6,5.99,212.7,-0.3863,1.0,117.8,7.0,-7.1,-0.73,APPLIQUEE,PAUSE,0
CAMP_0053,2024-05-15,8,META_ADS,TRAFIC,13204.43,252.49,28.0,TERMINEE,732499.0,IMAGE,AUTOMATIQUE,5.0,18774.0,185.0,1.0,214.2,113.91,0.0099,-0.4682,214.2,1.16,11.41,221.62,-0.47,1.0,106.1,30.0,3.1,-5.05,REJETEE,PAUSE,0
CAMP_0053,2024-05-16,9,META_ADS,TRAFIC,13204.43,252.49,28.0,TERMINEE,732499.0,IMAGE,AUTOMATIQUE,5.0,34359.0,323.0,3.0,217.81,123.49,0.0094,-0.433,72.6,0.67,6.34,70.83,-0.4434,2.0,124.34,7.0,8.3,-0.15,REJETEE,PAUSE,0
CAMP_0053,2024-05-17,10,META_ADS,TRAFIC,13204.43,252.49,28.0,TERMINEE,732499.0,IMAGE,AUTOMATIQUE,5.0,12382.0,76.0,0.0,236.61,16.63,0.0061,-0.9297,236.61,3.11,19.11,228.98,-0.9743,0.0,17.58,14.0,-8.4,-0.23,APPLIQUEE,PAUSE,0
CAMP_0054,2024-05-10,1,LINKEDIN_ADS,NOTORIETE,18303.53,74.94,10.0,TERMINEE,330896.0,VIDEO,AUTOMATIQUE,5.0,6499.0,72.0,0.0,68.86,12.31,0.0111,-0.8212,68.86,0.96,10.6,71.66,-0.791,0.0,13.17,7.0,20.9,-8.29,REJETEE,PAUSE,0
CAMP_0054,2024-05-11,2,LINKEDIN_ADS,NOTORIETE,18303.53,74.94,10.0,TERMINEE,330896.0,VIDEO,AUTOMATIQUE,5.0,4956.0,61.0,0.0,69.02,5.19,0.0123,-0.9248,69.02,1.13,13.93,68.77,-0.9282,0.0,5.6,14.0,7.2,0.22,ACCEPTEE,PAUSE,0
CAMP_0054,2024-05-12,3,LINKEDIN_ADS,NOTORIETE,18303.53,74.94,10.0,TERMINEE,330896.0,VIDEO,AUTOMATIQUE,5.0,6575.0,145.0,0.0,62.71,3.69,0.0221,-0.9411,62.71,0.43,9.54,62.35,-0.9388,0.0,3.35,7.0,1.6,-1.33,PROPOSEE,PAUSE,0
CAMP_0054,2024-05-13,4,LINKEDIN_ADS,NOTORIETE,18303.53,74.94,10.0,TERMINEE,330896.0,VIDEO,AUTOMATIQUE,5.0,6488.0,111.0,0.0,70.33,9.39,0.0171,-0.8665,70.33,0.63,10.84,70.9,-0.8978,0.0,8.83,7.0,-9.4,-11.04,ACCEPTEE,PAUSE,0
CAMP_0054,2024-05-14,5,LINKEDIN_ADS,NOTORIETE,18303.53,74.94,10.0,TERMINEE,330896.0,VIDEO,AUTOMATIQUE,5.0,5871.0,128.0,0.0,65.78,13.1,0.0218,-0.8008,65.78,0.51,11.2,66.53,-0.7973,0.0,11.9,30.0,25.7,-14.06,REJETEE,PAUSE,0
CAMP_0054,2024-05-15,6,LINKEDIN_ADS,NOTORIETE,18303.53,74.94,10.0,TERMINEE,330896.0,VIDEO,AUTOMATIQUE,5.0,3969.0,52.0,0.0,62.96,4.94,0.0131,-0.9215,62.96,1.21,15.86,61.88,-0.92,0.0,4.93,7.0,3.2,-14.15,PROPOSEE,PAUSE,0
CAMP_0054,2024-05-16,7,LINKEDIN_ADS,NOTORIETE,18303.53,74.94,10.0,TERMINEE,330896.0,VIDEO,AUTOMATIQUE,5.0,5280.0,97.0,0.0,61.54,5.44,0.0184,-0.9117,61.54,0.63,11.66,60.16,-0.9173,0.0,5.49,14.0,14.2,3.24,ACCEPTEE,PAUSE,0
CAMP_0054,2024-05-17,8,LINKEDIN_ADS,NOTORIETE,18303.53,74.94,10.0,TERMINEE,330896.0,VIDEO,AUTOMATIQUE,5.0,3788.0,44.0,0.0,60.23,6.0,0.0116,-0.9005,60.23,1.37,15.9,57.26,-0.9359,0.0,6.8,14.0,16.5,-1.44,ACCEPTEE,PAUSE,0
CAMP_0054,2024-05-18,9,LINKEDIN_ADS,NOTORIETE,18303.53,74.94,10.0,TERMINEE,330896.0,VIDEO,AUTOMATIQUE,5.0,4958.0,55.0,0.0,64.9,5.08,0.0111,-0.9217,64.9,1.18,13.09,63.63,-0.9609,0.0,5.48,30.0,29.0,-0.04,ACCEPTEE,PAUSE,0
CAMP_0054,2024-05-19,10,LINKEDIN_ADS,NOTORIETE,18303.53,74.94,10.0,TERMINEE,330896.0,VIDEO,AUTOMATIQUE,5.0,3039.0,66.0,0.0,70.86,11.51,0.0217,-0.8375,70.86,1.07,23.32,72.72,-0.8135,0.0,10.41,7.0,17.7,-2.32,APPLIQUEE,PAUSE,0
CAMP_0055,2024-05-19,1,TIKTOK_ADS,NOTORIETE,5283.94,476.37,23.0,PAUSE,1784051.0,IMAGE,MANUEL,6.0,46818.0,475.0,3.0,392.64,296.65,0.0101,-0.2445,130.88,0.83,8.39,130.95,-0.2357,3.0,261.31,14.0,1.7,-11.75,REJETEE,PAUSE,0
CAMP_0055,2024-05-20,2,TIKTOK_ADS,NOTORIETE,5283.94,476.37,23.0,PAUSE,1784051.0,IMAGE,MANUEL,6.0,98138.0,927.0,9.0,442.75,721.7,0.0094,0.6301,49.19,0.48,4.51,55.5,0.5936,9.0,683.54,7.0,3.5,3.39,PROPOSEE,AUGMENTER,29
CAMP_0055,2024-05-21,3,TIKTOK_ADS,NOTORIETE,5283.94,476.37,23.0,PAUSE,1784051.0,IMAGE,MANUEL,6.0,119936.0,1687.0,6.0,400.45,605.95,0.0141,0.5132,66.74,0.24,3.34,72.07,0.5425,6.0,625.97,7.0,12.1,-13.35,ACCEPTEE,AUGMENTER,26
CAMP_0055,2024-05-22,4,TIKTOK_ADS,NOTORIETE,5283.94,476.37,23.0,PAUSE,1784051.0,IMAGE,MANUEL,6.0,128037.0,1205.0,2.0,446.72,187.03,0.0094,-0.5813,223.36,0.37,3.49,211.68,-0.5832,1.0,192.37,14.0,-6.6,-6.33,REJETEE,PAUSE,0
CAMP_0055,2024-05-23,5,TIKTOK_ADS,NOTORIETE,5283.94,476.37,23.0,PAUSE,1784051.0,IMAGE,MANUEL,6.0,94318.0,799.0,0.0,476.03,22.7,0.0085,-0.9523,476.03,0.6,5.05,515.98,-0.9084,0.0,22.51,14.0,15.0,-2.31,ACCEPTEE,PAUSE,0
CAMP_0055,2024-05-24,6,TIKTOK_ADS,NOTORIETE,5283.94,476.37,23.0,PAUSE,1784051.0,IMAGE,MANUEL,6.0,85121.0,1053.0,10.0,458.44,1463.23,0.0124,2.1918,45.84,0.44,5.39,44.06,2.1069,10.0,1607.75,14.0,17.8,-3.96,REJETEE,AUGMENTER,11
CAMP_0055,2024-05-25,7,TIKTOK_ADS,NOTORIETE,5283.94,476.37,23.0,PAUSE,1784051.0,IMAGE,MANUEL,6.0,45097.0,439.0,2.0,401.26,223.85,0.0097,-0.4421,200.63,0.91,8.9,197.6,-0.4355,1.0,218.28,14.0,4.3,-10.52,ACCEPTEE,PAUSE,0
CAMP_0055,2024-05-26,8,TIKTOK_ADS,NOTORIETE,5283.94,476.37,23.0,PAUSE,1784051.0,IMAGE,MANUEL,6.0,104681.0,1498.0,11.0,403.29,527.16,0.0143,0.3071,36.66,0.27,3.85,31.77,0.3015,11.0,470.22,14.0,7.9,-3.06,REJETEE,AUGMENTER,11
CAMP_0055,2024-05-27,9,TIKTOK_ADS,NOTORIETE,5283.94,476.37,23.0,PAUSE,1784051.0,IMAGE,MANUEL,6.0,122643.0,861.0,5.0,404.22,556.83,0.007,0.3776,80.84,0.47,3.3,87.32,0.3413,5.0,508.15,30.0,-2.5,8.35,PROPOSEE,AUGMENTER,15
CAMP_0055,2024-05-28,10,TIKTOK_ADS,NOTORIETE,5283.94,476.37,23.0,PAUSE,1784051.0,IMAGE,MANUEL,6.0,52404.0,765.0,1.0,439.33,131.89,0.0146,-0.6998,439.33,0.57,8.38,407.16,-0.7463,0.0,129.02,14.0,8.1,-5.49,ACCEPTEE,PAUSE,0
CAMP_0056,2024-05-02,1,TIKTOK_ADS,CONVERSION,12875.42,326.49,9.0,TERMINEE,1354248.0,IMAGE,AUTOMATIQUE,5.0,32308.0,210.0,7.0,265.31,436.03,0.0065,0.6435,37.9,1.26,8.21,37.67,0.629,6.0,398.75,30.0,28.5,-13.41,PROPOSEE,AUGMENTER,12
CAMP_0056,2024-05-03,2,TIKTOK_ADS,CONVERSION,12875.42,326.49,9.0,TERMINEE,1354248.0,IMAGE,AUTOMATIQUE,5.0,44694.0,490.0,7.0,305.86,700.33,0.011,1.2897,43.69,0.62,6.84,43.56,1.3505,7.0,793.09,30.0,16.5,-3.46,REJETEE,AUGMENTER,30
CAMP_0056,2024-05-04,3,TIKTOK_ADS,CONVERSION,12875.42,326.49,9.0,TERMINEE,1354248.0,IMAGE,AUTOMATIQUE,5.0,39042.0,282.0,4.0,265.32,280.51,0.0072,0.0573,66.33,0.94,6.8,64.67,0.0601,4.0,314.92,14.0,5.4,-11.25,ACCEPTEE,DIMINUER,25
CAMP_0056,2024-05-05,4,TIKTOK_ADS,CONVERSION,12875.42,326.49,9.0,TERMINEE,1354248.0,IMAGE,AUTOMATIQUE,5.0,46252.0,386.0,7.0,299.19,382.7,0.0083,0.2791,42.74,0.78,6.47,42.18,0.2909,5.0,364.64,30.0,26.6,-2.35,APPLIQUEE,AUGMENTER,14
CAMP_0056,2024-05-06,5,TIKTOK_ADS,CONVERSION,12875.42,326.49,9.0,TERMINEE,1354248.0,IMAGE,AUTOMATIQUE,5.0,57457.0,482.0,21.0,266.46,856.69,0.0084,2.215,12.69,0.55,4.64,12.58,2.1379,23.0,811.6,30.0,23.5,-11.76,PROPOSEE,AUGMENTER,14
CAMP_0056,2024-05-07,6,TIKTOK_ADS,CONVERSION,12875.42,326.49,9.0,TERMINEE,1354248.0,IMAGE,AUTOMATIQUE,5.0,69077.0,687.0,25.0,312.92,2309.03,0.0099,6.3789,12.52,0.46,4.53,12.3,6.4086,21.0,2023.64,7.0,13.1,-2.65,PROPOSEE,AUGMENTER,26
CAMP_0056,2024-05-08,7,TIKTOK_ADS,CONVERSION,12875.42,326.49,9.0,TERMINEE,1354248.0,IMAGE,AUTOMATIQUE,5.0,25796.0,197.0,3.0,272.59,348.25,0.0076,0.2776,90.86,1.38,10.57,93.33,0.2656,3.0,368.06,7.0,21.6,-1.7,REJETEE,AUGMENTER,5
CAMP_0056,2024-05-09,8,TIKTOK_ADS,CONVERSION,12875.42,326.49,9.0,TERMINEE,1354248.0,IMAGE,AUTOMATIQUE,5.0,48736.0,491.0,21.0,280.86,1807.4,0.0101,5.4352,13.37,0.57,5.76,13.7,5.2802,19.0,1999.04,14.0,-10.0,1.09,APPLIQUEE,AUGMENTER,26
CAMP_0056,2024-05-10,9,TIKTOK_ADS,CONVERSION,12875.42,326.49,9.0,TERMINEE,1354248.0,IMAGE,AUTOMATIQUE,5.0,54077.0,690.0,23.0,317.53,3416.56,0.0128,9.7599,13.81,0.46,5.87,13.48,9.861,21.0,3108.03,30.0,21.7,-5.78,APPLIQUEE,AUGMENTER,30
CAMP_0056,2024-05-11,10,TIKTOK_ADS,CONVERSION,12875.42,326.49,9.0,TERMINEE,1354248.0,IMAGE,AUTOMATIQUE,5.0,42957.0,437.0,5.0,268.55,282.07,0.0102,0.0503,53.71,0.61,6.25,55.31,0.052,5.0,275.92,14.0,25.3,1.59,APPLIQUEE,DIMINUER,18
CAMP_0057,2024-06-06,1,TIKTOK_ADS,NOTORIETE,1782.69,438.7,9.0,ACTIVE,1999246.0,CAROUSEL,MANUEL,6.0,106760.0,1826.0,16.0,355.7,1280.98,0.0171,2.6013,22.23,0.19,3.33,19.3,2.856,15.0,1306.23,7.0,20.2,-5.25,PROPOSEE,AUGMENTER,21
CAMP_0057,2024-06-07,2,TIKTOK_ADS,NOTORIETE,1782.69,438.7,9.0,ACTIVE,1999246.0,CAROUSEL,MANUEL,6.0,58334.0,1093.0,5.0,360.12,228.85,0.0187,-0.3645,72.02,0.33,6.17,81.95,-0.3917,4.0,231.51,14.0,19.1,-6.7,REJETEE,PAUSE,0
CAMP_0057,2024-06-08,3,TIKTOK_ADS,NOTORIETE,1782.69,438.7,9.0,ACTIVE,1999246.0,CAROUSEL,MANUEL,6.0,71133.0,760.0,1.0,371.61,88.93,0.0107,-0.7607,371.61,0.49,5.22,379.95,-0.7811,1.0,90.67,30.0,8.3,-14.04,APPLIQUEE,PAUSE,0
CAMP_0057,2024-06-09,4,TIKTOK_ADS,NOTORIETE,1782.69,438.7,9.0,ACTIVE,1999246.0,CAROUSEL,MANUEL,6.0,95651.0,1963.0,6.0,360.62,390.34,0.0205,0.0824,60.1,0.18,3.77,65.16,0.0829,6.0,430.89,7.0,-3.3,7.49,PROPOSEE,DIMINUER,13
CAMP_0057,2024-06-10,5,TIKTOK_ADS,NOTORIETE,1782.69,438.7,9.0,ACTIVE,1999246.0,CAROUSEL,MANUEL,6.0,64965.0,846.0,1.0,402.3,45.98,0.013,-0.8857,402.3,0.48,6.19,411.22,-0.8801,1.0,41.72,7.0,-3.0,3.66,PROPOSEE,PAUSE,0
CAMP_0057,2024-06-11,6,TIKTOK_ADS,NOTORIETE,1782.69,438.7,9.0,ACTIVE,1999246.0,CAROUSEL,MANUEL,6.0,57074.0,1064.0,4.0,391.12,245.43,0.0186,-0.3725,97.78,0.37,6.85,105.62,-0.3674,3.0,241.84,30.0,24.1,-8.29,APPLIQUEE,PAUSE,0
CAMP_0057,2024-06-12,7,TIKTOK_ADS,NOTORIETE,1782.69,438.7,9.0,ACTIVE,1999246.0,CAROUSEL,MANUEL,6.0,50033.0,745.0,4.0,375.58,208.89,0.0149,-0.4438,93.9,0.5,7.51,84.1,-0.4287,3.0,213.6,14.0,-2.7,-1.91,APPLIQUEE,PAUSE,0
CAMP_0057,2024-06-13,8,TIKTOK_ADS,NOTORIETE,1782.69,438.7,9.0,ACTIVE,1999246.0,CAROUSEL,MANUEL,6.0,65486.0,1356.0,4.0,364.72,509.61,0.0207,0.3973,91.18,0.27,5.57,91.94,0.4126,4.0,499.27,7.0,5.8,-11.49,PROPOSEE,DIMINUER,14
CAMP_0057,2024-06-14,9,TIKTOK_ADS,NOTORIETE,1782.69,438.7,9.0,ACTIVE,1999246.0,CAROUSEL,MANUEL,6.0,136143.0,2479.0,7.0,387.08,681.76,0.0182,0.7613,55.3,0.16,2.84,53.67,0.7299,7.0,659.25,7.0,1.8,0.96,PROPOSEE,AUGMENTER,29
CAMP_0057,2024-06-15,10,TIKTOK_ADS,NOTORIETE,1782.69,438.7,9.0,ACTIVE,1999246.0,CAROUSEL,MANUEL,6.0,93946.0,1576.0,1.0,388.52,135.99,0.0168,-0.65,388.52,0.25,4.14,356.49,-0.6405,0.0,124.68,30.0,15.4,-11.67,ACCEPTEE,PAUSE,0
CAMP_0058,2024-03-19,1,LINKEDIN_ADS,NOTORIETE,13140.83,274.12,27.0,TERMINEE,617485.0,CAROUSEL,MANUEL,10.0,35060.0,779.0,7.0,269.39,971.65,0.0222,2.6068,38.48,0.35,7.68,40.12,2.7093,7.0,884.3,30.0,19.6,6.17,REJETEE,AUGMENTER,27
CAMP_0058,2024-03-20,2,LINKEDIN_ADS,NOTORIETE,13140.83,274.12,27.0,TERMINEE,617485.0,CAROUSEL,MANUEL,10.0,33738.0,1342.0,7.0,242.63,583.63,0.0398,1.4054,34.66,0.18,7.19,33.56,1.3388,6.0,522.05,14.0,23.2,-9.45,PROPOSEE,AUGMENTER,22
CAMP_0058,2024-03-21,3,LINKEDIN_ADS,NOTORIETE,13140.83,274.12,27.0,TERMINEE,617485.0,CAROUSEL,MANUEL,10.0,57979.0,1123.0,1.0,260.58,116.25,0.0194,-0.5539,260.58,0.23,4.49,256.08,-0.5437,1.0,117.65,7.0,27.6,-1.35,ACCEPTEE,PAUSE,0
CAMP_0058,2024-03-22,4,LINKEDIN_ADS,NOTORIETE,13140.83,274.12,27.0,TERMINEE,617485.0,CAROUSEL,MANUEL,10.0,29621.0,750.0,7.0,220.17,795.16,0.0253,2.6116,31.45,0.29,7.43,30.61,2.7213,6.0,777.1,14.0,27.4,-6.5,PROPOSEE,AUGMENTER,28
CAMP_0058,2024-03-23,5,LINKEDIN_ADS,NOTORIETE,13140.83,274.12,27.0,TERMINEE,617485.0,CAROUSEL,MANUEL,10.0,27664.0,834.0,8.0,244.72,441.99,0.0301,0.8061,30.59,0.29,8.85,31.61,0.796,9.0,500.91,7.0,0.4,2.11,APPLIQUEE,AUGMENTER,15
CAMP_0058,2024-03-24,6,LINKEDIN_ADS,NOTORIETE,13140.83,274.12,27.0,TERMINEE,617485.0,CAROUSEL,MANUEL,10.0,45429.0,1683.0,12.0,219.37,1308.04,0.037,4.9627,18.28,0.13,4.83,18.17,4.8131,13.0,1261.11,14.0,-2.5,4.04,ACCEPTEE,AUGMENTER,20
CAMP_0058,2024-03-25,7,LINKEDIN_ADS,NOTORIETE,13140.83,274.12,27.0,TERMINEE,617485.0,CAROUSEL,MANUEL,10.0,35974.0,1053.0,8.0,257.57,859.0,0.0293,2.3351,32.2,0.24,7.16,33.53,2.3875,6.0,979.92,30.0,-2.9,8.63,APPLIQUEE,AUGMENTER,25
CAMP_0058,2024-03-26,8,LINKEDIN_ADS,NOTORIETE,13140.83,274.12,27.0,TERMINEE,617485.0,CAROUSEL,MANUEL,10.0,40912.0,1341.0,5.0,270.41,483.11,0.0328,0.7866,54.08,0.2,6.61,53.31,0.8256,4.0,481.53,30.0,-3.3,-0.61,APPLIQUEE,AUGMENTER,22
CAMP_0058,2024-03-27,9,LINKEDIN_ADS,NOTORIETE,13140.83,274.12,27.0,TERMINEE,617485.0,CAROUSEL,MANUEL,10.0,52255.0,957.0,4.0,221.54,321.23,0.0183,0.45,55.38,0.23,4.24,54.02,0.4325,3.0,321.9,14.0,-1.1,2.36,APPLIQUEE,DIMINUER,14
CAMP_0058,2024-03-28,10,LINKEDIN_ADS,NOTORIETE,13140.83,274.12,27.0,TERMINEE,617485.0,CAROUSEL,MANUEL,10.0,56669.0,1697.0,3.0,237.66,298.08,0.0299,0.2542,79.22,0.14,4.19,78.07,0.2655,3.0,289.17,7.0,14.3,2.16,REJETEE,DIMINUER,13
CAMP_0059,2024-10-14,1,META_ADS,NOTORIETE,8715.76,254.09,29.0,ACTIVE,341518.0,VIDEO,MANUEL,10.0,64284.0,2731.0,24.0,238.99,2948.38,0.0425,11.3369,9.96,0.09,3.72,10.97,11.1876,27.0,2772.09,30.0,-1.1,9.79,REJETEE,AUGMENTER,13
CAMP_0059,2024-10-15,2,META_ADS,NOTORIETE,8715.76,254.09,29.0,ACTIVE,341518.0,VIDEO,MANUEL,10.0,74274.0,2271.0,12.0,224.76,551.89,0.0306,1.4554,18.73,0.1,3.03,16.4,1.4972,11.0,547.15,14.0,-5.8,2.77,PROPOSEE,AUGMENTER,26
CAMP_0059,2024-10-16,3,META_ADS,NOTORIETE,8715.76,254.09,29.0,ACTIVE,341518.0,VIDEO,MANUEL,10.0,44380.0,1524.0,12.0,227.16,1182.11,0.0343,4.2038,18.93,0.15,5.12,20.23,4.5379,9.0,1305.31,7.0,4.6,8.79,PROPOSEE,AUGMENTER,21
CAMP_0059,2024-10-17,4,META_ADS,NOTORIETE,8715.76,254.09,29.0,ACTIVE,341518.0,VIDEO,MANUEL,10.0,66059.0,3113.0,13.0,237.49,1511.31,0.0471,5.3637,18.27,0.08,3.6,18.62,4.9646,11.0,1599.75,7.0,10.8,8.91,ACCEPTEE,AUGMENTER,25
CAMP_0059,2024-10-18,5,META_ADS,NOTORIETE,8715.76,254.09,29.0,ACTIVE,341518.0,VIDEO,MANUEL,10.0,65749.0,3067.0,27.0,207.71,2240.33,0.0466,9.7859,7.69,0.07,3.16,6.68,10.3777,30.0,2348.51,14.0,3.0,0.25,ACCEPTEE,AUGMENTER,27
CAMP_0059,2024-10-19,6,META_ADS,NOTORIETE,8715.76,254.09,29.0,ACTIVE,341518.0,VIDEO,MANUEL,10.0,28658.0,1398.0,3.0,208.96,168.82,0.0488,-0.1921,69.65,0.15,7.29,72.11,-0.2045,2.0,152.34,30.0,20.2,4.33,REJETEE,PAUSE,0
CAMP_0059,2024-10-20,7,META_ADS,NOTORIETE,8715.76,254.09,29.0,ACTIVE,341518.0,VIDEO,MANUEL,10.0,39035.0,1064.0,1.0,224.44,115.06,0.0273,-0.4873,224.44,0.21,5.75,255.77,-0.5109,1.0,104.07,7.0,1.5,-8.46,PROPOSEE,PAUSE,0
CAMP_0059,2024-10-21,8,META_ADS,NOTORIETE,8715.76,254.09,29.0,ACTIVE,341518.0,VIDEO,MANUEL,10.0,70432.0,2462.0,18.0,204.36,1094.34,0.035,4.3549,11.35,0.08,2.9,12.33,3.9455,15.0,1062.71,14.0,-2.2,0.7,ACCEPTEE,AUGMENTER,10
CAMP_0059,2024-10-22,9,META_ADS,NOTORIETE,8715.76,254.09,29.0,ACTIVE,341518.0,VIDEO,MANUEL,10.0,30083.0,1333.0,7.0,220.34,725.6,0.0443,2.2931,31.48,0.17,7.32,35.34,2.1854,6.0,787.26,14.0,25.1,7.35,ACCEPTEE,AUGMENTER,13
CAMP_0059,2024-10-23,10,META_ADS,NOTORIETE,8715.76,254.09,29.0,ACTIVE,341518.0,VIDEO,MANUEL,10.0,58408.0,2564.0,17.0,230.21,1705.64,0.0439,6.4089,13.54,0.09,3.94,11.62,6.3711,18.0,1523.65,14.0,-7.0,5.81,ACCEPTEE,AUGMENTER,28
CAMP_0060,2024-09-03,1,LINKEDIN_ADS,CONVERSION,7463.66,114.65,29.0,PAUSE,1549728.0,VIDEO,MANUEL,5.0,7804.0,183.0,7.0,96.92,566.36,0.0234,4.8436,13.85,0.53,12.42,11.97,4.7245,7.0,570.64,7.0,14.0,-10.88,ACCEPTEE,AUGMENTER,25
CAMP_0060,2024-09-04,2,LINKEDIN_ADS,CONVERSION,7463.66,114.65,29.0,PAUSE,1549728.0,VIDEO,MANUEL,5.0,7048.0,90.0,4.0,105.91,230.75,0.0128,1.1788,26.48,1.18,15.03,23.3,1.1431,3.0,225.2,7.0,10.9,2.62,PROPOSEE,AUGMENTER,16
CAMP_0060,2024-09-05,3,LINKEDIN_ADS,CONVERSION,7463.66,114.65,29.0,PAUSE,1549728.0,VIDEO,MANUEL,5.0,8417.0,111.0,5.0,109.94,288.69,0.0132,1.626,21.99,0.99,13.06,19.43,1.6181,5.0,319.53,30.0,-0.6,4.84,APPLIQUEE,AUGMENTER,28
CAMP_0060,2024-09-06,4,LINKEDIN_ADS,CONVERSION,7463.66,114.65,29.0,PAUSE,1549728.0,VIDEO,MANUEL,5.0,6202.0,117.0,2.0,96.42,235.57,0.0189,1.4431,48.21,0.82,15.55,47.35,1.5461,2.0,200.29,14.0,23.5,-9.75,APPLIQUEE,AUGMENTER,12
CAMP_0060,2024-09-07,5,LINKEDIN_ADS,CONVERSION,7463.66,114.65,29.0,PAUSE,1549728.0,VIDEO,MANUEL,5.0,11692.0,149.0,7.0,103.96,373.55,0.0127,2.5933,14.85,0.7,8.89,14.71,2.8023,5.0,391.07,14.0,-6.5,-7.66,APPLIQUEE,AUGMENTER,19
CAMP_0060,2024-09-08,6,LINKEDIN_ADS,CONVERSION,7463.66,114.65,29.0,PAUSE,1549728.0,VIDEO,MANUEL,5.0,6239.0,135.0,6.0,95.3,880.3,0.0216,8.2373,15.88,0.71,15.27,18.06,8.5148,5.0,878.4,30.0,3.1,-6.81,REJETEE,AUGMENTER,13
CAMP_0060,2024-09-09,7,LINKEDIN_ADS,CONVERSION,7463.66,114.65,29.0,PAUSE,1549728.0,VIDEO,MANUEL,5.0,8284.0,165.0,7.0,113.95,860.7,0.0199,6.5531,16.28,0.69,13.76,14.8,6.1852,5.0,974.9,7.0,-1.3,-10.66,PROPOSEE,AUGMENTER,13
CAMP_0060,2024-09-10,8,LINKEDIN_ADS,CONVERSION,7463.66,114.65,29.0,PAUSE,1549728.0,VIDEO,MANUEL,5.0,14957.0,331.0,15.0,99.49,785.32,0.0221,6.8938,6.63,0.3,6.65,6.95,7.2291,16.0,734.03,30.0,25.4,5.44,ACCEPTEE,AUGMENTER,29
CAMP_0060,2024-09-11,9,LINKEDIN_ADS,CONVERSION,7463.66,114.65,29.0,PAUSE,1549728.0,VIDEO,MANUEL,5.0,5816.0,118.0,1.0,105.88,64.24,0.0203,-0.3933,105.88,0.9,18.2,93.34,-0.3718,0.0,67.31,14.0,9.0,6.15,REJETEE,PAUSE,0
CAMP_0060,2024-09-12,10,LINKEDIN_ADS,CONVERSION,7463.66,114.65,29.0,PAUSE,1549728.0,VIDEO,MANUEL,5.0,6023.0,116.0,3.0,109.63,373.14,0.0193,2.4035,36.54,0.95,18.2,38.85,2.3853,3.0,375.03,14.0,-6.1,4.97,REJETEE,AUGMENTER,26
CAMP_0061,2024-12-15,1,TIKTOK_ADS,NOTORIETE,11671.37,193.6,21.0,ACTIVE,570928.0,VIDEO,AUTOMATIQUE,5.0,18030.0,411.0,3.0,192.66,250.16,0.0228,0.2984,64.22,0.47,10.69,69.23,0.2764,2.0,262.26,30.0,-8.2,9.0,PROPOSEE,DIMINUER,10
CAMP_0061,2024-12-16,2,TIKTOK_ADS,NOTORIETE,11671.37,193.6,21.0,ACTIVE,570928.0,VIDEO,AUTOMATIQUE,5.0,24631.0,443.0,3.0,170.27,356.27,0.018,1.0923,56.76,0.38,6.91,60.79,1.1689,3.0,388.31,30.0,28.1,-11.26,ACCEPTEE,AUGMENTER,18
CAMP_0061,2024-12-17,3,TIKTOK_ADS,NOTORIETE,11671.37,193.6,21.0,ACTIVE,570928.0,VIDEO,AUTOMATIQUE,5.0,24116.0,262.0,0.0,172.13,19.31,0.0109,-0.8878,172.13,0.66,7.14,148.79,-0.8342,0.0,17.24,7.0,24.6,5.06,REJETEE,PAUSE,0
CAMP_0061,2024-12-18,4,TIKTOK_ADS,NOTORIETE,11671.37,193.6,21.0,ACTIVE,570928.0,VIDEO,AUTOMATIQUE,5.0,23197.0,494.0,2.0,161.22,240.16,0.0213,0.4896,80.61,0.33,6.95,88.72,0.4639,1.0,204.98,14.0,-8.6,-6.15,ACCEPTEE,DIMINUER,6
CAMP_0061,2024-12-19,5,TIKTOK_ADS,NOTORIETE,11671.37,193.6,21.0,ACTIVE,570928.0,VIDEO,AUTOMATIQUE,5.0,50246.0,835.0,5.0,160.44,366.78,0.0166,1.286,32.09,0.19,3.19,31.93,1.2459,5.0,401.66,30.0,5.3,-1.77,APPLIQUEE,AUGMENTER,24
CAMP_0061,2024-12-20,6,TIKTOK_ADS,NOTORIETE,11671.37,193.6,21.0,ACTIVE,570928.0,VIDEO,AUTOMATIQUE,5.0,51224.0,794.0,5.0,169.43,203.64,0.0155,0.2019,33.89,0.21,3.31,32.93,0.2218,4.0,189.15,14.0,17.8,-1.91,PROPOSEE,CIBLAGE,0
CAMP_0061,2024-12-21,7,TIKTOK_ADS,NOTORIETE,11671.37,193.6,21.0,ACTIVE,570928.0,VIDEO,AUTOMATIQUE,5.0,29616.0,391.0,2.0,190.3,123.84,0.0132,-0.3493,95.15,0.49,6.43,84.24,-0.3339,2.0,139.59,14.0,12.5,0.13,ACCEPTEE,PAUSE,0
CAMP_0061,2024-12-22,8,TIKTOK_ADS,NOTORIETE,11671.37,193.6,21.0,ACTIVE,570928.0,VIDEO,AUTOMATIQUE,5.0,40006.0,709.0,2.0,177.54,188.7,0.0177,0.0629,88.77,0.25,4.44,102.0,0.059,1.0,209.76,30.0,20.3,-14.83,ACCEPTEE,DIMINUER,14
CAMP_0061,2024-12-23,9,TIKTOK_ADS,NOTORIETE,11671.37,193.6,21.0,ACTIVE,570928.0,VIDEO,AUTOMATIQUE,5.0,27604.0,607.0,2.0,179.68,220.04,0.022,0.2246,89.84,0.3,6.51,88.66,0.2065,2.0,237.42,14.0,-0.6,-2.14,REJETEE,DIMINUER,7
CAMP_0061,2024-12-24,10,TIKTOK_ADS,NOTORIETE,11671.37,193.6,21.0,ACTIVE,570928.0,VIDEO,AUTOMATIQUE,5.0,16850.0,249.0,2.0,179.85,86.26,0.0148,-0.5204,89.92,0.72,10.67,78.13,-0.5064,2.0,98.29,7.0,12.3,4.17,ACCEPTEE,PAUSE,0
CAMP_0062,2024-02-02,1,GOOGLE_ADS,CONVERSION,6514.03,222.87,26.0,PAUSE,530660.0,IMAGE,MANUEL,8.0,53588.0,791.0,26.0,194.42,2414.19,0.0148,11.4173,7.48,0.25,3.63,6.57,12.5021,29.0,2139.17,30.0,-3.5,-11.58,ACCEPTEE,AUGMENTER,22
CAMP_0062,2024-02-03,2,GOOGLE_ADS,CONVERSION,6514.03,222.87,26.0,PAUSE,530660.0,IMAGE,MANUEL,8.0,35861.0,433.0,21.0,214.77,1702.1,0.0121,6.9252,10.23,0.5,5.99,9.6,7.4422,19.0,1669.5,7.0,12.3,7.82,REJETEE,AUGMENTER,20
CAMP_0062,2024-02-04,3,GOOGLE_ADS,CONVERSION,6514.03,222.87,26.0,PAUSE,530660.0,IMAGE,MANUEL,8.0,39737.0,371.0,12.0,184.81,1088.58,0.0093,4.8903,15.4,0.5,4.65,17.55,5.3516,10.0,1193.09,30.0,6.6,8.89,REJETEE,AUGMENTER,23
CAMP_0062,2024-02-05,4,GOOGLE_ADS,CONVERSION,6514.03,222.87,26.0,PAUSE,530660.0,IMAGE,MANUEL,8.0,34941.0,462.0,11.0,206.66,1595.74,0.0132,6.7217,18.79,0.45,5.91,17.07,7.1788,9.0,1364.38,30.0,10.3,4.81,APPLIQUEE,AUGMENTER,28
CAMP_0062,2024-02-06,5,GOOGLE_ADS,CONVERSION,6514.03,222.87,26.0,PAUSE,530660.0,IMAGE,MANUEL,8.0,20654.0,257.0,3.0,186.94,327.25,0.0124,0.7506,62.31,0.73,9.05,66.88,0.7544,3.0,333.42,30.0,11.6,-8.01,PROPOSEE,AUGMENTER,24
CAMP_0062,2024-02-07,6,GOOGLE_ADS,CONVERSION,6514.03,222.87,26.0,PAUSE,530660.0,IMAGE,MANUEL,8.0,39093.0,624.0,14.0,192.39,1861.29,0.016,8.6745,13.74,0.31,4.92,13.84,9.1954,13.0,1710.76,30.0,-4.5,2.65,APPLIQUEE,AUGMENTER,15
CAMP_0062,2024-02-08,7,GOOGLE_ADS,CONVERSION,6514.03,222.87,26.0,PAUSE,530660.0,IMAGE,MANUEL,8.0,50023.0,612.0,14.0,202.12,1101.51,0.0122,4.4499,14.44,0.33,4.04,13.0,4.1462,15.0,1146.09,30.0,3.5,3.52,REJETEE,AUGMENTER,26
CAMP_0062,2024-02-09,8,GOOGLE_ADS,CONVERSION,6514.03,222.87,26.0,PAUSE,530660.0,IMAGE,MANUEL,8.0,20947.0,224.0,9.0,196.66,1271.7,0.0107,5.4665,21.85,0.88,9.39,20.06,5.9373,9.0,1287.27,30.0,11.7,-6.51,APPLIQUEE,AUGMENTER,18
CAMP_0062,2024-02-10,9,GOOGLE_ADS,CONVERSION,6514.03,222.87,26.0,PAUSE,530660.0,IMAGE,MANUEL,8.0,23675.0,275.0,11.0,213.74,1115.97,0.0116,4.2212,19.43,0.78,9.03,18.99,3.9698,9.0,1273.04,14.0,6.9,-5.91,REJETEE,AUGMENTER,28
CAMP_0062,2024-02-11,10,GOOGLE_ADS,CONVERSION,6514.03,222.87,26.0,PAUSE,530660.0,IMAGE,MANUEL,8.0,48294.0,967.0,37.0,209.6,4746.5,0.02,21.6457,5.66,0.22,4.34,5.31,23.3815,43.0,5307.17,14.0,21.5,6.04,APPLIQUEE,AUGMENTER,20
CAMP_0063,2024-08-03,1,META_ADS,CONVERSION,10467.05,281.63,22.0,PAUSE,1053061.0,IMAGE,AUTOMATIQUE,9.0,39371.0,868.0,13.0,226.28,1017.94,0.022,3.4985,17.41,0.26,5.75,16.48,3.6535,11.0,888.11,30.0,-2.9,-11.78,PROPOSEE,AUGMENTER,19
CAMP_0063,2024-08-04,2,META_ADS,CONVERSION,10467.05,281.63,22.0,PAUSE,1053061.0,IMAGE,AUTOMATIQUE,9.0,58976.0,712.0,35.0,254.77,5134.93,0.0121,19.1552,7.28,0.36,4.32,7.4,18.4335,40.0,5309.18,7.0,26.4,9.19,APPLIQUEE,AUGMENTER,29
CAMP_0063,2024-08-05,3,META_ADS,CONVERSION,10467.05,281.63,22.0,PAUSE,1053061.0,IMAGE,AUTOMATIQUE,9.0,37408.0,531.0,7.0,232.55,814.57,0.0142,2.5027,33.22,0.44,6.22,28.83,2.4578,6.0,893.37,7.0,29.4,-14.37,REJETEE,AUGMENTER,23
CAMP_0063,2024-08-06,4,META_ADS,CONVERSION,10467.05,281.63,22.0,PAUSE,1053061.0,IMAGE,AUTOMATIQUE,9.0,53236.0,757.0,37.0,249.23,4585.51,0.0142,17.3986,6.74,0.33,4.68,6.52,16.2136,35.0,4711.27,7.0,25.3,-13.93,REJETEE,AUGMENTER,10
CAMP_0063,2024-08-07,5,META_ADS,CONVERSION,10467.05,281.63,22.0,PAUSE,1053061.0,IMAGE,AUTOMATIQUE,9.0,30814.0,324.0,8.0,236.36,348.86,0.0105,0.4759,29.55,0.73,7.67,32.51,0.435,9.0,325.44,14.0,15.6,-0.34,PROPOSEE,DIMINUER,10
CAMP_0063,2024-08-08,6,META_ADS,CONVERSION,10467.05,281.63,22.0,PAUSE,1053061.0,IMAGE,AUTOMATIQUE,9.0,58066.0,1040.0,48.0,227.74,3512.69,0.0179,14.424,4.74,0.22,3.92,4.2,15.1154,56.0,3145.8,14.0,-7.1,-9.09,PROPOSEE,AUGMENTER,17
CAMP_0063,2024-08-09,7,META_ADS,CONVERSION,10467.05,281.63,22.0,PAUSE,1053061.0,IMAGE,AUTOMATIQUE,9.0,21974.0,253.0,8.0,258.4,496.02,0.0115,0.9196,32.3,1.02,11.76,28.83,0.8783,7.0,516.37,30.0,25.1,7.08,ACCEPTEE,AUGMENTER,30
CAMP_0063,2024-08-10,8,META_ADS,CONVERSION,10467.05,281.63,22.0,PAUSE,1053061.0,IMAGE,AUTOMATIQUE,9.0,50928.0,542.0,21.0,240.93,2179.23,0.0106,8.0452,11.47,0.44,4.73,10.82,7.4058,22.0,2160.34,30.0,22.0,6.71,PROPOSEE,AUGMENTER,13
CAMP_0063,2024-08-11,9,META_ADS,CONVERSION,10467.05,281.63,22.0,PAUSE,1053061.0,IMAGE,AUTOMATIQUE,9.0,48053.0,1022.0,35.0,253.74,1663.1,0.0213,5.5542,7.25,0.25,5.28,7.12,5.9122,35.0,1718.0,7.0,-1.7,-6.9,REJETEE,AUGMENTER,12
CAMP_0063,2024-08-12,10,META_ADS,CONVERSION,10467.05,281.63,22.0,PAUSE,1053061.0,IMAGE,AUTOMATIQUE,9.0,67665.0,1359.0,52.0,279.62,3062.54,0.0201,9.9526,5.38,0.21,4.13,4.69,10.906,60.0,2916.8,14.0,-8.6,-9.9,PROPOSEE,AUGMENTER,25
CAMP_0064,2024-03-16,1,LINKEDIN_ADS,CONVERSION,5087.74,208.8,8.0,PAUSE,1047868.0,CAROUSEL,MANUEL,7.0,25782.0,608.0,28.0,202.59,2582.12,0.0236,11.7456,7.24,0.33,7.86,8.22,10.6673,31.0,2392.68,30.0,7.0,3.45,APPLIQUEE,AUGMENTER,30
CAMP_0064,2024-03-17,2,LINKEDIN_ADS,CONVERSION,5087.74,208.8,8.0,PAUSE,1047868.0,CAROUSEL,MANUEL,7.0,19353.0,440.0,19.0,208.02,1646.35,0.0227,6.9144,10.95,0.47,10.75,10.84,7.0319,21.0,1740.9,14.0,1.4,-7.89,REJETEE,AUGMENTER,13
CAMP_0064,2024-03-18,3,LINKEDIN_ADS,CONVERSION,5087.74,208.8,8.0,PAUSE,1047868.0,CAROUSEL,MANUEL,7.0,19823.0,479.0,13.0,188.74,1229.02,0.0242,5.5116,14.52,0.39,9.52,15.65,5.2081,10.0,1412.49,30.0,11.0,-5.42,ACCEPTEE,AUGMENTER,26
CAMP_0064,2024-03-19,4,LINKEDIN_ADS,CONVERSION,5087.74,208.8,8.0,PAUSE,1047868.0,CAROUSEL,MANUEL,7.0,14394.0,339.0,10.0,183.11,902.64,0.0236,3.9295,18.31,0.54,12.72,20.84,4.2164,8.0,997.41,14.0,14.8,2.92,APPLIQUEE,AUGMENTER,28
CAMP_0064,2024-03-20,5,LINKEDIN_ADS,CONVERSION,5087.74,208.8,8.0,PAUSE,1047868.0,CAROUSEL,MANUEL,7.0,25935.0,660.0,17.0,208.17,1480.29,0.0254,6.1109,12.25,0.32,8.03,13.49,6.6771,16.0,1541.6,14.0,10.0,6.26,APPLIQUEE,AUGMENTER,14
CAMP_0064,2024-03-21,6,LINKEDIN_ADS,CONVERSION,5087.74,208.8,8.0,PAUSE,1047868.0,CAROUSEL,MANUEL,7.0,40492.0,1005.0,24.0,167.57,2739.78,0.0248,15.3497,6.98,0.17,4.14,7.7,16.0633,27.0,2855.07,14.0,6.9,7.47,PROPOSEE,AUGMENTER,17
CAMP_0064,2024-03-22,7,LINKEDIN_ADS,CONVERSION,5087.74,208.8,8.0,PAUSE,1047868.0,CAROUSEL,MANUEL,7.0,26371.0,536.0,7.0,183.53,815.18,0.0203,3.4417,26.22,0.34,6.96,25.59,3.6732,8.0,713.22,7.0,18.8,-7.68,APPLIQUEE,AUGMENTER,24
CAMP_0064,2024-03-23,8,LINKEDIN_ADS,CONVERSION,5087.74,208.8,8.0,PAUSE,1047868.0,CAROUSEL,MANUEL,7.0,30815.0,809.0,19.0,175.35,1178.55,0.0263,5.721,9.23,0.22,5.69,9.82,5.7045,19.0,1080.04,14.0,-4.0,-14.84,REJETEE,AUGMENTER,23
CAMP_0064,2024-03-24,9,LINKEDIN_ADS,CONVERSION,5087.74,208.8,8.0,PAUSE,1047868.0,CAROUSEL,MANUEL,7.0,27484.0,432.0,12.0,198.98,1491.08,0.0157,6.4937,16.58,0.46,7.24,17.4,5.9794,13.0,1584.36,30.0,23.8,9.62,APPLIQUEE,AUGMENTER,21
CAMP_0064,2024-03-25,10,LINKEDIN_ADS,CONVERSION,5087.74,208.8,8.0,PAUSE,1047868.0,CAROUSEL,MANUEL,7.0,31122.0,772.0,18.0,194.88,2601.27,0.0248,12.3481,10.83,0.25,6.26,11.18,12.5102,18.0,2890.32,30.0,26.8,-7.8,REJETEE,AUGMENTER,15
CAMP_0065,2024-06-04,1,GOOGLE_ADS,CONVERSION,9187.63,447.11,30.0,PAUSE,1611923.0,VIDEO,MANUEL,3.0,34276.0,370.0,10.0,368.61,938.28,0.0108,1.5454,36.86,1.0,10.75,35.56,1.5768,10.0,1020.92,7.0,11.0,5.13,ACCEPTEE,AUGMENTER,12
CAMP_0065,2024-06-05,2,GOOGLE_ADS,CONVERSION,9187.63,447.11,30.0,PAUSE,1611923.0,VIDEO,MANUEL,3.0,15917.0,230.0,9.0,431.94,853.15,0.0144,0.9752,47.99,1.88,27.14,49.08,0.9006,9.0,817.5,30.0,18.3,5.19,REJETEE,AUGMENTER,15
CAMP_0065,2024-06-06,3,GOOGLE_ADS,CONVERSION,9187.63,447.11,30.0,PAUSE,1611923.0,VIDEO,MANUEL,3.0,14722.0,117.0,2.0,384.76,217.11,0.0079,-0.4357,192.38,3.29,26.14,204.46,-0.4447,2.0,231.33,7.0,-5.8,-11.66,APPLIQUEE,PAUSE,0
CAMP_0065,2024-06-07,4,GOOGLE_ADS,CONVERSION,9187.63,447.11,30.0,PAUSE,1611923.0,VIDEO,MANUEL,3.0,34075.0,412.0,12.0,399.36,867.5,0.0121,1.1722,33.28,0.97,11.72,31.76,1.2398,13.0,886.59,30.0,-4.9,0.16,APPLIQUEE,AUGMENTER,12
CAMP_0065,2024-06-08,5,GOOGLE_ADS,CONVERSION,9187.63,447.11,30.0,PAUSE,1611923.0,VIDEO,MANUEL,3.0,27224.0,292.0,12.0,406.02,503.32,0.0107,0.2396,33.84,1.39,14.91,29.14,0.2347,13.0,540.22,14.0,15.1,0.6,REJETEE,AUGMENTER,5
CAMP_0065,2024-06-09,6,GOOGLE_ADS,CONVERSION,9187.63,447.11,30.0,PAUSE,1611923.0,VIDEO,MANUEL,3.0,39063.0,582.0,8.0,397.94,1070.53,0.0149,1.6902,49.74,0.68,10.19,52.26,1.5298,8.0,917.7,14.0,5.1,-14.8,APPLIQUEE,AUGMENTER,11
CAMP_0065,2024-06-10,7,GOOGLE_ADS,CONVERSION,9187.63,447.11,30.0,PAUSE,1611923.0,VIDEO,MANUEL,3.0,22017.0,148.0,5.0,427.38,686.59,0.0067,0.6065,85.48,2.89,19.41,75.19,0.6575,5.0,733.77,14.0,10.8,-4.62,PROPOSEE,AUGMENTER,12
CAMP_0065,2024-06-11,8,GOOGLE_ADS,CONVERSION,9187.63,447.11,30.0,PAUSE,1611923.0,VIDEO,MANUEL,3.0,16480.0,166.0,4.0,426.01,410.3,0.0101,-0.0369,106.5,2.57,25.85,101.98,-0.0383,3.0,467.61,14.0,9.6,-9.9,APPLIQUEE,PAUSE,0
CAMP_0065,2024-06-12,9,GOOGLE_ADS,CONVERSION,9187.63,447.11,30.0,PAUSE,1611923.0,VIDEO,MANUEL,3.0,26991.0,301.0,8.0,407.97,457.55,0.0112,0.1215,51.0,1.36,15.11,50.17,0.1105,7.0,524.94,14.0,3.8,-1.69,PROPOSEE,DIMINUER,24
CAMP_0065,2024-06-13,10,GOOGLE_ADS,CONVERSION,9187.63,447.11,30.0,PAUSE,1611923.0,VIDEO,MANUEL,3.0,15451.0,134.0,3.0,418.18,372.94,0.0087,-0.1082,139.39,3.12,27.06,150.62,-0.1009,3.0,413.61,30.0,20.7,-4.9,REJETEE,PAUSE,0
CAMP_0066,2024-05-11,1,LINKEDIN_ADS,CONVERSION,11835.35,137.59,24.0,PAUSE,164207.0,VIDEO,MANUEL,7.0,7954.0,213.0,5.0,132.35,521.18,0.0268,2.9379,26.47,0.62,16.64,25.06,2.8799,4.0,570.5,14.0,16.6,-10.58,PROPOSEE,AUGMENTER,12
CAMP_0066,2024-05-12,2,LINKEDIN_ADS,CONVERSION,11835.35,137.59,24.0,PAUSE,164207.0,VIDEO,MANUEL,7.0,18641.0,421.0,20.0,121.41,924.19,0.0226,6.6123,6.07,0.29,6.51,6.72,6.3925,20.0,990.69,7.0,26.0,-3.0,APPLIQUEE,AUGMENTER,15
CAMP_0066,2024-05-13,3,LINKEDIN_ADS,CONVERSION,11835.35,137.59,24.0,PAUSE,164207.0,VIDEO,MANUEL,7.0,8014.0,170.0,6.0,133.98,315.55,0.0212,1.3551,22.33,0.79,16.72,21.1,1.3025,6.0,276.78,14.0,0.4,9.33,PROPOSEE,AUGMENTER,20
CAMP_0066,2024-05-14,4,LINKEDIN_ADS,CONVERSION,11835.35,137.59,24.0,PAUSE,164207.0,VIDEO,MANUEL,7.0,10444.0,164.0,4.0,124.24,345.32,0.0157,1.7795,31.06,0.76,11.9,29.32,1.7785,3.0,333.17,14.0,15.1,-2.9,APPLIQUEE,AUGMENTER,27
CAMP_0066,2024-05-15,5,LINKEDIN_ADS,CONVERSION,11835.35,137.59,24.0,PAUSE,164207.0,VIDEO,MANUEL,7.0,6881.0,106.0,3.0,118.94,152.25,0.0154,0.28,39.65,1.12,17.29,43.88,0.2792,2.0,149.41,14.0,24.5,8.55,APPLIQUEE,DIMINUER,7
CAMP_0066,2024-05-16,6,LINKEDIN_ADS,CONVERSION,11835.35,137.59,24.0,PAUSE,164207.0,VIDEO,MANUEL,7.0,15348.0,293.0,12.0,128.44,699.95,0.0191,4.4497,10.7,0.44,8.37,11.52,4.8585,11.0,618.37,30.0,-4.3,-12.74,PROPOSEE,AUGMENTER,20
CAMP_0066,2024-05-17,7,LINKEDIN_ADS,CONVERSION,11835.35,137.59,24.0,PAUSE,164207.0,VIDEO,MANUEL,7.0,14462.0,275.0,13.0,112.14,1735.98,0.019,14.4798,8.63,0.41,7.75,8.14,14.4975,13.0,1629.84,30.0,5.3,1.44,ACCEPTEE,AUGMENTER,24
CAMP_0066,2024-05-18,8,LINKEDIN_ADS,CONVERSION,11835.35,137.59,24.0,PAUSE,164207.0,VIDEO,MANUEL,7.0,9622.0,201.0,8.0,127.26,1162.99,0.0209,8.1388,15.91,0.63,13.23,16.09,7.9727,8.0,1057.84,7.0,19.2,-5.19,REJETEE,AUGMENTER,17
CAMP_0066,2024-05-19,9,LINKEDIN_ADS,CONVERSION,11835.35,137.59,24.0,PAUSE,164207.0,VIDEO,MANUEL,7.0,16497.0,442.0,14.0,124.69,1217.74,0.0268,8.7665,8.91,0.28,7.56,9.48,9.4936,14.0,1346.41,7.0,24.8,2.96,APPLIQUEE,AUGMENTER,27
CAMP_0066,2024-05-20,10,LINKEDIN_ADS,CONVERSION,11835.35,137.59,24.0,PAUSE,164207.0,VIDEO,MANUEL,7.0,10187.0,320.0,7.0,128.33,521.28,0.0314,3.0621,18.33,0.4,12.6,19.52,3.0822,6.0,587.16,7.0,15.8,-10.61,APPLIQUEE,AUGMENTER,13
CAMP_0067,2024-01-07,1,GOOGLE_ADS,CONVERSION,19526.57,227.26,17.0,TERMINEE,1979117.0,VIDEO,AUTOMATIQUE,6.0,25087.0,430.0,15.0,206.7,2053.48,0.0171,8.9348,13.78,0.48,8.24,13.88,8.5615,17.0,2237.36,30.0,17.5,-10.04,REJETEE,AUGMENTER,24
CAMP_0067,2024-01-08,2,GOOGLE_ADS,CONVERSION,19526.57,227.26,17.0,TERMINEE,1979117.0,VIDEO,AUTOMATIQUE,6.0,26901.0,583.0,17.0,211.84,2220.71,0.0217,9.4828,12.46,0.36,7.87,13.07,9.0337,13.0,2252.68,30.0,27.0,1.38,ACCEPTEE,AUGMENTER,16
CAMP_0067,2024-01-09,3,GOOGLE_ADS,CONVERSION,19526.57,227.26,17.0,TERMINEE,1979117.0,VIDEO,AUTOMATIQUE,6.0,41382.0,722.0,30.0,220.57,4192.56,0.0174,18.008,7.35,0.31,5.33,7.46,17.4965,26.0,4664.39,14.0,28.3,8.15,REJETEE,AUGMENTER,15
CAMP_0067,2024-01-10,4,GOOGLE_ADS,CONVERSION,19526.57,227.26,17.0,TERMINEE,1979117.0,VIDEO,AUTOMATIQUE,6.0,32236.0,816.0,14.0,202.83,930.18,0.0253,3.586,14.49,0.25,6.29,14.37,3.6044,11.0,961.5,14.0,-2.7,-11.12,APPLIQUEE,AUGMENTER,20
CAMP_0067,2024-01-11,5,GOOGLE_ADS,CONVERSION,19526.57,227.26,17.0,TERMINEE,1979117.0,VIDEO,AUTOMATIQUE,6.0,38670.0,1004.0,26.0,220.91,3645.85,0.026,15.5042,8.5,0.22,5.71,8.56,16.128,29.0,3734.33,30.0,26.4,-9.65,APPLIQUEE,AUGMENTER,28
CAMP_0067,2024-01-12,6,GOOGLE_ADS,CONVERSION,19526.57,227.26,17.0,TERMINEE,1979117.0,VIDEO,AUTOMATIQUE,6.0,28040.0,767.0,16.0,189.11,1848.86,0.0274,8.7768,11.82,0.25,6.74,11.74,8.6579,17.0,1773.41,14.0,25.3,8.88,PROPOSEE,AUGMENTER,23
CAMP_0067,2024-01-13,7,GOOGLE_ADS,CONVERSION,19526.57,227.26,17.0,TERMINEE,1979117.0,VIDEO,AUTOMATIQUE,6.0,17264.0,292.0,3.0,218.04,222.48,0.0169,0.0204,72.68,0.75,12.63,70.02,0.0211,3.0,194.25,30.0,22.0,1.43,PROPOSEE,DIMINUER,23
CAMP_0067,2024-01-14,8,GOOGLE_ADS,CONVERSION,19526.57,227.26,17.0,TERMINEE,1979117.0,VIDEO,AUTOMATIQUE,6.0,26034.0,777.0,35.0,190.99,2449.94,0.0298,11.8277,5.46,0.25,7.34,5.57,11.8695,35.0,2177.09,30.0,-7.0,-7.42,ACCEPTEE,AUGMENTER,28
CAMP_0067,2024-01-15,9,GOOGLE_ADS,CONVERSION,19526.57,227.26,17.0,TERMINEE,1979117.0,VIDEO,AUTOMATIQUE,6.0,13147.0,347.0,11.0,211.09,491.1,0.0264,1.3265,19.19,0.61,16.06,19.47,1.3337,9.0,468.76,30.0,12.0,-9.09,ACCEPTEE,AUGMENTER,27
CAMP_0067,2024-01-16,10,GOOGLE_ADS,CONVERSION,19526.57,227.26,17.0,TERMINEE,1979117.0,VIDEO,AUTOMATIQUE,6.0,27408.0,719.0,32.0,196.08,2328.89,0.0262,10.8775,6.13,0.27,7.15,6.09,10.9766,32.0,2016.73,30.0,3.0,-5.91,REJETEE,AUGMENTER,15
CAMP_0068,2024-09-01,1,LINKEDIN_ADS,NOTORIETE,1764.84,67.51,29.0,PAUSE,1696038.0,VIDEO,MANUEL,5.0,3604.0,84.0,0.0,59.37,9.97,0.0233,-0.832,59.37,0.71,16.47,51.62,-0.9145,0.0,9.82,30.0,28.6,4.73,APPLIQUEE,PAUSE,0
CAMP_0068,2024-09-02,2,LINKEDIN_ADS,NOTORIETE,1764.84,67.51,29.0,PAUSE,1696038.0,VIDEO,MANUEL,5.0,6081.0,114.0,0.0,62.98,7.31,0.0187,-0.8839,62.98,0.55,10.36,54.62,-0.857,0.0,6.54,30.0,24.2,-1.5,PROPOSEE,PAUSE,0
CAMP_0068,2024-09-03,3,LINKEDIN_ADS,NOTORIETE,1764.84,67.51,29.0,PAUSE,1696038.0,VIDEO,MANUEL,5.0,5452.0,97.0,0.0,64.45,4.04,0.0178,-0.9373,64.45,0.66,11.82,61.64,-1.0225,0.0,3.74,30.0,2.8,8.49,ACCEPTEE,PAUSE,0
CAMP_0068,2024-09-04,4,LINKEDIN_ADS,NOTORIETE,1764.84,67.51,29.0,PAUSE,1696038.0,VIDEO,MANUEL,5.0,8106.0,180.0,1.0,56.95,51.75,0.0222,-0.0913,56.95,0.32,7.03,48.88,-0.0931,0.0,55.85,7.0,0.7,-11.95,PROPOSEE,PAUSE,0
CAMP_0068,2024-09-05,5,LINKEDIN_ADS,NOTORIETE,1764.84,67.51,29.0,PAUSE,1696038.0,VIDEO,MANUEL,5.0,3767.0,62.0,0.0,61.21,8.56,0.0165,-0.8601,61.21,0.99,16.25,70.14,-0.8111,0.0,8.66,30.0,19.0,-3.42,APPLIQUEE,PAUSE,0
CAMP_0068,2024-09-06,6,LINKEDIN_ADS,NOTORIETE,1764.84,67.51,29.0,PAUSE,1696038.0,VIDEO,MANUEL,5.0,2839.0,49.0,0.0,64.6,1.87,0.0173,-0.971,64.6,1.32,22.75,60.81,-0.9191,0.0,1.87,14.0,19.7,-2.67,PROPOSEE,PAUSE,0
CAMP_0068,2024-09-07,7,LINKEDIN_ADS,NOTORIETE,1764.84,67.51,29.0,PAUSE,1696038.0,VIDEO,MANUEL,5.0,4948.0,74.0,0.0,54.48,8.06,0.015,-0.8521,54.48,0.74,11.01,48.67,-0.8589,0.0,7.61,7.0,-3.5,-5.17,ACCEPTEE,PAUSE,0
CAMP_0068,2024-09-08,8,LINKEDIN_ADS,NOTORIETE,1764.84,67.51,29.0,PAUSE,1696038.0,VIDEO,MANUEL,5.0,5776.0,137.0,0.0,59.2,7.57,0.0237,-0.8722,59.2,0.43,10.25,67.56,-0.7942,0.0,7.77,7.0,-0.1,-14.51,APPLIQUEE,PAUSE,0
CAMP_0068,2024-09-09,9,LINKEDIN_ADS,NOTORIETE,1764.84,67.51,29.0,PAUSE,1696038.0,VIDEO,MANUEL,5.0,7157.0,146.0,0.0,59.98,0.09,0.0204,-0.9984,59.98,0.41,8.38,62.03,-1.0043,0.0,0.1,7.0,3.3,6.64,REJETEE,PAUSE,0
CAMP_0068,2024-09-10,10,LINKEDIN_ADS,NOTORIETE,1764.84,67.51,29.0,PAUSE,1696038.0,VIDEO,MANUEL,5.0,7971.0,189.0,1.0,64.22,72.72,0.0237,0.1322,64.22,0.34,8.06,73.46,0.1394,1.0,80.04,7.0,14.4,3.13,REJETEE,DIMINUER,25
CAMP_0069,2024-07-16,1,META_ADS,TRAFIC,18696.01,193.34,19.0,TERMINEE,1560465.0,VIDEO,MANUEL,10.0,51280.0,1333.0,5.0,186.08,554.44,0.026,1.9796,37.22,0.14,3.63,37.5,2.0685,4.0,486.1,14.0,25.7,0.09,APPLIQUEE,AUGMENTER,15
CAMP_0069,2024-07-17,2,META_ADS,TRAFIC,18696.01,193.34,19.0,TERMINEE,1560465.0,VIDEO,MANUEL,10.0,41481.0,1213.0,9.0,173.68,1089.57,0.0292,5.2733,19.3,0.14,4.19,18.69,5.1737,9.0,971.41,14.0,7.6,-10.33,ACCEPTEE,AUGMENTER,28
CAMP_0069,2024-07-18,3,META_ADS,TRAFIC,18696.01,193.34,19.0,TERMINEE,1560465.0,VIDEO,MANUEL,10.0,53446.0,1653.0,15.0,158.55,864.57,0.0309,4.4528,10.57,0.1,2.97,10.47,4.3311,13.0,758.42,14.0,7.6,-10.95,APPLIQUEE,AUGMENTER,15
CAMP_0069,2024-07-19,4,META_ADS,TRAFIC,18696.01,193.34,19.0,TERMINEE,1560465.0,VIDEO,MANUEL,10.0,28493.0,664.0,5.0,175.85,379.72,0.0233,1.1593,35.17,0.26,6.17,34.32,1.2033,4.0,408.41,30.0,-0.1,7.53,ACCEPTEE,AUGMENTER,20
CAMP_0069,2024-07-20,5,META_ADS,TRAFIC,18696.01,193.34,19.0,TERMINEE,1560465.0,VIDEO,MANUEL,10.0,48829.0,2109.0,5.0,171.82,552.6,0.0432,2.2162,34.36,0.08,3.52,35.95,2.2227,5.0,485.54,7.0,20.4,7.77,APPLIQUEE,AUGMENTER,24
CAMP_0069,2024-07-21,6,META_ADS,TRAFIC,18696.01,193.34,19.0,TERMINEE,1560465.0,VIDEO,MANUEL,10.0,17939.0,486.0,3.0,158.96,202.37,0.0271,0.2731,52.99,0.33,8.86,52.33,0.2613,2.0,226.97,30.0,-1.4,2.7,ACCEPTEE,AUGMENTER,6
CAMP_0069,2024-07-22,7,META_ADS,TRAFIC,18696.01,193.34,19.0,TERMINEE,1560465.0,VIDEO,MANUEL,10.0,49726.0,2156.0,4.0,177.64,340.54,0.0434,0.917,44.41,0.08,3.57,42.62,0.9338,3.0,344.14,14.0,-4.5,8.78,ACCEPTEE,AUGMENTER,20
CAMP_0069,2024-07-23,8,META_ADS,TRAFIC,18696.01,193.34,19.0,TERMINEE,1560465.0,VIDEO,MANUEL,10.0,63975.0,2196.0,4.0,161.38,420.93,0.0343,1.6083,40.35,0.07,2.52,40.38,1.6589,3.0,413.44,7.0,-0.3,-11.27,PROPOSEE,AUGMENTER,26
CAMP_0069,2024-07-24,9,META_ADS,TRAFIC,18696.01,193.34,19.0,TERMINEE,1560465.0,VIDEO,MANUEL,10.0,26681.0,786.0,3.0,169.89,244.52,0.0295,0.4393,56.63,0.22,6.37,58.37,0.431,3.0,273.0,7.0,-4.6,-5.89,REJETEE,AUGMENTER,6
CAMP_0069,2024-07-25,10,META_ADS,TRAFIC,18696.01,193.34,19.0,TERMINEE,1560465.0,VIDEO,MANUEL,10.0,41715.0,1573.0,1.0,176.27,107.32,0.0377,-0.3912,176.27,0.11,4.23,176.23,-0.3952,0.0,107.92,7.0,19.2,3.15,APPLIQUEE,PAUSE,0
CAMP_0070,2024-06-17,1,TIKTOK_ADS,TRAFIC,16499.23,215.76,28.0,ACTIVE,883548.0,CAROUSEL,MANUEL,3.0,10697.0,88.0,0.0,174.76,21.6,0.0082,-0.8764,174.76,1.99,16.34,200.83,-0.95,0.0,24.38,30.0,-7.8,-10.29,REJETEE,PAUSE,0
CAMP_0070,2024-06-18,2,TIKTOK_ADS,TRAFIC,16499.23,215.76,28.0,ACTIVE,883548.0,CAROUSEL,MANUEL,3.0,15946.0,186.0,1.0,173.22,97.84,0.0117,-0.4351,173.22,0.93,10.86,190.46,-0.4598,1.0,102.79,7.0,-8.5,-13.89,PROPOSEE,PAUSE,0
CAMP_0070,2024-06-19,3,TIKTOK_ADS,TRAFIC,16499.23,215.76,28.0,ACTIVE,883548.0,CAROUSEL,MANUEL,3.0,28894.0,312.0,0.0,181.37,34.32,0.0108,-0.8108,181.37,0.58,6.28,172.57,-0.789,0.0,37.59,7.0,20.4,-2.78,REJETEE,PAUSE,0
CAMP_0070,2024-06-20,4,TIKTOK_ADS,TRAFIC,16499.23,215.76,28.0,ACTIVE,883548.0,CAROUSEL,MANUEL,3.0,22028.0,226.0,1.0,181.52,63.71,0.0103,-0.649,181.52,0.8,8.24,197.53,-0.5895,0.0,72.93,14.0,22.4,2.15,REJETEE,PAUSE,0
CAMP_0070,2024-06-21,5,TIKTOK_ADS,TRAFIC,16499.23,215.76,28.0,ACTIVE,883548.0,CAROUSEL,MANUEL,3.0,24457.0,157.0,1.0,173.85,147.37,0.0064,-0.1523,173.85,1.11,7.11,190.07,-0.1648,1.0,162.36,7.0,8.6,-2.41,APPLIQUEE,PAUSE,0
CAMP_0070,2024-06-22,6,TIKTOK_ADS,TRAFIC,16499.23,215.76,28.0,ACTIVE,883548.0,CAROUSEL,MANUEL,3.0,14466.0,99.0,0.0,176.31,16.53,0.0068,-0.9062,176.31,1.78,12.19,194.7,-0.8321,0.0,18.57,30.0,24.5,-4.04,ACCEPTEE,PAUSE,0
CAMP_0070,2024-06-23,7,TIKTOK_ADS,TRAFIC,16499.23,215.76,28.0,ACTIVE,883548.0,CAROUSEL,MANUEL,3.0,28037.0,220.0,0.0,190.87,22.8,0.0078,-0.8806,190.87,0.87,6.81,195.17,-0.8862,0.0,23.12,7.0,17.3,2.33,APPLIQUEE,PAUSE,0
CAMP_0070,2024-06-24,8,TIKTOK_ADS,TRAFIC,16499.23,215.76,28.0,ACTIVE,883548.0,CAROUSEL,MANUEL,3.0,13344.0,73.0,0.0,187.9,22.79,0.0055,-0.8787,187.9,2.57,14.08,175.64,-0.8146,0.0,21.37,30.0,18.9,6.96,APPLIQUEE,PAUSE,0
CAMP_0070,2024-06-25,9,TIKTOK_ADS,TRAFIC,16499.23,215.76,28.0,ACTIVE,883548.0,CAROUSEL,MANUEL,3.0,28641.0,286.0,0.0,194.38,14.81,0.01,-0.9238,194.38,0.68,6.79,190.08,-0.9118,0.0,12.69,7.0,16.7,-6.07,REJETEE,PAUSE,0
CAMP_0070,2024-06-26,10,TIKTOK_ADS,TRAFIC,16499.23,215.76,28.0,ACTIVE,883548.0,CAROUSEL,MANUEL,3.0,35466.0,214.0,0.0,180.35,6.13,0.006,-0.966,180.35,0.84,5.09,170.69,-0.9629,0.0,6.13,14.0,-0.5,-1.63,REJETEE,PAUSE,0
CAMP_0071,2024-09-18,1,LINKEDIN_ADS,TRAFIC,19374.34,402.31,25.0,TERMINEE,487192.0,CAROUSEL,AUTOMATIQUE,10.0,46858.0,1304.0,9.0,356.68,617.8,0.0278,0.7321,39.63,0.27,7.61,38.87,0.7385,9.0,532.85,7.0,21.9,8.06,APPLIQUEE,AUGMENTER,11
CAMP_0071,2024-09-19,2,LINKEDIN_ADS,TRAFIC,19374.34,402.31,25.0,TERMINEE,487192.0,CAROUSEL,AUTOMATIQUE,10.0,69543.0,1985.0,7.0,350.86,611.17,0.0285,0.7419,50.12,0.18,5.05,47.75,0.7765,7.0,655.04,30.0,-1.9,-8.05,APPLIQUEE,AUGMENTER,11
CAMP_0071,2024-09-20,3,LINKEDIN_ADS,TRAFIC,19374.34,402.31,25.0,TERMINEE,487192.0,CAROUSEL,AUTOMATIQUE,10.0,89716.0,3239.0,18.0,356.91,1046.67,0.0361,1.9326,19.83,0.11,3.98,20.57,1.9787,18.0,1148.33,30.0,-0.5,-5.3,REJETEE,AUGMENTER,19
CAMP_0071,2024-09-21,4,LINKEDIN_ADS,TRAFIC,19374.34,402.31,25.0,TERMINEE,487192.0,CAROUSEL,AUTOMATIQUE,10.0,76036.0,2954.0,27.0,373.07,2386.77,0.0389,5.3976,13.82,0.13,4.91,13.27,5.6405,25.0,2529.39,7.0,22.6,6.38,ACCEPTEE,AUGMENTER,12
CAMP_0071,2024-09-22,5,LINKEDIN_ADS,TRAFIC,19374.34,402.31,25.0,TERMINEE,487192.0,CAROUSEL,AUTOMATIQUE,10.0,33759.0,720.0,1.0,359.43,52.76,0.0213,-0.8532,359.43,0.5,10.65,361.99,-0.8628,0.0,48.07,7.0,13.0,-12.26,ACCEPTEE,PAUSE,0
CAMP_0071,2024-09-23,6,LINKEDIN_ADS,TRAFIC,19374.34,402.31,25.0,TERMINEE,487192.0,CAROUSEL,AUTOMATIQUE,10.0,100451.0,2735.0,16.0,358.68,837.98,0.0272,1.3363,22.42,0.13,3.57,21.31,1.3016,18.0,741.53,14.0,3.9,6.8,APPLIQUEE,AUGMENTER,12
CAMP_0071,2024-09-24,7,LINKEDIN_ADS,TRAFIC,19374.34,402.31,25.0,TERMINEE,487192.0,CAROUSEL,AUTOMATIQUE,10.0,55750.0,1401.0,4.0,389.03,489.97,0.0251,0.2595,97.26,0.28,6.98,96.01,0.2683,4.0,561.57,7.0,24.9,-0.74,ACCEPTEE,CIBLAGE,0
CAMP_0071,2024-09-25,8,LINKEDIN_ADS,TRAFIC,19374.34,402.31,25.0,TERMINEE,487192.0,CAROUSEL,AUTOMATIQUE,10.0,72417.0,2339.0,23.0,322.18,2860.12,0.0323,7.8774,14.01,0.14,4.45,14.26,8.043,20.0,3004.73,14.0,-9.1,-11.27,APPLIQUEE,AUGMENTER,12
CAMP_0071,2024-09-26,9,LINKEDIN_ADS,TRAFIC,19374.34,402.31,25.0,TERMINEE,487192.0,CAROUSEL,AUTOMATIQUE,10.0,47940.0,1091.0,2.0,348.29,142.54,0.0228,-0.5907,174.15,0.32,7.27,172.57,-0.5618,2.0,149.1,14.0,13.1,4.48,PROPOSEE,PAUSE,0
CAMP_0071,2024-09-27,10,LINKEDIN_ADS,TRAFIC,19374.34,402.31,25.0,TERMINEE,487192.0,CAROUSEL,AUTOMATIQUE,10.0,88901.0,2283.0,4.0,347.88,172.7,0.0257,-0.5036,86.97,0.15,3.91,84.83,-0.4789,4.0,156.61,14.0,19.2,-0.33,REJETEE,PAUSE,0
CAMP_0072,2024-12-16,1,META_ADS,NOTORIETE,12951.48,328.88,19.0,ACTIVE,1733148.0,CAROUSEL,AUTOMATIQUE,3.0,18795.0,187.0,1.0,280.82,112.38,0.0099,-0.5998,280.82,1.5,14.94,297.04,-0.5448,1.0,99.87,30.0,3.9,-14.4,APPLIQUEE,PAUSE,0
CAMP_0072,2024-12-17,2,META_ADS,NOTORIETE,12951.48,328.88,19.0,ACTIVE,1733148.0,CAROUSEL,AUTOMATIQUE,3.0,17168.0,93.0,0.0,325.42,65.07,0.0054,-0.8,325.42,3.5,18.96,298.38,-0.822,0.0,72.92,14.0,2.1,-3.05,APPLIQUEE,PAUSE,0
CAMP_0072,2024-12-18,3,META_ADS,NOTORIETE,12951.48,328.88,19.0,ACTIVE,1733148.0,CAROUSEL,AUTOMATIQUE,3.0,23645.0,250.0,2.0,315.83,142.25,0.0106,-0.5496,157.91,1.26,13.36,137.37,-0.5537,1.0,152.5,30.0,16.2,3.37,ACCEPTEE,PAUSE,0
CAMP_0072,2024-12-19,4,META_ADS,NOTORIETE,12951.48,328.88,19.0,ACTIVE,1733148.0,CAROUSEL,AUTOMATIQUE,3.0,26099.0,267.0,1.0,269.19,68.07,0.0102,-0.7471,269.19,1.01,10.31,286.55,-0.7762,0.0,63.71,30.0,-2.3,0.3,APPLIQUEE,PAUSE,0
CAMP_0072,2024-12-20,5,META_ADS,NOTORIETE,12951.48,328.88,19.0,ACTIVE,1733148.0,CAROUSEL,AUTOMATIQUE,3.0,14013.0,146.0,0.0,276.8,21.51,0.0104,-0.9223,276.8,1.9,19.75,256.99,-0.9704,0.0,24.0,7.0,-2.1,-14.88,PROPOSEE,PAUSE,0
CAMP_0072,2024-12-21,6,META_ADS,NOTORIETE,12951.48,328.88,19.0,ACTIVE,1733148.0,CAROUSEL,AUTOMATIQUE,3.0,21043.0,201.0,0.0,282.74,45.3,0.0096,-0.8398,282.74,1.41,13.44,320.93,-0.849,0.0,40.23,7.0,6.6,-3.25,ACCEPTEE,PAUSE,0
CAMP_0072,2024-12-22,7,META_ADS,NOTORIETE,12951.48,328.88,19.0,ACTIVE,1733148.0,CAROUSEL,AUTOMATIQUE,3.0,28325.0,324.0,2.0,286.72,101.14,0.0114,-0.6472,143.36,0.88,10.12,142.02,-0.5966,1.0,111.25,7.0,-1.6,-0.16,REJETEE,PAUSE,0
CAMP_0072,2024-12-23,8,META_ADS,NOTORIETE,12951.48,328.88,19.0,ACTIVE,1733148.0,CAROUSEL,AUTOMATIQUE,3.0,16743.0,109.0,0.0,280.76,33.71,0.0065,-0.8799,280.76,2.58,16.77,245.69,-0.914,0.0,33.06,14.0,-6.3,9.19,PROPOSEE,PAUSE,0
CAMP_0072,2024-12-24,9,META_ADS,NOTORIETE,12951.48,328.88,19.0,ACTIVE,1733148.0,CAROUSEL,AUTOMATIQUE,3.0,11032.0,88.0,0.0,304.59,5.66,0.008,-0.9814,304.59,3.46,27.61,298.93,-0.9113,0.0,4.88,30.0,-4.2,-13.79,APPLIQUEE,PAUSE,0
CAMP_0072,2024-12-25,10,META_ADS,NOTORIETE,12951.48,328.88,19.0,ACTIVE,1733148.0,CAROUSEL,AUTOMATIQUE,3.0,21407.0,252.0,1.0,310.04,142.37,0.0118,-0.5408,310.04,1.23,14.48,334.85,-0.5072,0.0,134.59,30.0,-4.0,-11.21,PROPOSEE,PAUSE,0
CAMP_0073,2024-09-15,1,GOOGLE_ADS,CONVERSION,1359.81,191.16,11.0,PAUSE,1458084.0,IMAGE,MANUEL,10.0,32739.0,676.0,19.0,155.96,2435.23,0.0206,14.6149,8.21,0.23,4.76,7.01,13.5998,21.0,2253.17,7.0,-3.7,6.67,PROPOSEE,AUGMENTER,16
CAMP_0073,2024-09-16,2,GOOGLE_ADS,CONVERSION,1359.81,191.16,11.0,PAUSE,1458084.0,IMAGE,MANUEL,10.0,32856.0,837.0,18.0,162.43,1566.91,0.0255,8.6464,9.02,0.19,4.94,8.61,8.1287,19.0,1515.82,7.0,6.4,3.82,ACCEPTEE,AUGMENTER,24
CAMP_0073,2024-09-17,3,GOOGLE_ADS,CONVERSION,1359.81,191.16,11.0,PAUSE,1458084.0,IMAGE,MANUEL,10.0,47671.0,920.0,28.0,172.45,2392.1,0.0193,12.8712,6.16,0.19,3.62,6.99,12.8856,24.0,2483.39,14.0,-7.9,0.15,APPLIQUEE,AUGMENTER,14
CAMP_0073,2024-09-18,4,GOOGLE_ADS,CONVERSION,1359.81,191.16,11.0,PAUSE,1458084.0,IMAGE,MANUEL,10.0,41495.0,901.0,21.0,175.32,2615.57,0.0217,13.9192,8.35,0.19,4.22,8.75,13.749,24.0,2277.68,7.0,-5.4,-5.44,ACCEPTEE,AUGMENTER,12
CAMP_0073,2024-09-19,5,GOOGLE_ADS,CONVERSION,1359.81,191.16,11.0,PAUSE,1458084.0,IMAGE,MANUEL,10.0,19444.0,427.0,17.0,185.15,764.63,0.022,3.1297,10.89,0.43,9.52,11.22,2.9969,14.0,775.44,14.0,-4.8,-10.48,PROPOSEE,AUGMENTER,13
CAMP_0073,2024-09-20,6,GOOGLE_ADS,CONVERSION,1359.81,191.16,11.0,PAUSE,1458084.0,IMAGE,MANUEL,10.0,32423.0,696.0,27.0,181.88,2416.35,0.0215,12.2852,6.74,0.26,5.61,5.84,12.7392,26.0,2441.2,30.0,14.7,-14.2,APPLIQUEE,AUGMENTER,13
CAMP_0073,2024-09-21,7,GOOGLE_ADS,CONVERSION,1359.81,191.16,11.0,PAUSE,1458084.0,IMAGE,MANUEL,10.0,58363.0,951.0,40.0,161.0,1944.17,0.0163,11.0758,4.02,0.17,2.76,4.29,11.5722,37.0,1674.96,7.0,18.9,1.54,REJETEE,AUGMENTER,14
CAMP_0073,2024-09-22,8,GOOGLE_ADS,CONVERSION,1359.81,191.16,11.0,PAUSE,1458084.0,IMAGE,MANUEL,10.0,60597.0,917.0,25.0,153.61,2086.07,0.0151,12.58,6.14,0.17,2.53,6.48,11.3368,20.0,1809.72,14.0,20.4,8.31,REJETEE,AUGMENTER,26
CAMP_0073,2024-09-23,9,GOOGLE_ADS,CONVERSION,1359.81,191.16,11.0,PAUSE,1458084.0,IMAGE,MANUEL,10.0,19311.0,401.0,10.0,178.07,1218.67,0.0208,5.8436,17.81,0.44,9.22,19.25,5.3991,8.0,1265.57,30.0,27.0,3.67,APPLIQUEE,AUGMENTER,16
CAMP_0073,2024-09-24,10,GOOGLE_ADS,CONVERSION,1359.81,191.16,11.0,PAUSE,1458084.0,IMAGE,MANUEL,10.0,52739.0,830.0,28.0,179.33,4086.48,0.0157,21.787,6.4,0.22,3.4,6.49,19.6945,31.0,4057.58,30.0,-8.5,-0.7,PROPOSEE,AUGMENTER,16
CAMP_0074,2024-06-18,1,GOOGLE_ADS,NOTORIETE,3623.57,143.3,17.0,TERMINEE,1013216.0,CAROUSEL,MANUEL,8.0,22498.0,639.0,1.0,120.11,129.76,0.0284,0.0803,120.11,0.19,5.34,116.96,0.0802,1.0,127.8,30.0,5.2,-9.79,APPLIQUEE,DIMINUER,23
CAMP_0074,2024-06-19,2,GOOGLE_ADS,NOTORIETE,3623.57,143.3,17.0,TERMINEE,1013216.0,CAROUSEL,MANUEL,8.0,22232.0,381.0,2.0,118.8,133.19,0.0171,0.1211,59.4,0.31,5.34,59.13,0.1257,2.0,132.36,7.0,16.4,-3.62,REJETEE,DIMINUER,10
CAMP_0074,2024-06-20,3,GOOGLE_ADS,NOTORIETE,3623.57,143.3,17.0,TERMINEE,1013216.0,CAROUSEL,MANUEL,8.0,31246.0,918.0,1.0,136.7,56.3,0.0294,-0.5882,136.7,0.15,4.37,143.52,-0.6107,1.0,64.12,14.0,25.1,5.28,APPLIQUEE,PAUSE,0
CAMP_0074,2024-06-21,4,GOOGLE_ADS,NOTORIETE,3623.57,143.3,17.0,TERMINEE,1013216.0,CAROUSEL,MANUEL,8.0,24539.0,388.0,2.0,127.4,186.71,0.0158,0.4655,63.7,0.33,5.19,63.13,0.4832,2.0,166.77,14.0,-4.0,4.63,PROPOSEE,AUGMENTER,6
CAMP_0074,2024-06-22,5,GOOGLE_ADS,NOTORIETE,3623.57,143.3,17.0,TERMINEE,1013216.0,CAROUSEL,MANUEL,8.0,10687.0,234.0,0.0,138.41,10.84,0.0219,-0.9217,138.41,0.59,12.95,144.53,-0.9144,0.0,11.25,7.0,-3.0,-12.75,PROPOSEE,PAUSE,0
CAMP_0074,2024-06-23,6,GOOGLE_ADS,NOTORIETE,3623.57,143.3,17.0,TERMINEE,1013216.0,CAROUSEL,MANUEL,8.0,21776.0,339.0,1.0,126.55,94.53,0.0156,-0.2531,126.55,0.37,5.81,124.5,-0.2573,0.0,91.37,14.0,-9.1,-1.04,ACCEPTEE,PAUSE,0
CAMP_0074,2024-06-24,7,GOOGLE_ADS,NOTORIETE,3623.57,143.3,17.0,TERMINEE,1013216.0,CAROUSEL,MANUEL,8.0,29668.0,803.0,1.0,126.09,96.47,0.0271,-0.2349,126.09,0.16,4.25,122.24,-0.2437,0.0,102.62,30.0,5.8,-1.88,REJETEE,PAUSE,0
CAMP_0074,2024-06-25,8,GOOGLE_ADS,NOTORIETE,3623.57,143.3,17.0,TERMINEE,1013216.0,CAROUSEL,MANUEL,8.0,32627.0,1005.0,8.0,121.29,373.42,0.0308,2.0788,15.16,0.12,3.72,14.97,2.0387,9.0,378.82,14.0,24.4,-0.59,ACCEPTEE,AUGMENTER,20
CAMP_0074,2024-06-26,9,GOOGLE_ADS,NOTORIETE,3623.57,143.3,17.0,TERMINEE,1013216.0,CAROUSEL,MANUEL,8.0,12153.0,294.0,1.0,133.22,137.81,0.0242,0.0344,133.22,0.45,10.96,132.05,0.0334,1.0,135.84,30.0,29.3,-11.25,PROPOSEE,DIMINUER,20
CAMP_0074,2024-06-27,10,GOOGLE_ADS,NOTORIETE,3623.57,143.3,17.0,TERMINEE,1013216.0,CAROUSEL,MANUEL,8.0,14972.0,375.0,1.0,127.14,57.75,0.025,-0.5458,127.14,0.34,8.49,123.08,-0.5427,1.0,65.32,14.0,1.5,-11.78,APPLIQUEE,PAUSE,0
CAMP_0075,2024-02-04,1,META_ADS,TRAFIC,18330.36,204.05,18.0,TERMINEE,1628979.0,CAROUSEL,MANUEL,10.0,48802.0,1360.0,7.0,187.22,807.43,0.0279,3.3127,26.75,0.14,3.84,27.23,3.4019,7.0,752.52,30.0,-2.3,6.17,APPLIQUEE,AUGMENTER,28
CAMP_0075,2024-02-05,2,META_ADS,TRAFIC,18330.36,204.05,18.0,TERMINEE,1628979.0,CAROUSEL,MANUEL,10.0,63015.0,2309.0,12.0,199.28,1434.35,0.0366,6.1976,16.61,0.09,3.16,16.56,6.4257,13.0,1284.04,14.0,18.9,5.99,ACCEPTEE,AUGMENTER,21
CAMP_0075,2024-02-06,3,META_ADS,TRAFIC,18330.36,204.05,18.0,TERMINEE,1628979.0,CAROUSEL,MANUEL,10.0,42748.0,1140.0,7.0,177.94,643.69,0.0267,2.6174,25.42,0.16,4.16,25.5,2.6509,6.0,727.31,30.0,22.4,3.4,REJETEE,AUGMENTER,12
CAMP_0075,2024-02-07,4,META_ADS,TRAFIC,18330.36,204.05,18.0,TERMINEE,1628979.0,CAROUSEL,MANUEL,10.0,52998.0,1104.0,7.0,166.76,651.83,0.0208,2.9088,23.82,0.15,3.15,23.42,2.7895,5.0,558.25,7.0,22.2,-9.63,PROPOSEE,AUGMENTER,10
CAMP_0075,2024-02-08,5,META_ADS,TRAFIC,18330.36,204.05,18.0,TERMINEE,1628979.0,CAROUSEL,MANUEL,10.0,27391.0,567.0,4.0,201.73,377.24,0.0207,0.8701,50.43,0.36,7.36,52.15,0.8582,4.0,429.07,14.0,13.8,-11.79,PROPOSEE,AUGMENTER,28
CAMP_0075,2024-02-09,6,META_ADS,TRAFIC,18330.36,204.05,18.0,TERMINEE,1628979.0,CAROUSEL,MANUEL,10.0,35971.0,1074.0,4.0,173.88,457.85,0.0299,1.6331,43.47,0.16,4.83,42.06,1.601,4.0,454.43,30.0,9.9,-14.57,REJETEE,AUGMENTER,28
CAMP_0075,2024-02-10,7,META_ADS,TRAFIC,18330.36,204.05,18.0,TERMINEE,1628979.0,CAROUSEL,MANUEL,10.0,27573.0,1014.0,8.0,177.02,420.29,0.0368,1.3742,22.13,0.17,6.42,22.2,1.3905,9.0,377.83,7.0,-0.8,-3.66,PROPOSEE,AUGMENTER,13
CAMP_0075,2024-02-11,8,META_ADS,TRAFIC,18330.36,204.05,18.0,TERMINEE,1628979.0,CAROUSEL,MANUEL,10.0,29494.0,884.0,8.0,195.27,997.05,0.03,4.106,24.41,0.22,6.62,25.26,4.0031,7.0,1141.61,30.0,1.0,-4.4,REJETEE,AUGMENTER,14
CAMP_0075,2024-02-12,9,META_ADS,TRAFIC,18330.36,204.05,18.0,TERMINEE,1628979.0,CAROUSEL,MANUEL,10.0,60049.0,1793.0,15.0,198.9,1597.08,0.0299,7.0297,13.26,0.11,3.31,12.78,6.946,17.0,1404.03,7.0,12.0,-1.51,REJETEE,AUGMENTER,21
CAMP_0075,2024-02-13,10,META_ADS,TRAFIC,18330.36,204.05,18.0,TERMINEE,1628979.0,CAROUSEL,MANUEL,10.0,29056.0,531.0,4.0,202.53,492.54,0.0183,1.432,50.63,0.38,6.97,52.81,1.4442,3.0,520.34,14.0,2.3,8.1,REJETEE,AUGMENTER,22
CAMP_0076,2024-07-05,1,META_ADS,CONVERSION,6301.12,184.32,16.0,PAUSE,1488284.0,IMAGE,MANUEL,8.0,45397.0,820.0,36.0,151.21,3667.39,0.0181,23.2534,4.2,0.18,3.33,3.8,25.0857,42.0,4158.75,30.0,23.9,-8.52,ACCEPTEE,AUGMENTER,16
CAMP_0076,2024-07-06,2,META_ADS,CONVERSION,6301.12,184.32,16.0,PAUSE,1488284.0,IMAGE,MANUEL,8.0,25168.0,278.0,5.0,160.79,600.59,0.011,2.7353,32.16,0.58,6.39,30.65,2.6476,4.0,577.16,7.0,25.5,4.46,APPLIQUEE,AUGMENTER,12
CAMP_0076,2024-07-07,3,META_ADS,CONVERSION,6301.12,184.32,16.0,PAUSE,1488284.0,IMAGE,MANUEL,8.0,35607.0,635.0,28.0,153.14,2240.31,0.0178,13.6288,5.47,0.24,4.3,4.87,13.0839,26.0,2004.73,30.0,-4.4,-2.95,ACCEPTEE,AUGMENTER,10
CAMP_0076,2024-07-08,4,META_ADS,CONVERSION,6301.12,184.32,16.0,PAUSE,1488284.0,IMAGE,MANUEL,8.0,34264.0,361.0,17.0,175.81,692.32,0.0105,2.9378,10.34,0.49,5.13,9.4,3.0167,15.0,753.13,7.0,6.9,-5.95,ACCEPTEE,AUGMENTER,11
CAMP_0076,2024-07-09,5,META_ADS,CONVERSION,6301.12,184.32,16.0,PAUSE,1488284.0,IMAGE,MANUEL,8.0,36007.0,524.0,8.0,157.26,949.38,0.0146,5.0369,19.66,0.3,4.37,18.8,5.524,7.0,984.09,30.0,9.2,-1.06,ACCEPTEE,AUGMENTER,15
CAMP_0076,2024-07-10,6,META_ADS,CONVERSION,6301.12,184.32,16.0,PAUSE,1488284.0,IMAGE,MANUEL,8.0,24237.0,395.0,15.0,166.98,1898.91,0.0163,10.372,11.13,0.42,6.89,10.86,9.6855,17.0,1723.46,14.0,-7.6,-0.02,PROPOSEE,AUGMENTER,18
CAMP_0076,2024-07-11,7,META_ADS,CONVERSION,6301.12,184.32,16.0,PAUSE,1488284.0,IMAGE,MANUEL,8.0,21961.0,308.0,14.0,182.54,1354.88,0.014,6.4222,13.04,0.59,8.31,14.93,6.9415,11.0,1281.13,7.0,7.7,3.04,APPLIQUEE,AUGMENTER,11
CAMP_0076,2024-07-12,8,META_ADS,CONVERSION,6301.12,184.32,16.0,PAUSE,1488284.0,IMAGE,MANUEL,8.0,34063.0,678.0,27.0,173.91,2616.53,0.0199,14.0452,6.44,0.26,5.11,5.57,13.3115,24.0,2576.44,14.0,7.2,6.55,ACCEPTEE,AUGMENTER,12
CAMP_0076,2024-07-13,9,META_ADS,CONVERSION,6301.12,184.32,16.0,PAUSE,1488284.0,IMAGE,MANUEL,8.0,16136.0,209.0,8.0,163.46,666.07,0.013,3.0749,20.43,0.78,10.13,19.43,2.9352,9.0,697.38,30.0,6.5,-11.75,APPLIQUEE,AUGMENTER,10
CAMP_0076,2024-07-14,10,META_ADS,CONVERSION,6301.12,184.32,16.0,PAUSE,1488284.0,IMAGE,MANUEL,8.0,13628.0,268.0,8.0,183.5,1182.44,0.0197,5.4439,22.94,0.68,13.46,20.05,5.4997,6.0,1352.09,30.0,11.2,8.63,ACCEPTEE,AUGMENTER,19
CAMP_0077,2024-04-15,1,LINKEDIN_ADS,TRAFIC,11649.26,470.52,30.0,PAUSE,613538.0,IMAGE,MANUEL,9.0,91857.0,2093.0,18.0,442.36,2449.62,0.0228,4.5376,24.58,0.21,4.82,20.97,4.6044,16.0,2228.89,14.0,3.7,-8.47,REJETEE,AUGMENTER,13
CAMP_0077,2024-04-16,2,LINKEDIN_ADS,TRAFIC,11649.26,470.52,30.0,PAUSE,613538.0,IMAGE,MANUEL,9.0,81203.0,1194.0,10.0,433.86,561.55,0.0147,0.2943,43.39,0.36,5.34,41.83,0.267,10.0,594.71,14.0,23.1,2.11,APPLIQUEE,CIBLAGE,0
CAMP_0077,2024-04-17,3,LINKEDIN_ADS,TRAFIC,11649.26,470.52,30.0,PAUSE,613538.0,IMAGE,MANUEL,9.0,63743.0,1383.0,9.0,418.02,701.8,0.0217,0.6788,46.45,0.3,6.56,44.59,0.6805,10.0,685.91,30.0,-9.7,2.53,REJETEE,AUGMENTER,30
CAMP_0077,2024-04-18,4,LINKEDIN_ADS,TRAFIC,11649.26,470.52,30.0,PAUSE,613538.0,IMAGE,MANUEL,9.0,101739.0,2060.0,3.0,426.99,248.7,0.0202,-0.4176,142.33,0.21,4.2,135.59,-0.4546,3.0,252.61,14.0,24.7,-14.19,PROPOSEE,PAUSE,0
CAMP_0077,2024-04-19,5,LINKEDIN_ADS,TRAFIC,11649.26,470.52,30.0,PAUSE,613538.0,IMAGE,MANUEL,9.0,90643.0,1538.0,4.0,424.57,297.39,0.017,-0.2995,106.14,0.28,4.68,99.19,-0.2745,3.0,312.72,30.0,-7.7,-14.58,APPLIQUEE,PAUSE,0
CAMP_0077,2024-04-20,6,LINKEDIN_ADS,TRAFIC,11649.26,470.52,30.0,PAUSE,613538.0,IMAGE,MANUEL,9.0,65090.0,689.0,4.0,400.76,526.18,0.0106,0.313,100.19,0.58,6.16,112.61,0.3356,4.0,450.88,7.0,28.3,-0.89,REJETEE,DIMINUER,11
CAMP_0077,2024-04-21,7,LINKEDIN_ADS,TRAFIC,11649.26,470.52,30.0,PAUSE,613538.0,IMAGE,MANUEL,9.0,54080.0,907.0,7.0,400.86,670.77,0.0168,0.6733,57.27,0.44,7.41,62.53,0.6204,5.0,645.29,7.0,8.1,-4.42,ACCEPTEE,AUGMENTER,30
CAMP_0077,2024-04-22,8,LINKEDIN_ADS,TRAFIC,11649.26,470.52,30.0,PAUSE,613538.0,IMAGE,MANUEL,9.0,42795.0,958.0,5.0,376.91,386.44,0.0224,0.0253,75.38,0.39,8.81,77.01,0.024,4.0,337.22,30.0,14.9,-5.73,PROPOSEE,DIMINUER,19
CAMP_0077,2024-04-23,9,LINKEDIN_ADS,TRAFIC,11649.26,470.52,30.0,PAUSE,613538.0,IMAGE,MANUEL,9.0,55762.0,990.0,9.0,439.04,1196.05,0.0178,1.7242,48.78,0.44,7.87,41.66,1.8301,10.0,1238.2,7.0,17.1,9.95,APPLIQUEE,AUGMENTER,28
CAMP_0077,2024-04-24,10,LINKEDIN_ADS,TRAFIC,11649.26,470.52,30.0,PAUSE,613538.0,IMAGE,MANUEL,9.0,48272.0,910.0,5.0,389.59,407.72,0.0189,0.0465,77.92,0.43,8.07,79.85,0.0508,5.0,423.74,14.0,1.4,6.09,REJETEE,DIMINUER,21
CAMP_0078,2024-10-10,1,TIKTOK_ADS,CONVERSION,6518.6,179.43,29.0,ACTIVE,736376.0,VIDEO,MANUEL,10.0,49196.0,1780.0,73.0,159.85,4096.82,0.0362,24.6296,2.19,0.09,3.25,2.38,22.688,61.0,4347.73,7.0,0.1,6.04,APPLIQUEE,AUGMENTER,17
CAMP_0078,2024-10-11,2,TIKTOK_ADS,CONVERSION,6518.6,179.43,29.0,ACTIVE,736376.0,VIDEO,MANUEL,10.0,46631.0,1122.0,17.0,151.25,826.0,0.0241,4.4611,8.9,0.13,3.24,10.02,4.8417,14.0,880.08,7.0,23.5,-8.72,REJETEE,AUGMENTER,14
CAMP_0078,2024-10-12,3,TIKTOK_ADS,CONVERSION,6518.6,179.43,29.0,ACTIVE,736376.0,VIDEO,MANUEL,10.0,67673.0,2530.0,113.0,164.51,12431.21,0.0374,74.564,1.46,0.07,2.43,1.24,78.9125,100.0,10752.99,7.0,-9.9,-13.9,APPLIQUEE,AUGMENTER,23
CAMP_0078,2024-10-13,4,TIKTOK_ADS,CONVERSION,6518.6,179.43,29.0,ACTIVE,736376.0,VIDEO,MANUEL,10.0,94677.0,4592.0,122.0,149.39,11667.65,0.0485,77.1031,1.22,0.03,1.58,1.18,79.0376,107.0,12779.17,30.0,20.8,4.93,REJETEE,AUGMENTER,11
CAMP_0078,2024-10-14,5,TIKTOK_ADS,CONVERSION,6518.6,179.43,29.0,ACTIVE,736376.0,VIDEO,MANUEL,10.0,52387.0,2571.0,80.0,168.47,7207.8,0.0491,41.785,2.11,0.07,3.22,2.42,42.6663,69.0,6749.52,30.0,-5.1,-9.82,ACCEPTEE,AUGMENTER,26
CAMP_0078,2024-10-15,6,TIKTOK_ADS,CONVERSION,6518.6,179.43,29.0,ACTIVE,736376.0,VIDEO,MANUEL,10.0,28906.0,1081.0,15.0,174.13,782.05,0.0374,3.4912,11.61,0.16,6.02,11.93,3.7432,14.0,783.83,7.0,12.2,-12.49,APPLIQUEE,AUGMENTER,23
CAMP_0078,2024-10-16,7,TIKTOK_ADS,CONVERSION,6518.6,179.43,29.0,ACTIVE,736376.0,VIDEO,MANUEL,10.0,36314.0,1320.0,29.0,156.98,2097.8,0.0363,12.3633,5.41,0.12,4.32,4.88,11.6159,24.0,2124.23,7.0,1.0,8.58,APPLIQUEE,AUGMENTER,22
CAMP_0078,2024-10-17,8,TIKTOK_ADS,CONVERSION,6518.6,179.43,29.0,ACTIVE,736376.0,VIDEO,MANUEL,10.0,23598.0,1034.0,49.0,154.5,3487.97,0.0438,21.5766,3.15,0.15,6.55,3.34,22.452,40.0,3160.5,14.0,-3.5,-2.09,PROPOSEE,AUGMENTER,25
CAMP_0078,2024-10-18,9,TIKTOK_ADS,CONVERSION,6518.6,179.43,29.0,ACTIVE,736376.0,VIDEO,MANUEL,10.0,41060.0,882.0,11.0,145.15,1022.22,0.0215,6.0427,13.2,0.16,3.54,14.21,5.7136,10.0,1125.27,14.0,-9.5,-12.56,ACCEPTEE,AUGMENTER,27
CAMP_0078,2024-10-19,10,TIKTOK_ADS,CONVERSION,6518.6,179.43,29.0,ACTIVE,736376.0,VIDEO,MANUEL,10.0,40656.0,1263.0,54.0,173.46,2948.89,0.0311,16.0002,3.21,0.14,4.27,3.31,16.0215,49.0,2883.89,14.0,7.9,-11.3,APPLIQUEE,AUGMENTER,21
CAMP_0079,2024-10-12,1,META_ADS,CONVERSION,16731.08,172.01,24.0,TERMINEE,579631.0,IMAGE,AUTOMATIQUE,6.0,14559.0,179.0,6.0,142.73,720.39,0.0123,4.0471,23.79,0.8,9.8,23.27,3.91,6.0,821.56,14.0,24.7,-12.3,REJETEE,AUGMENTER,10
CAMP_0079,2024-10-13,2,META_ADS,CONVERSION,16731.08,172.01,24.0,TERMINEE,579631.0,IMAGE,AUTOMATIQUE,6.0,12765.0,155.0,3.0,168.58,231.87,0.0121,0.3754,56.19,1.09,13.21,53.83,0.3853,3.0,201.29,14.0,8.5,-10.11,REJETEE,DIMINUER,5
CAMP_0079,2024-10-14,3,META_ADS,CONVERSION,16731.08,172.01,24.0,TERMINEE,579631.0,IMAGE,AUTOMATIQUE,6.0,11009.0,138.0,2.0,140.65,116.44,0.0125,-0.1722,70.33,1.02,12.78,72.24,-0.1793,2.0,102.06,30.0,-8.3,-3.68,PROPOSEE,PAUSE,0
CAMP_0079,2024-10-15,4,META_ADS,CONVERSION,16731.08,172.01,24.0,TERMINEE,579631.0,IMAGE,AUTOMATIQUE,6.0,12009.0,147.0,3.0,159.8,332.49,0.0122,1.0806,53.27,1.09,13.31,55.08,1.0753,3.0,339.39,30.0,-7.8,2.82,APPLIQUEE,AUGMENTER,17
CAMP_0079,2024-10-16,5,META_ADS,CONVERSION,16731.08,172.01,24.0,TERMINEE,579631.0,IMAGE,AUTOMATIQUE,6.0,12280.0,184.0,7.0,170.54,681.75,0.015,2.9976,24.36,0.93,13.89,24.47,3.071,6.0,735.62,14.0,-6.8,-13.81,REJETEE,AUGMENTER,20
CAMP_0079,2024-10-17,6,META_ADS,CONVERSION,16731.08,172.01,24.0,TERMINEE,579631.0,IMAGE,AUTOMATIQUE,6.0,20843.0,232.0,8.0,155.91,1166.89,0.0111,6.4846,19.49,0.67,7.48,19.15,6.6767,8.0,1135.29,14.0,4.4,-1.73,PROPOSEE,AUGMENTER,19
CAMP_0079,2024-10-18,7,META_ADS,CONVERSION,16731.08,172.01,24.0,TERMINEE,579631.0,IMAGE,AUTOMATIQUE,6.0,18105.0,156.0,6.0,157.55,295.87,0.0086,0.878,26.26,1.01,8.7,25.32,0.9,6.0,292.71,7.0,9.7,-10.01,PROPOSEE,AUGMENTER,18
CAMP_0079,2024-10-19,8,META_ADS,CONVERSION,16731.08,172.01,24.0,TERMINEE,579631.0,IMAGE,AUTOMATIQUE,6.0,22092.0,212.0,6.0,169.73,464.37,0.0096,1.7359,28.29,0.8,7.68,27.3,1.7126,5.0,438.84,30.0,-3.0,2.6,APPLIQUEE,AUGMENTER,22
CAMP_0079,2024-10-20,9,META_ADS,CONVERSION,16731.08,172.01,24.0,TERMINEE,579631.0,IMAGE,AUTOMATIQUE,6.0,14203.0,100.0,2.0,140.74,295.55,0.007,1.1,70.37,1.41,9.91,68.38,1.0468,2.0,264.61,7.0,-9.3,-4.12,REJETEE,AUGMENTER,10
CAMP_0079,2024-10-21,10,META_ADS,CONVERSION,16731.08,172.01,24.0,TERMINEE,579631.0,IMAGE,AUTOMATIQUE,6.0,18774.0,174.0,7.0,142.91,1013.17,0.0093,6.0894,20.42,0.82,7.61,20.02,6.3666,6.0,1012.36,7.0,11.3,-1.8,ACCEPTEE,AUGMENTER,21
CAMP_0080,2024-10-12,1,META_ADS,CONVERSION,13726.85,288.97,27.0,ACTIVE,120081.0,IMAGE,MANUEL,8.0,64544.0,633.0,10.0,272.4,727.83,0.0098,1.6719,27.24,0.43,4.22,27.64,1.5809,9.0,776.68,14.0,7.9,2.59,ACCEPTEE,AUGMENTER,21
CAMP_0080,2024-10-13,2,META_ADS,CONVERSION,13726.85,288.97,27.0,ACTIVE,120081.0,IMAGE,MANUEL,8.0,32034.0,345.0,7.0,285.59,972.62,0.0108,2.4056,40.8,0.83,8.92,40.01,2.5748,6.0,1020.99,14.0,0.2,-14.26,ACCEPTEE,AUGMENTER,29
CAMP_0080,2024-10-14,3,META_ADS,CONVERSION,13726.85,288.97,27.0,ACTIVE,120081.0,IMAGE,MANUEL,8.0,26506.0,314.0,6.0,260.57,572.92,0.0118,1.1987,43.43,0.83,9.83,49.44,1.0949,5.0,568.92,14.0,12.5,-6.66,REJETEE,AUGMENTER,13
CAMP_0080,2024-10-15,4,META_ADS,CONVERSION,13726.85,288.97,27.0,ACTIVE,120081.0,IMAGE,MANUEL,8.0,62141.0,759.0,24.0,234.96,1036.31,0.0122,3.4106,9.79,0.31,3.78,8.74,3.4234,23.0,948.14,14.0,14.3,-11.09,ACCEPTEE,AUGMENTER,16
CAMP_0080,2024-10-16,5,META_ADS,CONVERSION,13726.85,288.97,27.0,ACTIVE,120081.0,IMAGE,MANUEL,8.0,42318.0,828.0,26.0,265.05,1330.32,0.0196,4.0191,10.19,0.32,6.26,8.7,3.8648,22.0,1382.39,30.0,26.9,5.96,PROPOSEE,AUGMENTER,24
CAMP_0080,2024-10-17,6,META_ADS,CONVERSION,13726.85,288.97,27.0,ACTIVE,120081.0,IMAGE,MANUEL,8.0,49648.0,823.0,26.0,256.95,3460.35,0.0166,12.467,9.88,0.31,5.18,10.23,12.7453,27.0,3491.12,14.0,7.5,-11.28,PROPOSEE,AUGMENTER,22
CAMP_0080,2024-10-18,7,META_ADS,CONVERSION,13726.85,288.97,27.0,ACTIVE,120081.0,IMAGE,MANUEL,8.0,39638.0,717.0,22.0,240.9,1473.29,0.0181,5.1159,10.95,0.34,6.08,11.69,5.4301,25.0,1415.64,14.0,13.4,-1.88,REJETEE,AUGMENTER,21
CAMP_0080,2024-10-19,8,META_ADS,CONVERSION,13726.85,288.97,27.0,ACTIVE,120081.0,IMAGE,MANUEL,8.0,68643.0,1381.0,16.0,278.14,2331.56,0.0201,7.3826,17.38,0.2,4.05,15.1,7.3045,15.0,2128.33,14.0,18.0,-3.12,APPLIQUEE,AUGMENTER,14
CAMP_0080,2024-10-20,9,META_ADS,CONVERSION,13726.85,288.97,27.0,ACTIVE,120081.0,IMAGE,MANUEL,8.0,44923.0,746.0,9.0,284.45,630.57,0.0166,1.2168,31.61,0.38,6.33,33.4,1.3166,10.0,655.89,14.0,-7.7,-8.35,PROPOSEE,AUGMENTER,11
CAMP_0080,2024-10-21,10,META_ADS,CONVERSION,13726.85,288.97,27.0,ACTIVE,120081.0,IMAGE,MANUEL,8.0,41650.0,704.0,30.0,243.47,3974.26,0.0169,15.3233,8.12,0.35,5.85,8.82,15.4918,30.0,3772.84,7.0,7.0,-7.23,REJETEE,AUGMENTER,23
CAMP_0081,2024-12-05,1,LINKEDIN_ADS,CONVERSION,13942.65,111.86,24.0,ACTIVE,863346.0,CAROUSEL,MANUEL,10.0,9384.0,275.0,3.0,105.11,394.06,0.0293,2.749,35.04,0.38,11.2,39.26,3.0049,3.0,402.6,7.0,15.1,-14.38,PROPOSEE,AUGMENTER,20
CAMP_0081,2024-12-06,2,LINKEDIN_ADS,CONVERSION,13942.65,111.86,24.0,ACTIVE,863346.0,CAROUSEL,MANUEL,10.0,21805.0,811.0,24.0,107.43,3293.58,0.0372,29.6575,4.48,0.13,4.93,4.76,30.3063,27.0,3045.67,30.0,21.8,-13.74,REJETEE,AUGMENTER,12
CAMP_0081,2024-12-07,3,LINKEDIN_ADS,CONVERSION,13942.65,111.86,24.0,ACTIVE,863346.0,CAROUSEL,MANUEL,10.0,27688.0,1094.0,22.0,104.3,1658.36,0.0395,14.8993,4.74,0.1,3.77,4.7,13.4672,22.0,1457.16,7.0,9.4,-3.32,REJETEE,AUGMENTER,28
CAMP_0081,2024-12-08,4,LINKEDIN_ADS,CONVERSION,13942.65,111.86,24.0,ACTIVE,863346.0,CAROUSEL,MANUEL,10.0,16449.0,405.0,6.0,110.12,641.8,0.0246,4.8281,18.35,0.27,6.69,19.03,4.4238,5.0,661.55,30.0,-8.5,3.73,APPLIQUEE,AUGMENTER,18
CAMP_0081,2024-12-09,5,LINKEDIN_ADS,CONVERSION,13942.65,111.86,24.0,ACTIVE,863346.0,CAROUSEL,MANUEL,10.0,6953.0,146.0,5.0,100.43,416.04,0.021,3.1426,20.09,0.69,14.44,18.68,3.1109,5.0,452.4,14.0,13.4,-1.4,ACCEPTEE,AUGMENTER,18
CAMP_0081,2024-12-10,6,LINKEDIN_ADS,CONVERSION,13942.65,111.86,24.0,ACTIVE,863346.0,CAROUSEL,MANUEL,10.0,11393.0,364.0,16.0,107.74,1423.51,0.0319,12.2119,6.73,0.3,9.46,7.16,11.8792,17.0,1412.3,7.0,-7.3,2.87,ACCEPTEE,AUGMENTER,27
CAMP_0081,2024-12-11,7,LINKEDIN_ADS,CONVERSION,13942.65,111.86,24.0,ACTIVE,863346.0,CAROUSEL,MANUEL,10.0,12939.0,333.0,8.0,108.26,1034.45,0.0257,8.5551,13.53,0.33,8.37,14.07,8.2595,9.0,1029.04,7.0,17.9,-0.65,ACCEPTEE,AUGMENTER,30
CAMP_0081,2024-12-12,8,LINKEDIN_ADS,CONVERSION,13942.65,111.86,24.0,ACTIVE,863346.0,CAROUSEL,MANUEL,10.0,18561.0,475.0,4.0,106.11,493.71,0.0256,3.6526,26.53,0.22,5.72,28.79,3.9862,3.0,466.19,30.0,-0.0,9.94,REJETEE,AUGMENTER,20
CAMP_0081,2024-12-13,9,LINKEDIN_ADS,CONVERSION,13942.65,111.86,24.0,ACTIVE,863346.0,CAROUSEL,MANUEL,10.0,24181.0,520.0,18.0,107.57,1157.87,0.0215,9.7635,5.98,0.21,4.45,5.44,10.3703,15.0,1305.05,30.0,2.7,-10.7,REJETEE,AUGMENTER,12
CAMP_0081,2024-12-14,10,LINKEDIN_ADS,CONVERSION,13942.65,111.86,24.0,ACTIVE,863346.0,CAROUSEL,MANUEL,10.0,29392.0,528.0,20.0,103.05,815.7,0.018,6.9159,5.15,0.2,3.51,4.56,7.2388,21.0,741.05,30.0,14.4,-2.45,ACCEPTEE,AUGMENTER,18
CAMP_0082,2024-05-16,1,META_ADS,TRAFIC,7102.19,340.65,9.0,TERMINEE,1214044.0,IMAGE,AUTOMATIQUE,5.0,42692.0,438.0,1.0,306.61,58.75,0.0103,-0.8084,306.61,0.7,7.18,300.42,-0.7845,0.0,64.37,7.0,22.3,-7.56,REJETEE,PAUSE,0
CAMP_0082,2024-05-17,2,META_ADS,TRAFIC,7102.19,340.65,9.0,TERMINEE,1214044.0,IMAGE,AUTOMATIQUE,5.0,25260.0,277.0,1.0,284.48,104.7,0.011,-0.632,284.48,1.03,11.26,283.48,-0.6579,1.0,102.23,14.0,23.2,5.54,REJETEE,PAUSE,0
CAMP_0082,2024-05-18,3,META_ADS,TRAFIC,7102.19,340.65,9.0,TERMINEE,1214044.0,IMAGE,AUTOMATIQUE,5.0,49804.0,329.0,2.0,332.54,240.36,0.0066,-0.2772,166.27,1.01,6.68,159.75,-0.2709,2.0,247.13,14.0,27.2,-5.12,PROPOSEE,PAUSE,0
CAMP_0082,2024-05-19,4,META_ADS,TRAFIC,7102.19,340.65,9.0,TERMINEE,1214044.0,IMAGE,AUTOMATIQUE,5.0,21345.0,251.0,2.0,318.69,215.18,0.0118,-0.3248,159.35,1.27,14.93,156.53,-0.3091,1.0,193.42,7.0,14.2,9.74,APPLIQUEE,PAUSE,0
CAMP_0082,2024-05-20,5,META_ADS,TRAFIC,7102.19,340.65,9.0,TERMINEE,1214044.0,IMAGE,AUTOMATIQUE,5.0,32207.0,387.0,1.0,318.38,111.5,0.012,-0.6498,318.38,0.82,9.89,314.4,-0.619,0.0,99.52,30.0,15.6,1.2,PROPOSEE,PAUSE,0
CAMP_0082,2024-05-21,6,META_ADS,TRAFIC,7102.19,340.65,9.0,TERMINEE,1214044.0,IMAGE,AUTOMATIQUE,5.0,52471.0,420.0,1.0,280.81,97.01,0.008,-0.6545,280.81,0.67,5.35,284.84,-0.643,0.0,100.3,7.0,-2.1,-0.24,ACCEPTEE,PAUSE,0
CAMP_0082,2024-05-22,7,META_ADS,TRAFIC,7102.19,340.65,9.0,TERMINEE,1214044.0,IMAGE,AUTOMATIQUE,5.0,27721.0,260.0,1.0,275.72,141.02,0.0094,-0.4885,275.72,1.06,9.95,265.57,-0.4672,1.0,150.44,30.0,17.4,5.34,ACCEPTEE,PAUSE,0
CAMP_0082,2024-05-23,8,META_ADS,TRAFIC,7102.19,340.65,9.0,TERMINEE,1214044.0,IMAGE,AUTOMATIQUE,5.0,33647.0,268.0,1.0,332.48,128.84,0.008,-0.6125,332.48,1.24,9.88,318.91,-0.6039,1.0,145.85,7.0,5.3,-1.09,APPLIQUEE,PAUSE,0
CAMP_0082,2024-05-24,9,META_ADS,TRAFIC,7102.19,340.65,9.0,TERMINEE,1214044.0,IMAGE,AUTOMATIQUE,5.0,54614.0,400.0,3.0,334.99,184.97,0.0073,-0.4478,111.66,0.84,6.13,112.16,-0.4489,2.0,161.09,14.0,1.7,-4.73,REJETEE,PAUSE,0
CAMP_0082,2024-05-25,10,META_ADS,TRAFIC,7102.19,340.65,9.0,TERMINEE,1214044.0,IMAGE,AUTOMATIQUE,5.0,29663.0,182.0,0.0,301.95,1.45,0.0061,-0.9952,301.95,1.66,10.18,300.39,-0.9569,0.0,1.59,7.0,5.3,-12.51,PROPOSEE,PAUSE,0
CAMP_0083,2024-07-01,1,LINKEDIN_ADS,CONVERSION,18744.53,66.35,19.0,PAUSE,400723.0,CAROUSEL,MANUEL,3.0,4087.0,44.0,1.0,65.8,131.58,0.0108,0.9995,65.8,1.5,16.1,73.92,0.9517,0.0,137.29,30.0,9.4,8.81,REJETEE,AUGMENTER,16
CAMP_0083,2024-07-02,2,LINKEDIN_ADS,CONVERSION,18744.53,66.35,19.0,PAUSE,400723.0,CAROUSEL,MANUEL,3.0,3297.0,22.0,0.0,58.9,1.13,0.0067,-0.9809,58.9,2.68,17.86,50.49,-1.0089,0.0,1.12,7.0,9.4,-0.72,PROPOSEE,PAUSE,0
CAMP_0083,2024-07-03,3,LINKEDIN_ADS,CONVERSION,18744.53,66.35,19.0,PAUSE,400723.0,CAROUSEL,MANUEL,3.0,2802.0,33.0,0.0,64.89,9.0,0.0118,-0.8613,64.89,1.97,23.16,59.42,-0.8152,0.0,10.0,30.0,-0.1,5.77,APPLIQUEE,PAUSE,0
CAMP_0083,2024-07-04,4,LINKEDIN_ADS,CONVERSION,18744.53,66.35,19.0,PAUSE,400723.0,CAROUSEL,MANUEL,3.0,2596.0,27.0,0.0,58.81,1.2,0.0104,-0.9796,58.81,2.18,22.65,55.62,-0.9576,0.0,1.16,30.0,20.5,-4.08,REJETEE,PAUSE,0
CAMP_0083,2024-07-05,5,LINKEDIN_ADS,CONVERSION,18744.53,66.35,19.0,PAUSE,400723.0,CAROUSEL,MANUEL,3.0,1308.0,14.0,0.0,58.54,10.12,0.0107,-0.8271,58.54,4.18,44.75,63.2,-0.8258,0.0,10.72,30.0,-1.6,2.22,REJETEE,PAUSE,0
CAMP_0083,2024-07-06,6,LINKEDIN_ADS,CONVERSION,18744.53,66.35,19.0,PAUSE,400723.0,CAROUSEL,MANUEL,3.0,3976.0,32.0,0.0,61.31,1.24,0.008,-0.9797,61.31,1.92,15.42,53.36,-0.9209,0.0,1.14,14.0,10.6,-0.23,APPLIQUEE,PAUSE,0
CAMP_0083,2024-07-07,7,LINKEDIN_ADS,CONVERSION,18744.53,66.35,19.0,PAUSE,400723.0,CAROUSEL,MANUEL,3.0,3703.0,19.0,0.0,54.51,0.13,0.0051,-0.9975,54.51,2.87,14.72,46.45,-1.0378,0.0,0.12,7.0,1.6,-0.79,REJETEE,PAUSE,0
CAMP_0083,2024-07-08,8,LINKEDIN_ADS,CONVERSION,18744.53,66.35,19.0,PAUSE,400723.0,CAROUSEL,MANUEL,3.0,4364.0,47.0,0.0,59.83,4.25,0.0108,-0.9289,59.83,1.27,13.71,57.98,-0.8643,0.0,4.41,30.0,-5.4,0.26,PROPOSEE,PAUSE,0
CAMP_0083,2024-07-09,9,LINKEDIN_ADS,CONVERSION,18744.53,66.35,19.0,PAUSE,400723.0,CAROUSEL,MANUEL,3.0,2626.0,16.0,0.0,54.77,6.4,0.0061,-0.8831,54.77,3.42,20.86,51.18,-0.893,0.0,5.75,7.0,22.3,-13.33,ACCEPTEE,PAUSE,0
CAMP_0083,2024-07-10,10,LINKEDIN_ADS,CONVERSION,18744.53,66.35,19.0,PAUSE,400723.0,CAROUSEL,MANUEL,3.0,3315.0,25.0,0.0,55.01,5.17,0.0075,-0.9061,55.01,2.2,16.6,59.2,-0.8619,0.0,5.79,14.0,22.9,-8.4,APPLIQUEE,PAUSE,0
CAMP_0084,2024-01-20,1,GOOGLE_ADS,TRAFIC,11791.28,98.29,17.0,PAUSE,962839.0,CAROUSEL,MANUEL,5.0,12884.0,153.0,0.0,91.56,2.65,0.0119,-0.9711,91.56,0.6,7.11,81.1,-0.9294,0.0,2.73,30.0,25.3,6.2,REJETEE,PAUSE,0
CAMP_0084,2024-01-21,2,GOOGLE_ADS,TRAFIC,11791.28,98.29,17.0,PAUSE,962839.0,CAROUSEL,MANUEL,5.0,7420.0,133.0,0.0,85.39,16.68,0.0179,-0.8047,85.39,0.64,11.51,89.79,-0.8482,0.0,14.74,14.0,28.2,-11.51,ACCEPTEE,PAUSE,0
CAMP_0084,2024-01-22,3,GOOGLE_ADS,TRAFIC,11791.28,98.29,17.0,PAUSE,962839.0,CAROUSEL,MANUEL,5.0,9275.0,100.0,0.0,87.98,12.17,0.0108,-0.8616,87.98,0.88,9.49,96.02,-0.9034,0.0,11.08,30.0,-1.4,-13.73,PROPOSEE,PAUSE,0
CAMP_0084,2024-01-23,4,GOOGLE_ADS,TRAFIC,11791.28,98.29,17.0,PAUSE,962839.0,CAROUSEL,MANUEL,5.0,10847.0,178.0,1.0,85.23,72.96,0.0164,-0.144,85.23,0.48,7.86,91.26,-0.1382,1.0,66.71,30.0,8.4,7.6,APPLIQUEE,PAUSE,0
CAMP_0084,2024-01-24,5,GOOGLE_ADS,TRAFIC,11791.28,98.29,17.0,PAUSE,962839.0,CAROUSEL,MANUEL,5.0,9369.0,91.0,0.0,88.38,16.26,0.0097,-0.816,88.38,0.97,9.43,96.81,-0.7933,0.0,16.88,30.0,23.8,-12.36,REJETEE,PAUSE,0
CAMP_0084,2024-01-25,6,GOOGLE_ADS,TRAFIC,11791.28,98.29,17.0,PAUSE,962839.0,CAROUSEL,MANUEL,5.0,11043.0,182.0,0.0,88.08,13.54,0.0165,-0.8463,88.08,0.48,7.98,98.39,-0.9045,0.0,11.61,7.0,6.4,6.03,APPLIQUEE,PAUSE,0
CAMP_0084,2024-01-26,7,GOOGLE_ADS,TRAFIC,11791.28,98.29,17.0,PAUSE,962839.0,CAROUSEL,MANUEL,5.0,12280.0,218.0,1.0,94.87,40.74,0.0178,-0.5706,94.87,0.44,7.73,86.8,-0.5342,0.0,40.74,30.0,16.4,1.48,PROPOSEE,PAUSE,0
CAMP_0084,2024-01-27,8,GOOGLE_ADS,TRAFIC,11791.28,98.29,17.0,PAUSE,962839.0,CAROUSEL,MANUEL,5.0,5121.0,64.0,0.0,87.29,11.02,0.0125,-0.8737,87.29,1.36,17.05,84.37,-0.8435,0.0,11.36,7.0,15.2,1.51,ACCEPTEE,PAUSE,0
CAMP_0084,2024-01-28,9,GOOGLE_ADS,TRAFIC,11791.28,98.29,17.0,PAUSE,962839.0,CAROUSEL,MANUEL,5.0,16525.0,209.0,0.0,84.22,3.69,0.0126,-0.9562,84.22,0.4,5.1,94.85,-0.9524,0.0,4.02,30.0,0.4,6.24,PROPOSEE,PAUSE,0
CAMP_0084,2024-01-29,10,GOOGLE_ADS,TRAFIC,11791.28,98.29,17.0,PAUSE,962839.0,CAROUSEL,MANUEL,5.0,8530.0,90.0,0.0,82.48,2.9,0.0106,-0.9648,82.48,0.92,9.67,91.32,-0.9163,0.0,3.23,7.0,26.1,-1.36,PROPOSEE,PAUSE,0
CAMP_0085,2024-05-16,1,LINKEDIN_ADS,TRAFIC,4663.42,100.69,12.0,TERMINEE,972413.0,CAROUSEL,MANUEL,5.0,4133.0,74.0,0.0,98.37,6.66,0.0179,-0.9323,98.37,1.33,23.8,97.83,-0.9536,0.0,7.52,14.0,28.9,-12.91,PROPOSEE,PAUSE,0
CAMP_0085,2024-05-17,2,LINKEDIN_ADS,TRAFIC,4663.42,100.69,12.0,TERMINEE,972413.0,CAROUSEL,MANUEL,5.0,5000.0,63.0,0.0,91.16,14.57,0.0126,-0.8402,91.16,1.45,18.23,93.36,-0.8295,0.0,15.21,14.0,4.8,2.55,PROPOSEE,PAUSE,0
CAMP_0085,2024-05-18,3,LINKEDIN_ADS,TRAFIC,4663.42,100.69,12.0,TERMINEE,972413.0,CAROUSEL,MANUEL,5.0,6997.0,116.0,1.0,83.19,60.86,0.0166,-0.2684,83.19,0.72,11.89,81.54,-0.262,0.0,52.37,7.0,14.6,-2.18,ACCEPTEE,PAUSE,0
CAMP_0085,2024-05-19,4,LINKEDIN_ADS,TRAFIC,4663.42,100.69,12.0,TERMINEE,972413.0,CAROUSEL,MANUEL,5.0,8166.0,99.0,0.0,99.1,15.12,0.0121,-0.8474,99.1,1.0,12.14,101.52,-0.8628,0.0,13.78,30.0,10.2,9.83,ACCEPTEE,PAUSE,0
CAMP_0085,2024-05-20,5,LINKEDIN_ADS,TRAFIC,4663.42,100.69,12.0,TERMINEE,972413.0,CAROUSEL,MANUEL,5.0,8057.0,96.0,0.0,93.23,5.22,0.0119,-0.944,93.23,0.97,11.57,95.33,-0.9398,0.0,4.46,7.0,13.4,7.52,APPLIQUEE,PAUSE,0
CAMP_0085,2024-05-21,6,LINKEDIN_ADS,TRAFIC,4663.42,100.69,12.0,TERMINEE,972413.0,CAROUSEL,MANUEL,5.0,4725.0,72.0,0.0,96.35,15.24,0.0152,-0.8418,96.35,1.34,20.39,96.15,-0.8613,0.0,13.06,30.0,25.9,-12.91,APPLIQUEE,PAUSE,0
CAMP_0085,2024-05-22,7,LINKEDIN_ADS,TRAFIC,4663.42,100.69,12.0,TERMINEE,972413.0,CAROUSEL,MANUEL,5.0,8415.0,109.0,0.0,88.09,9.14,0.013,-0.8962,88.09,0.81,10.47,87.5,-0.8931,0.0,7.85,14.0,7.8,-14.44,REJETEE,PAUSE,0
CAMP_0085,2024-05-23,8,LINKEDIN_ADS,TRAFIC,4663.42,100.69,12.0,TERMINEE,972413.0,CAROUSEL,MANUEL,5.0,5526.0,80.0,0.0,90.09,10.47,0.0145,-0.8838,90.09,1.13,16.3,91.98,-0.9031,0.0,10.96,14.0,23.5,-2.41,APPLIQUEE,PAUSE,0
CAMP_0085,2024-05-24,9,LINKEDIN_ADS,TRAFIC,4663.42,100.69,12.0,TERMINEE,972413.0,CAROUSEL,MANUEL,5.0,8470.0,135.0,1.0,89.66,65.78,0.0159,-0.2663,89.66,0.66,10.59,87.28,-0.2649,1.0,74.92,7.0,13.5,-7.76,ACCEPTEE,PAUSE,0
CAMP_0085,2024-05-25,10,LINKEDIN_ADS,TRAFIC,4663.42,100.69,12.0,TERMINEE,972413.0,CAROUSEL,MANUEL,5.0,4542.0,58.0,0.0,85.68,1.45,0.0128,-0.983,85.68,1.48,18.86,86.19,-1.0029,0.0,1.6,14.0,16.5,-14.24,APPLIQUEE,PAUSE,0
CAMP_0086,2024-11-04,1,GOOGLE_ADS,NOTORIETE,7405.13,182.76,28.0,ACTIVE,378039.0,CAROUSEL,MANUEL,9.0,41484.0,891.0,2.0,147.71,192.7,0.0215,0.3046,73.86,0.17,3.56,80.33,0.3177,2.0,180.36,7.0,28.8,8.2,APPLIQUEE,CIBLAGE,0
CAMP_0086,2024-11-05,2,GOOGLE_ADS,NOTORIETE,7405.13,182.76,28.0,ACTIVE,378039.0,CAROUSEL,MANUEL,9.0,26771.0,661.0,2.0,164.39,140.06,0.0247,-0.148,82.2,0.25,6.14,84.62,-0.1467,1.0,125.94,30.0,25.8,-7.4,APPLIQUEE,PAUSE,0
CAMP_0086,2024-11-06,3,GOOGLE_ADS,NOTORIETE,7405.13,182.76,28.0,ACTIVE,378039.0,CAROUSEL,MANUEL,9.0,15643.0,383.0,0.0,179.16,10.55,0.0245,-0.9411,179.16,0.47,11.45,200.76,-0.9837,0.0,9.98,30.0,-4.5,3.95,REJETEE,PAUSE,0
CAMP_0086,2024-11-07,4,GOOGLE_ADS,NOTORIETE,7405.13,182.76,28.0,ACTIVE,378039.0,CAROUSEL,MANUEL,9.0,27394.0,730.0,2.0,154.53,106.09,0.0266,-0.3135,77.27,0.21,5.64,73.72,-0.2931,1.0,105.06,14.0,8.1,7.0,PROPOSEE,PAUSE,0
CAMP_0086,2024-11-08,5,GOOGLE_ADS,NOTORIETE,7405.13,182.76,28.0,ACTIVE,378039.0,CAROUSEL,MANUEL,9.0,26417.0,704.0,4.0,155.35,487.89,0.0266,2.1407,38.84,0.22,5.88,41.95,1.9898,4.0,544.89,30.0,10.9,3.44,REJETEE,AUGMENTER,21
CAMP_0086,2024-11-09,6,GOOGLE_ADS,NOTORIETE,7405.13,182.76,28.0,ACTIVE,378039.0,CAROUSEL,MANUEL,9.0,36565.0,1200.0,7.0,151.25,938.35,0.0328,5.2041,21.61,0.13,4.14,21.88,5.0587,6.0,967.11,7.0,12.8,-3.99,ACCEPTEE,AUGMENTER,17
CAMP_0086,2024-11-10,7,GOOGLE_ADS,NOTORIETE,7405.13,182.76,28.0,ACTIVE,378039.0,CAROUSEL,MANUEL,9.0,36185.0,962.0,7.0,156.51,546.91,0.0266,2.4944,22.36,0.16,4.33,21.24,2.4239,6.0,588.54,30.0,5.0,8.31,APPLIQUEE,AUGMENTER,26
CAMP_0086,2024-11-11,8,GOOGLE_ADS,NOTORIETE,7405.13,182.76,28.0,ACTIVE,378039.0,CAROUSEL,MANUEL,9.0,55580.0,1938.0,15.0,146.64,1679.25,0.0349,10.4513,9.78,0.08,2.64,8.79,9.4955,15.0,1860.46,30.0,-3.1,5.3,APPLIQUEE,AUGMENTER,27
CAMP_0086,2024-11-12,9,GOOGLE_ADS,NOTORIETE,7405.13,182.76,28.0,ACTIVE,378039.0,CAROUSEL,MANUEL,9.0,56154.0,1965.0,5.0,172.65,315.43,0.035,0.827,34.53,0.09,3.07,30.85,0.8008,5.0,338.59,30.0,11.6,-4.53,ACCEPTEE,AUGMENTER,18
CAMP_0086,2024-11-13,10,GOOGLE_ADS,NOTORIETE,7405.13,182.76,28.0,ACTIVE,378039.0,CAROUSEL,MANUEL,9.0,24645.0,677.0,3.0,175.98,232.42,0.0275,0.3207,58.66,0.26,7.14,52.32,0.341,2.0,245.89,7.0,16.7,5.72,REJETEE,DIMINUER,12
CAMP_0087,2024-02-12,1,TIKTOK_ADS,CONVERSION,8615.83,92.92,11.0,PAUSE,688641.0,IMAGE,AUTOMATIQUE,7.0,15314.0,188.0,5.0,82.49,669.12,0.0123,7.1117,16.5,0.44,5.39,18.1,7.6532,5.0,677.95,30.0,23.7,-5.49,REJETEE,AUGMENTER,15
CAMP_0087,2024-02-13,2,TIKTOK_ADS,CONVERSION,8615.83,92.92,11.0,PAUSE,688641.0,IMAGE,AUTOMATIQUE,7.0,8161.0,136.0,5.0,83.62,562.37,0.0167,5.7249,16.72,0.61,10.25,14.73,5.157,5.0,590.15,7.0,2.0,-4.92,PROPOSEE,AUGMENTER,12
CAMP_0087,2024-02-14,3,TIKTOK_ADS,CONVERSION,8615.83,92.92,11.0,PAUSE,688641.0,IMAGE,AUTOMATIQUE,7.0,16346.0,200.0,8.0,87.17,583.68,0.0122,5.696,10.9,0.44,5.33,11.68,5.9056,8.0,581.79,14.0,16.7,8.35,APPLIQUEE,AUGMENTER,30
CAMP_0087,2024-02-15,4,TIKTOK_ADS,CONVERSION,8615.83,92.92,11.0,PAUSE,688641.0,IMAGE,AUTOMATIQUE,7.0,18638.0,155.0,7.0,92.81,717.51,0.0083,6.7307,13.26,0.6,4.98,14.18,7.1304,7.0,694.9,30.0,25.6,1.86,REJETEE,AUGMENTER,26
CAMP_0087,2024-02-16,5,TIKTOK_ADS,CONVERSION,8615.83,92.92,11.0,PAUSE,688641.0,IMAGE,AUTOMATIQUE,7.0,28256.0,388.0,9.0,91.97,423.07,0.0137,3.6003,10.22,0.24,3.25,11.2,3.398,8.0,411.39,7.0,0.8,-10.87,ACCEPTEE,AUGMENTER,28
CAMP_0087,2024-02-17,6,TIKTOK_ADS,CONVERSION,8615.83,92.92,11.0,PAUSE,688641.0,IMAGE,AUTOMATIQUE,7.0,20286.0,228.0,8.0,80.0,470.85,0.0112,4.8858,10.0,0.35,3.94,9.18,5.0264,6.0,498.25,7.0,12.4,-2.38,PROPOSEE,AUGMENTER,23
CAMP_0087,2024-02-18,7,TIKTOK_ADS,CONVERSION,8615.83,92.92,11.0,PAUSE,688641.0,IMAGE,AUTOMATIQUE,7.0,20795.0,338.0,3.0,78.03,420.74,0.0163,4.3918,26.01,0.23,3.75,27.7,4.7372,3.0,458.6,14.0,19.0,-5.2,APPLIQUEE,AUGMENTER,24
CAMP_0087,2024-02-19,8,TIKTOK_ADS,CONVERSION,8615.83,92.92,11.0,PAUSE,688641.0,IMAGE,AUTOMATIQUE,7.0,15401.0,168.0,4.0,81.19,164.86,0.0109,1.0306,20.3,0.48,5.27,18.13,0.9424,4.0,152.09,14.0,16.6,-13.75,PROPOSEE,AUGMENTER,25
CAMP_0087,2024-02-20,9,TIKTOK_ADS,CONVERSION,8615.83,92.92,11.0,PAUSE,688641.0,IMAGE,AUTOMATIQUE,7.0,22454.0,267.0,4.0,82.11,486.98,0.0119,4.9307,20.53,0.31,3.66,19.32,4.644,4.0,552.95,7.0,13.6,-9.27,ACCEPTEE,AUGMENTER,11
CAMP_0087,2024-02-21,10,TIKTOK_ADS,CONVERSION,8615.83,92.92,11.0,PAUSE,688641.0,IMAGE,AUTOMATIQUE,7.0,23132.0,232.0,5.0,89.54,565.64,0.01,5.3174,17.91,0.39,3.87,15.35,4.8187,4.0,512.31,30.0,0.3,4.76,PROPOSEE,AUGMENTER,13
CAMP_0088,2024-01-11,1,LINKEDIN_ADS,CONVERSION,9487.97,170.15,17.0,PAUSE,1231508.0,CAROUSEL,AUTOMATIQUE,7.0,10682.0,181.0,6.0,151.74,373.12,0.0169,1.459,25.29,0.84,14.21,22.04,1.3871,7.0,364.38,14.0,6.9,-6.13,ACCEPTEE,AUGMENTER,28
CAMP_0088,2024-01-12,2,LINKEDIN_ADS,CONVERSION,9487.97,170.15,17.0,PAUSE,1231508.0,CAROUSEL,AUTOMATIQUE,7.0,27154.0,684.0,13.0,147.31,1334.0,0.0252,8.0556,11.33,0.22,5.43,11.88,7.2671,13.0,1271.24,14.0,9.8,-1.2,ACCEPTEE,AUGMENTER,11
CAMP_0088,2024-01-13,3,LINKEDIN_ADS,CONVERSION,9487.97,170.15,17.0,PAUSE,1231508.0,CAROUSEL,AUTOMATIQUE,7.0,14587.0,184.0,6.0,167.39,468.88,0.0126,1.8011,27.9,0.91,11.48,25.46,1.7754,6.0,465.85,30.0,-2.9,-7.9,ACCEPTEE,AUGMENTER,17
CAMP_0088,2024-01-14,4,LINKEDIN_ADS,CONVERSION,9487.97,170.15,17.0,PAUSE,1231508.0,CAROUSEL,AUTOMATIQUE,7.0,30258.0,552.0,24.0,150.24,1434.09,0.0182,8.545,6.26,0.27,4.97,6.44,8.8511,28.0,1434.09,14.0,12.3,-6.67,PROPOSEE,AUGMENTER,27
CAMP_0088,2024-01-15,5,LINKEDIN_ADS,CONVERSION,9487.97,170.15,17.0,PAUSE,1231508.0,CAROUSEL,AUTOMATIQUE,7.0,20662.0,375.0,14.0,139.37,1635.91,0.0181,10.7378,9.96,0.37,6.75,8.56,11.1687,16.0,1578.86,30.0,4.2,4.48,ACCEPTEE,AUGMENTER,22
CAMP_0088,2024-01-16,6,LINKEDIN_ADS,CONVERSION,9487.97,170.15,17.0,PAUSE,1231508.0,CAROUSEL,AUTOMATIQUE,7.0,12926.0,187.0,5.0,158.81,236.71,0.0145,0.4906,31.76,0.85,12.29,34.33,0.483,5.0,263.74,30.0,21.9,5.12,ACCEPTEE,DIMINUER,14
CAMP_0088,2024-01-17,7,LINKEDIN_ADS,CONVERSION,9487.97,170.15,17.0,PAUSE,1231508.0,CAROUSEL,AUTOMATIQUE,7.0,24535.0,651.0,26.0,140.25,2094.57,0.0265,13.9351,5.39,0.22,5.72,5.37,12.6178,21.0,2086.68,7.0,5.9,-7.68,ACCEPTEE,AUGMENTER,30
CAMP_0088,2024-01-18,8,LINKEDIN_ADS,CONVERSION,9487.97,170.15,17.0,PAUSE,1231508.0,CAROUSEL,AUTOMATIQUE,7.0,21660.0,530.0,8.0,143.18,359.28,0.0245,1.5093,17.9,0.27,6.61,17.77,1.5225,6.0,383.45,30.0,25.4,8.16,REJETEE,AUGMENTER,11
CAMP_0088,2024-01-19,9,LINKEDIN_ADS,CONVERSION,9487.97,170.15,17.0,PAUSE,1231508.0,CAROUSEL,AUTOMATIQUE,7.0,9781.0,223.0,5.0,149.71,306.92,0.0228,1.0501,29.94,0.67,15.31,31.12,0.9648,4.0,291.95,30.0,1.3,0.25,ACCEPTEE,AUGMENTER,30
CAMP_0088,2024-01-20,10,LINKEDIN_ADS,CONVERSION,9487.97,170.15,17.0,PAUSE,1231508.0,CAROUSEL,AUTOMATIQUE,7.0,7391.0,172.0,6.0,151.92,544.5,0.0233,2.5841,25.32,0.88,20.55,29.0,2.3434,5.0,589.77,14.0,11.9,3.01,PROPOSEE,AUGMENTER,22
CAMP_0089,2024-05-05,1,TIKTOK_ADS,NOTORIETE,5489.75,350.5,21.0,PAUSE,344950.0,VIDEO,MANUEL,4.0,25392.0,424.0,2.0,299.97,115.5,0.0167,-0.615,149.98,0.71,11.81,137.23,-0.604,1.0,102.62,30.0,27.4,-4.27,ACCEPTEE,PAUSE,0
CAMP_0089,2024-05-06,2,TIKTOK_ADS,NOTORIETE,5489.75,350.5,21.0,PAUSE,344950.0,VIDEO,MANUEL,4.0,49880.0,528.0,4.0,292.21,455.41,0.0106,0.5585,73.05,0.55,5.86,79.2,0.6071,3.0,455.69,14.0,8.1,-7.19,REJETEE,AUGMENTER,18
CAMP_0089,2024-05-07,3,TIKTOK_ADS,NOTORIETE,5489.75,350.5,21.0,PAUSE,344950.0,VIDEO,MANUEL,4.0,17032.0,231.0,1.0,342.98,98.55,0.0136,-0.7127,342.98,1.48,20.14,319.8,-0.722,1.0,99.6,30.0,-7.4,-14.71,ACCEPTEE,PAUSE,0
CAMP_0089,2024-05-08,4,TIKTOK_ADS,NOTORIETE,5489.75,350.5,21.0,PAUSE,344950.0,VIDEO,MANUEL,4.0,32752.0,518.0,3.0,326.67,153.92,0.0158,-0.5288,108.89,0.63,9.97,94.15,-0.5379,3.0,153.51,14.0,12.4,-12.44,PROPOSEE,PAUSE,0
CAMP_0089,2024-05-09,5,TIKTOK_ADS,NOTORIETE,5489.75,350.5,21.0,PAUSE,344950.0,VIDEO,MANUEL,4.0,40108.0,617.0,2.0,294.54,134.93,0.0154,-0.5419,147.27,0.48,7.34,138.14,-0.5053,1.0,128.11,7.0,-4.3,9.53,PROPOSEE,PAUSE,0
CAMP_0089,2024-05-10,6,TIKTOK_ADS,NOTORIETE,5489.75,350.5,21.0,PAUSE,344950.0,VIDEO,MANUEL,4.0,42296.0,370.0,0.0,337.92,45.95,0.0087,-0.864,337.92,0.91,7.99,356.86,-0.945,0.0,45.7,7.0,4.2,4.0,ACCEPTEE,PAUSE,0
CAMP_0089,2024-05-11,7,TIKTOK_ADS,NOTORIETE,5489.75,350.5,21.0,PAUSE,344950.0,VIDEO,MANUEL,4.0,31794.0,307.0,2.0,331.15,89.68,0.0097,-0.7292,165.58,1.08,10.42,141.03,-0.7694,2.0,100.59,14.0,23.0,-4.83,PROPOSEE,PAUSE,0
CAMP_0089,2024-05-12,8,TIKTOK_ADS,NOTORIETE,5489.75,350.5,21.0,PAUSE,344950.0,VIDEO,MANUEL,4.0,50394.0,617.0,4.0,345.9,333.83,0.0122,-0.0349,86.47,0.56,6.86,74.64,-0.0327,3.0,352.16,14.0,11.7,-11.87,REJETEE,PAUSE,0
CAMP_0089,2024-05-13,9,TIKTOK_ADS,NOTORIETE,5489.75,350.5,21.0,PAUSE,344950.0,VIDEO,MANUEL,4.0,32387.0,316.0,0.0,326.24,0.78,0.0098,-0.9976,326.24,1.03,10.07,299.69,-0.9866,0.0,0.88,7.0,10.1,-0.65,ACCEPTEE,PAUSE,0
CAMP_0089,2024-05-14,10,TIKTOK_ADS,NOTORIETE,5489.75,350.5,21.0,PAUSE,344950.0,VIDEO,MANUEL,4.0,24263.0,390.0,2.0,283.48,274.8,0.0161,-0.0306,141.74,0.73,11.68,127.47,-0.0283,2.0,283.47,7.0,21.6,-9.45,REJETEE,PAUSE,0
CAMP_0090,2024-01-06,1,TIKTOK_ADS,TRAFIC,12677.88,148.61,11.0,PAUSE,331253.0,VIDEO,MANUEL,9.0,48409.0,1555.0,11.0,142.41,1555.89,0.0321,9.9258,12.95,0.09,2.94,12.71,9.6611,11.0,1332.09,30.0,6.0,2.42,REJETEE,AUGMENTER,27
CAMP_0090,2024-01-07,2,TIKTOK_ADS,TRAFIC,12677.88,148.61,11.0,PAUSE,331253.0,VIDEO,MANUEL,9.0,35929.0,780.0,5.0,130.44,708.5,0.0217,4.4318,26.09,0.17,3.63,29.2,4.3151,5.0,691.2,7.0,14.6,7.01,PROPOSEE,AUGMENTER,17
CAMP_0090,2024-01-08,3,TIKTOK_ADS,TRAFIC,12677.88,148.61,11.0,PAUSE,331253.0,VIDEO,MANUEL,9.0,48080.0,1144.0,8.0,147.96,906.41,0.0238,5.1262,18.49,0.13,3.08,17.26,5.1849,7.0,788.17,14.0,29.4,-5.12,ACCEPTEE,AUGMENTER,14
CAMP_0090,2024-01-09,4,TIKTOK_ADS,TRAFIC,12677.88,148.61,11.0,PAUSE,331253.0,VIDEO,MANUEL,9.0,18002.0,769.0,4.0,140.94,381.5,0.0427,1.7069,35.23,0.18,7.83,39.22,1.7631,3.0,382.31,7.0,29.6,3.82,APPLIQUEE,AUGMENTER,14
CAMP_0090,2024-01-10,5,TIKTOK_ADS,TRAFIC,12677.88,148.61,11.0,PAUSE,331253.0,VIDEO,MANUEL,9.0,42957.0,851.0,1.0,125.91,87.13,0.0198,-0.308,125.91,0.15,2.93,141.27,-0.3311,0.0,78.29,30.0,7.8,-0.61,PROPOSEE,PAUSE,0
CAMP_0090,2024-01-11,6,TIKTOK_ADS,TRAFIC,12677.88,148.61,11.0,PAUSE,331253.0,VIDEO,MANUEL,9.0,24802.0,566.0,1.0,130.06,110.62,0.0228,-0.1494,130.06,0.23,5.24,117.84,-0.1403,1.0,112.14,30.0,7.0,0.58,PROPOSEE,PAUSE,0
CAMP_0090,2024-01-12,7,TIKTOK_ADS,TRAFIC,12677.88,148.61,11.0,PAUSE,331253.0,VIDEO,MANUEL,9.0,31556.0,1410.0,12.0,122.88,899.15,0.0447,6.3174,10.24,0.09,3.89,9.51,5.7701,13.0,814.32,14.0,-6.4,-13.15,APPLIQUEE,AUGMENTER,12
CAMP_0090,2024-01-13,8,TIKTOK_ADS,TRAFIC,12677.88,148.61,11.0,PAUSE,331253.0,VIDEO,MANUEL,9.0,40695.0,1613.0,13.0,141.2,847.48,0.0396,5.0022,10.86,0.09,3.47,9.61,4.5418,11.0,796.72,30.0,13.5,3.92,APPLIQUEE,AUGMENTER,13
CAMP_0090,2024-01-14,9,TIKTOK_ADS,TRAFIC,12677.88,148.61,11.0,PAUSE,331253.0,VIDEO,MANUEL,9.0,38088.0,936.0,8.0,148.26,1025.28,0.0246,5.9152,18.53,0.16,3.89,19.65,5.3369,6.0,1113.89,7.0,4.3,3.89,REJETEE,AUGMENTER,17
CAMP_0090,2024-01-15,10,TIKTOK_ADS,TRAFIC,12677.88,148.61,11.0,PAUSE,331253.0,VIDEO,MANUEL,9.0,43037.0,1795.0,4.0,137.61,188.43,0.0417,0.3694,34.4,0.08,3.2,34.65,0.3521,4.0,177.31,7.0,22.6,9.96,PROPOSEE,AUGMENTER,15
CAMP_0091,2024-08-17,1,LINKEDIN_ADS,NOTORIETE,16237.9,421.52,14.0,TERMINEE,1592803.0,CAROUSEL,AUTOMATIQUE,10.0,88656.0,1625.0,15.0,347.8,886.57,0.0183,1.5491,23.19,0.21,3.92,23.13,1.5458,14.0,810.39,30.0,18.6,-12.3,ACCEPTEE,AUGMENTER,16
CAMP_0091,2024-08-18,2,LINKEDIN_ADS,NOTORIETE,16237.9,421.52,14.0,TERMINEE,1592803.0,CAROUSEL,AUTOMATIQUE,10.0,74368.0,1622.0,7.0,376.59,406.4,0.0218,0.0792,53.8,0.23,5.06,51.9,0.0762,7.0,411.45,7.0,9.0,-4.81,PROPOSEE,DIMINUER,16
CAMP_0091,2024-08-19,3,LINKEDIN_ADS,NOTORIETE,16237.9,421.52,14.0,TERMINEE,1592803.0,CAROUSEL,AUTOMATIQUE,10.0,39395.0,1220.0,7.0,418.8,435.08,0.031,0.0389,59.83,0.34,10.63,60.23,0.0379,5.0,436.83,7.0,3.7,9.53,REJETEE,DIMINUER,10
CAMP_0091,2024-08-20,4,LINKEDIN_ADS,NOTORIETE,16237.9,421.52,14.0,TERMINEE,1592803.0,CAROUSEL,AUTOMATIQUE,10.0,80692.0,3137.0,13.0,376.9,1124.46,0.0389,1.9834,28.99,0.12,4.67,28.72,2.0335,12.0,1031.81,14.0,26.7,-6.97,APPLIQUEE,AUGMENTER,11
CAMP_0091,2024-08-21,5,LINKEDIN_ADS,NOTORIETE,16237.9,421.52,14.0,TERMINEE,1592803.0,CAROUSEL,AUTOMATIQUE,10.0,80669.0,1670.0,8.0,401.45,696.11,0.0207,0.734,50.18,0.24,4.98,52.34,0.726,7.0,631.92,30.0,-6.2,-6.69,PROPOSEE,AUGMENTER,26
CAMP_0091,2024-08-22,6,LINKEDIN_ADS,NOTORIETE,16237.9,421.52,14.0,TERMINEE,1592803.0,CAROUSEL,AUTOMATIQUE,10.0,43510.0,1044.0,6.0,352.03,491.1,0.024,0.3951,58.67,0.34,8.09,61.31,0.3955,6.0,436.19,30.0,26.4,-5.99,PROPOSEE,AUGMENTER,5
CAMP_0091,2024-08-23,7,LINKEDIN_ADS,NOTORIETE,16237.9,421.52,14.0,TERMINEE,1592803.0,CAROUSEL,AUTOMATIQUE,10.0,46177.0,1384.0,5.0,397.48,307.64,0.03,-0.226,79.5,0.29,8.61,77.81,-0.2322,5.0,283.77,30.0,28.2,3.76,APPLIQUEE,PAUSE,0
CAMP_0091,2024-08-24,8,LINKEDIN_ADS,NOTORIETE,16237.9,421.52,14.0,TERMINEE,1592803.0,CAROUSEL,AUTOMATIQUE,10.0,78395.0,2887.0,12.0,371.32,1028.88,0.0368,1.7709,30.94,0.13,4.74,31.78,1.6894,9.0,900.74,7.0,-4.2,-11.89,APPLIQUEE,AUGMENTER,25
CAMP_0091,2024-08-25,9,LINKEDIN_ADS,NOTORIETE,16237.9,421.52,14.0,TERMINEE,1592803.0,CAROUSEL,AUTOMATIQUE,10.0,57277.0,1484.0,14.0,343.22,1922.9,0.0259,4.6025,24.52,0.23,5.99,24.04,4.6187,14.0,2203.65,14.0,7.2,1.26,APPLIQUEE,AUGMENTER,13
CAMP_0091,2024-08-26,10,LINKEDIN_ADS,NOTORIETE,16237.9,421.52,14.0,TERMINEE,1592803.0,CAROUSEL,AUTOMATIQUE,10.0,69361.0,2666.0,20.0,417.9,2496.79,0.0384,4.9746,20.9,0.16,6.03,21.44,5.1435,23.0,2505.36,14.0,17.9,-8.16,PROPOSEE,AUGMENTER,16
CAMP_0092,2024-08-15,1,TIKTOK_ADS,CONVERSION,18427.65,100.49,24.0,TERMINEE,433953.0,CAROUSEL,AUTOMATIQUE,5.0,18679.0,311.0,7.0,81.55,576.71,0.0166,6.0717,11.65,0.26,4.37,11.23,5.9728,7.0,593.9,30.0,6.7,6.13,PROPOSEE,AUGMENTER,28
CAMP_0092,2024-08-16,2,TIKTOK_ADS,CONVERSION,18427.65,100.49,24.0,TERMINEE,433953.0,CAROUSEL,AUTOMATIQUE,5.0,14628.0,205.0,5.0,94.59,215.54,0.014,1.2786,18.92,0.46,6.47,18.45,1.249,5.0,223.06,7.0,20.2,-2.89,PROPOSEE,AUGMENTER,25
CAMP_0092,2024-08-17,3,TIKTOK_ADS,CONVERSION,18427.65,100.49,24.0,TERMINEE,433953.0,CAROUSEL,AUTOMATIQUE,5.0,17778.0,275.0,4.0,85.36,414.47,0.0155,3.8553,21.34,0.31,4.8,22.21,3.8808,4.0,391.22,14.0,20.9,-11.83,REJETEE,AUGMENTER,12
CAMP_0092,2024-08-18,4,TIKTOK_ADS,CONVERSION,18427.65,100.49,24.0,TERMINEE,433953.0,CAROUSEL,AUTOMATIQUE,5.0,12680.0,125.0,4.0,88.12,470.67,0.0099,4.3415,22.03,0.7,6.95,21.54,4.3839,4.0,473.17,14.0,13.8,-0.67,ACCEPTEE,AUGMENTER,18
CAMP_0092,2024-08-19,5,TIKTOK_ADS,CONVERSION,18427.65,100.49,24.0,TERMINEE,433953.0,CAROUSEL,AUTOMATIQUE,5.0,21271.0,403.0,6.0,88.97,696.61,0.0189,6.8296,14.83,0.22,4.18,14.53,6.9574,6.0,756.57,30.0,15.2,-1.33,PROPOSEE,AUGMENTER,27
CAMP_0092,2024-08-20,6,TIKTOK_ADS,CONVERSION,18427.65,100.49,24.0,TERMINEE,433953.0,CAROUSEL,AUTOMATIQUE,5.0,15809.0,295.0,11.0,95.51,1558.43,0.0187,15.3161,8.68,0.32,6.04,8.7,14.7298,10.0,1697.77,30.0,24.7,-3.46,ACCEPTEE,AUGMENTER,10
CAMP_0092,2024-08-21,7,TIKTOK_ADS,CONVERSION,18427.65,100.49,24.0,TERMINEE,433953.0,CAROUSEL,AUTOMATIQUE,5.0,19488.0,294.0,12.0,85.8,756.57,0.0151,7.818,7.15,0.29,4.4,7.39,7.5702,10.0,778.84,30.0,-4.2,-8.21,REJETEE,AUGMENTER,27
CAMP_0092,2024-08-22,8,TIKTOK_ADS,CONVERSION,18427.65,100.49,24.0,TERMINEE,433953.0,CAROUSEL,AUTOMATIQUE,5.0,17619.0,152.0,4.0,82.34,500.45,0.0086,5.0779,20.58,0.54,4.67,21.47,5.0571,3.0,498.1,14.0,0.8,-2.08,REJETEE,AUGMENTER,24
CAMP_0092,2024-08-23,9,TIKTOK_ADS,CONVERSION,18427.65,100.49,24.0,TERMINEE,433953.0,CAROUSEL,AUTOMATIQUE,5.0,13005.0,154.0,2.0,84.14,109.55,0.0118,0.3021,42.07,0.55,6.47,43.39,0.3167,1.0,97.21,14.0,21.5,5.99,APPLIQUEE,CIBLAGE,0
CAMP_0092,2024-08-24,10,TIKTOK_ADS,CONVERSION,18427.65,100.49,24.0,TERMINEE,433953.0,CAROUSEL,AUTOMATIQUE,5.0,15284.0,150.0,2.0,84.43,244.98,0.0098,1.9016,42.22,0.56,5.52,44.06,1.9112,2.0,276.42,14.0,-2.6,-5.14,REJETEE,AUGMENTER,29
CAMP_0093,2024-08-17,1,TIKTOK_ADS,NOTORIETE,9394.97,356.13,29.0,TERMINEE,1035146.0,IMAGE,MANUEL,3.0,42258.0,322.0,1.0,349.93,52.01,0.0076,-0.8514,349.93,1.09,8.28,354.41,-0.8505,0.0,48.35,14.0,5.1,-8.37,APPLIQUEE,PAUSE,0
CAMP_0093,2024-08-18,2,TIKTOK_ADS,NOTORIETE,9394.97,356.13,29.0,TERMINEE,1035146.0,IMAGE,MANUEL,3.0,25753.0,97.0,0.0,287.02,13.48,0.0038,-0.953,287.02,2.96,11.14,283.04,-0.9817,0.0,12.02,7.0,6.9,1.58,PROPOSEE,PAUSE,0
CAMP_0093,2024-08-19,3,TIKTOK_ADS,NOTORIETE,9394.97,356.13,29.0,TERMINEE,1035146.0,IMAGE,MANUEL,3.0,31605.0,109.0,1.0,332.29,126.81,0.0034,-0.6184,332.29,3.05,10.51,319.91,-0.5934,0.0,128.65,14.0,14.7,7.88,PROPOSEE,PAUSE,0
CAMP_0093,2024-08-20,4,TIKTOK_ADS,NOTORIETE,9394.97,356.13,29.0,TERMINEE,1035146.0,IMAGE,MANUEL,3.0,14596.0,99.0,0.0,353.43,18.79,0.0068,-0.9468,353.43,3.57,24.21,336.11,-0.9314,0.0,19.69,7.0,18.0,-0.46,ACCEPTEE,PAUSE,0
CAMP_0093,2024-08-21,5,TIKTOK_ADS,NOTORIETE,9394.97,356.13,29.0,TERMINEE,1035146.0,IMAGE,MANUEL,3.0,32569.0,196.0,1.0,309.34,74.67,0.006,-0.7586,309.34,1.58,9.5,312.55,-0.7777,0.0,68.63,30.0,17.9,-1.26,APPLIQUEE,PAUSE,0
CAMP_0093,2024-08-22,6,TIKTOK_ADS,NOTORIETE,9394.97,356.13,29.0,TERMINEE,1035146.0,IMAGE,MANUEL,3.0,23381.0,120.0,1.0,347.09,128.69,0.0051,-0.6292,347.09,2.89,14.84,340.73,-0.6116,0.0,110.27,30.0,2.5,-2.33,APPLIQUEE,PAUSE,0
CAMP_0093,2024-08-23,7,TIKTOK_ADS,NOTORIETE,9394.97,356.13,29.0,TERMINEE,1035146.0,IMAGE,MANUEL,3.0,20998.0,108.0,1.0,286.73,53.52,0.0051,-0.8134,286.73,2.65,13.66,275.01,-0.833,0.0,55.39,7.0,12.7,2.22,ACCEPTEE,PAUSE,0
CAMP_0093,2024-08-24,8,TIKTOK_ADS,NOTORIETE,9394.97,356.13,29.0,TERMINEE,1035146.0,IMAGE,MANUEL,3.0,35071.0,233.0,1.0,333.78,135.68,0.0066,-0.5935,333.78,1.43,9.52,324.47,-0.5911,0.0,119.22,14.0,24.7,-6.82,APPLIQUEE,PAUSE,0
CAMP_0093,2024-08-25,9,TIKTOK_ADS,NOTORIETE,9394.97,356.13,29.0,TERMINEE,1035146.0,IMAGE,MANUEL,3.0,36526.0,125.0,1.0,307.85,109.72,0.0034,-0.6436,307.85,2.46,8.43,313.12,-0.6394,0.0,96.8,7.0,13.5,9.47,REJETEE,PAUSE,0
CAMP_0093,2024-08-26,10,TIKTOK_ADS,NOTORIETE,9394.97,356.13,29.0,TERMINEE,1035146.0,IMAGE,MANUEL,3.0,56011.0,368.0,1.0,319.42,121.31,0.0066,-0.6202,319.42,0.87,5.7,316.5,-0.6167,0.0,111.56,7.0,22.1,-13.77,APPLIQUEE,PAUSE,0
CAMP_0094,2024-07-14,1,LINKEDIN_ADS,CONVERSION,10751.71,255.56,8.0,TERMINEE,979677.0,CAROUSEL,MANUEL,3.0,16446.0,190.0,5.0,238.1,584.72,0.0116,1.4558,47.62,1.25,14.48,47.82,1.4226,5.0,628.7,7.0,14.5,3.06,PROPOSEE,AUGMENTER,13
CAMP_0094,2024-07-15,2,LINKEDIN_ADS,CONVERSION,10751.71,255.56,8.0,TERMINEE,979677.0,CAROUSEL,MANUEL,3.0,7145.0,66.0,2.0,249.23,252.67,0.0092,0.0138,124.62,3.78,34.88,118.65,0.0138,2.0,254.48,14.0,-7.7,2.19,REJETEE,DIMINUER,15
CAMP_0094,2024-07-16,3,LINKEDIN_ADS,CONVERSION,10751.71,255.56,8.0,TERMINEE,979677.0,CAROUSEL,MANUEL,3.0,9493.0,81.0,3.0,255.37,445.78,0.0085,0.7456,85.12,3.15,26.9,85.98,0.7604,2.0,398.24,7.0,29.8,-8.84,APPLIQUEE,AUGMENTER,25
CAMP_0094,2024-07-17,4,LINKEDIN_ADS,CONVERSION,10751.71,255.56,8.0,TERMINEE,979677.0,CAROUSEL,MANUEL,3.0,12789.0,149.0,4.0,216.89,234.99,0.0117,0.0835,54.22,1.46,16.96,53.0,0.0853,3.0,221.89,14.0,25.6,-13.89,REJETEE,DIMINUER,22
CAMP_0094,2024-07-18,5,LINKEDIN_ADS,CONVERSION,10751.71,255.56,8.0,TERMINEE,979677.0,CAROUSEL,MANUEL,3.0,21476.0,125.0,1.0,251.93,75.92,0.0058,-0.6987,251.93,2.02,11.73,262.9,-0.6808,1.0,86.41,30.0,-5.5,-3.14,REJETEE,PAUSE,0
CAMP_0094,2024-07-19,6,LINKEDIN_ADS,CONVERSION,10751.71,255.56,8.0,TERMINEE,979677.0,CAROUSEL,MANUEL,3.0,9882.0,99.0,4.0,238.72,452.81,0.01,0.8968,59.68,2.41,24.16,58.84,0.8538,4.0,437.71,14.0,17.3,-13.45,REJETEE,AUGMENTER,23
CAMP_0094,2024-07-20,7,LINKEDIN_ADS,CONVERSION,10751.71,255.56,8.0,TERMINEE,979677.0,CAROUSEL,MANUEL,3.0,19273.0,164.0,3.0,215.89,310.07,0.0085,0.4363,71.96,1.32,11.2,70.01,0.4305,2.0,304.24,14.0,20.1,-1.12,ACCEPTEE,AUGMENTER,13
CAMP_0094,2024-07-21,8,LINKEDIN_ADS,CONVERSION,10751.71,255.56,8.0,TERMINEE,979677.0,CAROUSEL,MANUEL,3.0,15741.0,118.0,4.0,241.51,447.72,0.0075,0.8539,60.38,2.05,15.34,60.48,0.8565,3.0,495.22,30.0,-1.7,-7.14,APPLIQUEE,AUGMENTER,22
CAMP_0094,2024-07-22,9,LINKEDIN_ADS,CONVERSION,10751.71,255.56,8.0,TERMINEE,979677.0,CAROUSEL,MANUEL,3.0,15664.0,127.0,2.0,219.32,104.5,0.0081,-0.5235,109.66,1.73,14.0,105.16,-0.5453,1.0,90.33,7.0,6.4,2.73,PROPOSEE,PAUSE,0
CAMP_0094,2024-07-23,10,LINKEDIN_ADS,CONVERSION,10751.71,255.56,8.0,TERMINEE,979677.0,CAROUSEL,MANUEL,3.0,11790.0,75.0,2.0,210.96,148.94,0.0064,-0.294,105.48,2.81,17.89,104.99,-0.2879,1.0,130.14,14.0,-5.0,-2.13,PROPOSEE,PAUSE,0
CAMP_0095,2024-02-03,1,LINKEDIN_ADS,TRAFIC,16512.61,385.61,25.0,ACTIVE,104979.0,VIDEO,MANUEL,4.0,23097.0,280.0,0.0,338.42,28.68,0.0121,-0.9153,338.42,1.21,14.65,374.82,-0.8748,0.0,26.35,14.0,0.4,-5.69,APPLIQUEE,PAUSE,0
CAMP_0095,2024-02-04,2,LINKEDIN_ADS,TRAFIC,16512.61,385.61,25.0,ACTIVE,104979.0,VIDEO,MANUEL,4.0,27993.0,538.0,3.0,354.05,155.17,0.0192,-0.5617,118.02,0.66,12.65,106.22,-0.513,3.0,160.8,30.0,-7.8,-2.86,PROPOSEE,PAUSE,0
CAMP_0095,2024-02-05,3,LINKEDIN_ADS,TRAFIC,16512.61,385.61,25.0,ACTIVE,104979.0,VIDEO,MANUEL,4.0,15141.0,184.0,0.0,325.37,44.25,0.0122,-0.864,325.37,1.77,21.49,340.46,-0.9131,0.0,50.11,7.0,-8.0,-0.15,REJETEE,PAUSE,0
CAMP_0095,2024-02-06,4,LINKEDIN_ADS,TRAFIC,16512.61,385.61,25.0,ACTIVE,104979.0,VIDEO,MANUEL,4.0,15591.0,266.0,2.0,311.14,150.43,0.0171,-0.5165,155.57,1.17,19.96,145.69,-0.5134,1.0,135.44,7.0,16.1,-7.47,ACCEPTEE,PAUSE,0
CAMP_0095,2024-02-07,5,LINKEDIN_ADS,TRAFIC,16512.61,385.61,25.0,ACTIVE,104979.0,VIDEO,MANUEL,4.0,28409.0,332.0,2.0,357.16,127.46,0.0117,-0.6431,178.58,1.08,12.57,195.07,-0.6039,2.0,110.92,7.0,-4.6,-1.74,PROPOSEE,PAUSE,0
CAMP_0095,2024-02-08,6,LINKEDIN_ADS,TRAFIC,16512.61,385.61,25.0,ACTIVE,104979.0,VIDEO,MANUEL,4.0,24425.0,225.0,0.0,363.77,61.7,0.0092,-0.8304,363.77,1.62,14.89,338.57,-0.8774,0.0,66.87,30.0,13.2,-10.53,REJETEE,PAUSE,0
CAMP_0095,2024-02-09,7,LINKEDIN_ADS,TRAFIC,16512.61,385.61,25.0,ACTIVE,104979.0,VIDEO,MANUEL,4.0,34537.0,586.0,4.0,374.56,480.05,0.017,0.2816,93.64,0.64,10.85,100.97,0.2942,3.0,542.29,7.0,29.9,2.06,PROPOSEE,DIMINUER,11
CAMP_0095,2024-02-10,8,LINKEDIN_ADS,TRAFIC,16512.61,385.61,25.0,ACTIVE,104979.0,VIDEO,MANUEL,4.0,17980.0,341.0,0.0,338.74,28.62,0.019,-0.9155,338.74,0.99,18.84,367.9,-0.8835,0.0,26.67,7.0,1.0,7.58,APPLIQUEE,PAUSE,0
CAMP_0095,2024-02-11,9,LINKEDIN_ADS,TRAFIC,16512.61,385.61,25.0,ACTIVE,104979.0,VIDEO,MANUEL,4.0,17531.0,228.0,1.0,330.26,141.54,0.013,-0.5714,330.26,1.45,18.84,330.35,-0.6165,0.0,127.4,14.0,24.5,0.33,REJETEE,PAUSE,0
CAMP_0095,2024-02-12,10,LINKEDIN_ADS,TRAFIC,16512.61,385.61,25.0,ACTIVE,104979.0,VIDEO,MANUEL,4.0,26322.0,254.0,2.0,375.26,91.91,0.0096,-0.7551,187.63,1.48,14.26,168.26,-0.6996,2.0,101.13,30.0,7.3,-4.74,APPLIQUEE,PAUSE,0
CAMP_0096,2024-12-02,1,GOOGLE_ADS,CONVERSION,19736.61,262.43,16.0,PAUSE,387448.0,IMAGE,MANUEL,8.0,63961.0,807.0,26.0,233.14,2419.78,0.0126,9.3792,8.97,0.29,3.64,9.73,9.3087,25.0,2572.38,30.0,21.6,-8.45,REJETEE,AUGMENTER,20
CAMP_0096,2024-12-03,2,GOOGLE_ADS,CONVERSION,19736.61,262.43,16.0,PAUSE,387448.0,IMAGE,MANUEL,8.0,65809.0,759.0,13.0,244.12,1037.98,0.0115,3.2519,18.78,0.32,3.71,17.36,3.343,14.0,903.17,14.0,22.8,8.28,REJETEE,AUGMENTER,10
CAMP_0096,2024-12-04,3,GOOGLE_ADS,CONVERSION,19736.61,262.43,16.0,PAUSE,387448.0,IMAGE,MANUEL,8.0,63445.0,653.0,28.0,229.71,4146.72,0.0103,17.0521,8.2,0.35,3.62,7.3,16.3264,28.0,4134.23,14.0,6.9,-5.9,REJETEE,AUGMENTER,20
CAMP_0096,2024-12-05,4,GOOGLE_ADS,CONVERSION,19736.61,262.43,16.0,PAUSE,387448.0,IMAGE,MANUEL,8.0,40734.0,450.0,10.0,234.82,1439.57,0.011,5.1306,23.48,0.52,5.76,23.83,5.3627,11.0,1425.15,30.0,3.6,7.31,PROPOSEE,AUGMENTER,24
CAMP_0096,2024-12-06,5,GOOGLE_ADS,CONVERSION,19736.61,262.43,16.0,PAUSE,387448.0,IMAGE,MANUEL,8.0,24246.0,364.0,9.0,217.74,1075.32,0.015,3.9385,24.19,0.6,8.98,27.41,3.8234,9.0,1145.76,30.0,8.0,8.82,ACCEPTEE,AUGMENTER,28
CAMP_0096,2024-12-07,6,GOOGLE_ADS,CONVERSION,19736.61,262.43,16.0,PAUSE,387448.0,IMAGE,MANUEL,8.0,29988.0,314.0,6.0,241.23,353.84,0.0105,0.4668,40.21,0.77,8.04,39.07,0.4436,7.0,318.48,14.0,-2.3,-2.34,ACCEPTEE,DIMINUER,8
CAMP_0096,2024-12-08,7,GOOGLE_ADS,CONVERSION,19736.61,262.43,16.0,PAUSE,387448.0,IMAGE,MANUEL,8.0,62556.0,1126.0,41.0,214.65,3731.17,0.018,16.3828,5.24,0.19,3.43,4.65,14.8638,34.0,4284.93,14.0,-8.8,-11.73,APPLIQUEE,AUGMENTER,29
CAMP_0096,2024-12-09,8,GOOGLE_ADS,CONVERSION,19736.61,262.43,16.0,PAUSE,387448.0,IMAGE,MANUEL,8.0,58279.0,787.0,21.0,210.55,1109.41,0.0135,4.269,10.03,0.27,3.61,8.87,4.6141,20.0,1042.68,7.0,0.3,-4.89,ACCEPTEE,AUGMENTER,21
CAMP_0096,2024-12-10,9,GOOGLE_ADS,CONVERSION,19736.61,262.43,16.0,PAUSE,387448.0,IMAGE,MANUEL,8.0,30386.0,500.0,9.0,240.75,1337.48,0.0165,4.5556,26.75,0.48,7.92,25.26,4.2811,7.0,1311.61,30.0,21.3,6.36,PROPOSEE,AUGMENTER,22
CAMP_0096,2024-12-11,10,GOOGLE_ADS,CONVERSION,19736.61,262.43,16.0,PAUSE,387448.0,IMAGE,MANUEL,8.0,34457.0,588.0,19.0,230.1,2849.9,0.0171,11.3857,12.11,0.39,6.68,13.02,11.2717,19.0,3071.13,7.0,20.8,-6.59,REJETEE,AUGMENTER,15
CAMP_0097,2024-09-12,1,LINKEDIN_ADS,TRAFIC,17522.79,458.05,19.0,ACTIVE,1441789.0,CAROUSEL,AUTOMATIQUE,8.0,56528.0,904.0,6.0,445.43,594.76,0.016,0.3353,74.24,0.49,7.88,77.56,0.322,5.0,508.47,7.0,-5.7,0.82,PROPOSEE,DIMINUER,5
CAMP_0097,2024-09-13,2,LINKEDIN_ADS,TRAFIC,17522.79,458.05,19.0,ACTIVE,1441789.0,CAROUSEL,AUTOMATIQUE,8.0,60584.0,1267.0,10.0,415.0,470.32,0.0209,0.1333,41.5,0.33,6.85,46.53,0.1267,9.0,500.36,14.0,3.9,8.13,REJETEE,AUGMENTER,14
CAMP_0097,2024-09-14,3,LINKEDIN_ADS,TRAFIC,17522.79,458.05,19.0,ACTIVE,1441789.0,CAROUSEL,AUTOMATIQUE,8.0,79172.0,2271.0,17.0,385.45,1911.55,0.0287,3.9593,22.67,0.17,4.87,25.27,3.9302,16.0,1654.26,7.0,17.8,1.88,ACCEPTEE,AUGMENTER,10
CAMP_0097,2024-09-15,4,LINKEDIN_ADS,TRAFIC,17522.79,458.05,19.0,ACTIVE,1441789.0,CAROUSEL,AUTOMATIQUE,8.0,31158.0,823.0,4.0,395.23,177.22,0.0264,-0.5516,98.81,0.48,12.68,110.58,-0.5982,3.0,153.46,14.0,-3.6,-10.33,APPLIQUEE,PAUSE,0
CAMP_0097,2024-09-16,5,LINKEDIN_ADS,TRAFIC,17522.79,458.05,19.0,ACTIVE,1441789.0,CAROUSEL,AUTOMATIQUE,8.0,56600.0,867.0,6.0,374.19,322.31,0.0153,-0.1386,62.37,0.43,6.61,70.03,-0.1493,6.0,281.52,14.0,-3.0,-7.65,PROPOSEE,PAUSE,0
CAMP_0097,2024-09-17,6,LINKEDIN_ADS,TRAFIC,17522.79,458.05,19.0,ACTIVE,1441789.0,CAROUSEL,AUTOMATIQUE,8.0,62020.0,1045.0,7.0,389.19,315.55,0.0168,-0.1892,55.6,0.37,6.28,53.18,-0.1897,6.0,356.63,14.0,28.5,4.95,REJETEE,PAUSE,0
CAMP_0097,2024-09-18,7,LINKEDIN_ADS,TRAFIC,17522.79,458.05,19.0,ACTIVE,1441789.0,CAROUSEL,AUTOMATIQUE,8.0,93591.0,1785.0,4.0,411.37,297.69,0.0191,-0.2763,102.84,0.23,4.4,89.5,-0.267,3.0,298.29,7.0,7.1,7.03,PROPOSEE,PAUSE,0
CAMP_0097,2024-09-19,8,LINKEDIN_ADS,TRAFIC,17522.79,458.05,19.0,ACTIVE,1441789.0,CAROUSEL,AUTOMATIQUE,8.0,93348.0,2314.0,16.0,427.14,718.73,0.0248,0.6827,26.7,0.18,4.58,30.64,0.6344,17.0,669.05,7.0,2.4,-11.64,ACCEPTEE,AUGMENTER,25
CAMP_0097,2024-09-20,9,LINKEDIN_ADS,TRAFIC,17522.79,458.05,19.0,ACTIVE,1441789.0,CAROUSEL,AUTOMATIQUE,8.0,22394.0,657.0,1.0,417.02,105.1,0.0293,-0.748,417.02,0.63,18.62,418.21,-0.7675,0.0,103.47,14.0,2.6,-13.32,REJETEE,PAUSE,0
CAMP_0097,2024-09-21,10,LINKEDIN_ADS,TRAFIC,17522.79,458.05,19.0,ACTIVE,1441789.0,CAROUSEL,AUTOMATIQUE,8.0,47576.0,1019.0,3.0,425.97,173.9,0.0214,-0.5918,141.99,0.42,8.95,154.71,-0.5871,3.0,162.68,7.0,-8.9,-13.02,REJETEE,PAUSE,0
CAMP_0098,2024-06-12,1,GOOGLE_ADS,CONVERSION,19864.09,226.88,11.0,TERMINEE,477015.0,IMAGE,AUTOMATIQUE,7.0,32512.0,567.0,26.0,188.0,1622.76,0.0174,7.6315,7.23,0.33,5.78,7.42,7.2775,29.0,1748.6,14.0,18.4,-12.5,PROPOSEE,AUGMENTER,18
CAMP_0098,2024-06-13,2,GOOGLE_ADS,CONVERSION,19864.09,226.88,11.0,TERMINEE,477015.0,IMAGE,AUTOMATIQUE,7.0,37789.0,404.0,14.0,213.92,1428.01,0.0107,5.6754,15.28,0.53,5.66,15.94,5.6061,14.0,1242.64,7.0,26.4,6.29,ACCEPTEE,AUGMENTER,21
CAMP_0098,2024-06-14,3,GOOGLE_ADS,CONVERSION,19864.09,226.88,11.0,TERMINEE,477015.0,IMAGE,AUTOMATIQUE,7.0,31557.0,413.0,17.0,195.86,2153.16,0.0131,9.9934,11.52,0.47,6.21,11.82,9.6899,18.0,2002.72,7.0,11.3,-2.07,ACCEPTEE,AUGMENTER,18
CAMP_0098,2024-06-15,4,GOOGLE_ADS,CONVERSION,19864.09,226.88,11.0,TERMINEE,477015.0,IMAGE,AUTOMATIQUE,7.0,25098.0,442.0,9.0,205.62,1037.14,0.0176,4.044,22.85,0.47,8.19,23.89,3.9205,7.0,895.26,7.0,29.7,-14.85,APPLIQUEE,AUGMENTER,22
CAMP_0098,2024-06-16,5,GOOGLE_ADS,CONVERSION,19864.09,226.88,11.0,TERMINEE,477015.0,IMAGE,AUTOMATIQUE,7.0,24066.0,271.0,12.0,216.81,673.16,0.0113,2.1048,18.07,0.8,9.01,18.19,2.208,13.0,602.81,30.0,-9.4,-3.14,PROPOSEE,AUGMENTER,27
CAMP_0098,2024-06-17,6,GOOGLE_ADS,CONVERSION,19864.09,226.88,11.0,TERMINEE,477015.0,IMAGE,AUTOMATIQUE,7.0,34600.0,371.0,18.0,191.59,2604.53,0.0107,12.5945,10.64,0.52,5.54,10.62,12.048,15.0,2243.12,30.0,29.3,-2.97,ACCEPTEE,AUGMENTER,26
CAMP_0098,2024-06-18,7,GOOGLE_ADS,CONVERSION,19864.09,226.88,11.0,TERMINEE,477015.0,IMAGE,AUTOMATIQUE,7.0,41175.0,380.0,17.0,208.22,2188.71,0.0092,9.5114,12.25,0.55,5.06,12.46,9.8079,19.0,2184.43,7.0,29.7,-11.8,PROPOSEE,AUGMENTER,25
CAMP_0098,2024-06-19,8,GOOGLE_ADS,CONVERSION,19864.09,226.88,11.0,TERMINEE,477015.0,IMAGE,AUTOMATIQUE,7.0,19462.0,223.0,4.0,193.8,203.59,0.0115,0.0505,48.45,0.87,9.96,48.82,0.0507,3.0,201.69,14.0,-3.1,-0.11,PROPOSEE,CIBLAGE,0
CAMP_0098,2024-06-20,9,GOOGLE_ADS,CONVERSION,19864.09,226.88,11.0,TERMINEE,477015.0,IMAGE,AUTOMATIQUE,7.0,19158.0,214.0,3.0,218.08,343.68,0.0112,0.5759,72.69,1.02,11.38,73.91,0.5952,3.0,325.79,7.0,7.8,4.64,ACCEPTEE,AUGMENTER,21
CAMP_0098,2024-06-21,10,GOOGLE_ADS,CONVERSION,19864.09,226.88,11.0,TERMINEE,477015.0,IMAGE,AUTOMATIQUE,7.0,47189.0,637.0,16.0,208.38,1095.95,0.0135,4.2594,13.02,0.33,4.42,12.66,4.0559,17.0,1187.45,7.0,27.2,-8.17,APPLIQUEE,AUGMENTER,10
CAMP_0099,2024-07-15,1,LINKEDIN_ADS,NOTORIETE,14662.79,240.86,19.0,ACTIVE,529070.0,VIDEO,MANUEL,5.0,19939.0,400.0,2.0,205.57,282.06,0.0201,0.3721,102.78,0.51,10.31,102.27,0.3593,2.0,281.96,30.0,29.8,-4.79,REJETEE,CIBLAGE,0
CAMP_0099,2024-07-16,2,LINKEDIN_ADS,NOTORIETE,14662.79,240.86,19.0,ACTIVE,529070.0,VIDEO,MANUEL,5.0,20900.0,456.0,2.0,214.74,176.57,0.0218,-0.1777,107.37,0.47,10.27,123.2,-0.1618,2.0,192.55,14.0,0.5,-10.9,ACCEPTEE,PAUSE,0
CAMP_0099,2024-07-17,3,LINKEDIN_ADS,NOTORIETE,14662.79,240.86,19.0,ACTIVE,529070.0,VIDEO,MANUEL,5.0,17991.0,266.0,1.0,227.3,141.62,0.0148,-0.3769,227.3,0.85,12.63,200.47,-0.3504,0.0,153.66,7.0,22.5,-13.1,REJETEE,PAUSE,0
CAMP_0099,2024-07-18,4,LINKEDIN_ADS,NOTORIETE,14662.79,240.86,19.0,ACTIVE,529070.0,VIDEO,MANUEL,5.0,12800.0,153.0,1.0,233.41,109.81,0.012,-0.5295,233.41,1.53,18.23,230.91,-0.4928,0.0,111.2,14.0,19.2,7.99,REJETEE,PAUSE,0
CAMP_0099,2024-07-19,5,LINKEDIN_ADS,NOTORIETE,14662.79,240.86,19.0,ACTIVE,529070.0,VIDEO,MANUEL,5.0,9615.0,115.0,0.0,206.46,38.38,0.012,-0.8141,206.46,1.8,21.47,201.05,-0.7978,0.0,36.07,7.0,-7.9,-1.78,REJETEE,PAUSE,0
CAMP_0099,2024-07-20,6,LINKEDIN_ADS,NOTORIETE,14662.79,240.86,19.0,ACTIVE,529070.0,VIDEO,MANUEL,5.0,20354.0,493.0,4.0,199.26,379.03,0.0242,0.9022,49.82,0.4,9.79,44.77,0.8988,4.0,329.72,14.0,19.4,7.11,PROPOSEE,AUGMENTER,17
CAMP_0099,2024-07-21,7,LINKEDIN_ADS,NOTORIETE,14662.79,240.86,19.0,ACTIVE,529070.0,VIDEO,MANUEL,5.0,19481.0,356.0,0.0,201.85,33.56,0.0183,-0.8337,201.85,0.57,10.36,227.65,-0.7598,0.0,32.88,14.0,3.7,-4.25,PROPOSEE,PAUSE,0
CAMP_0099,2024-07-22,8,LINKEDIN_ADS,NOTORIETE,14662.79,240.86,19.0,ACTIVE,529070.0,VIDEO,MANUEL,5.0,8338.0,152.0,1.0,224.54,141.25,0.0182,-0.3709,224.54,1.48,26.93,222.73,-0.3361,1.0,125.07,7.0,17.9,3.24,ACCEPTEE,PAUSE,0
CAMP_0099,2024-07-23,9,LINKEDIN_ADS,NOTORIETE,14662.79,240.86,19.0,ACTIVE,529070.0,VIDEO,MANUEL,5.0,26061.0,533.0,2.0,200.81,284.64,0.0205,0.4175,100.4,0.38,7.71,99.99,0.4591,2.0,275.79,7.0,8.4,-6.24,ACCEPTEE,AUGMENTER,5
CAMP_0099,2024-07-24,10,LINKEDIN_ADS,NOTORIETE,14662.79,240.86,19.0,ACTIVE,529070.0,VIDEO,MANUEL,5.0,25105.0,331.0,0.0,209.71,2.14,0.0132,-0.9898,209.71,0.63,8.35,203.75,-1.059,0.0,2.21,7.0,22.8,-10.78,PROPOSEE,PAUSE,0
CAMP_0100,2024-11-03,1,TIKTOK_ADS,CONVERSION,18810.8,376.26,10.0,ACTIVE,1707598.0,CAROUSEL,MANUEL,3.0,27370.0,322.0,11.0,363.6,1469.44,0.0118,3.0414,33.05,1.13,13.28,31.43,3.101,11.0,1625.14,7.0,27.9,-10.63,REJETEE,AUGMENTER,18
CAMP_0100,2024-11-04,2,TIKTOK_ADS,CONVERSION,18810.8,376.26,10.0,ACTIVE,1707598.0,CAROUSEL,MANUEL,3.0,38155.0,322.0,3.0,348.51,249.9,0.0084,-0.283,116.17,1.08,9.13,101.61,-0.2998,2.0,252.93,14.0,-4.9,1.79,APPLIQUEE,PAUSE,0
CAMP_0100,2024-11-05,3,TIKTOK_ADS,CONVERSION,18810.8,376.26,10.0,ACTIVE,1707598.0,CAROUSEL,MANUEL,3.0,56811.0,665.0,30.0,371.4,4145.23,0.0117,10.1611,12.38,0.56,6.54,13.85,11.0438,33.0,4390.69,7.0,10.1,6.97,APPLIQUEE,AUGMENTER,17
CAMP_0100,2024-11-06,4,TIKTOK_ADS,CONVERSION,18810.8,376.26,10.0,ACTIVE,1707598.0,CAROUSEL,MANUEL,3.0,36982.0,191.0,4.0,309.07,313.88,0.0052,0.0155,77.27,1.62,8.36,88.67,0.014,3.0,279.37,14.0,21.9,9.5,APPLIQUEE,DIMINUER,21
CAMP_0100,2024-11-07,5,TIKTOK_ADS,CONVERSION,18810.8,376.26,10.0,ACTIVE,1707598.0,CAROUSEL,MANUEL,3.0,38673.0,201.0,3.0,340.82,416.51,0.0052,0.2221,113.61,1.7,8.81,119.7,0.2407,3.0,437.26,7.0,-8.7,8.61,APPLIQUEE,DIMINUER,5
CAMP_0100,2024-11-08,6,TIKTOK_ADS,CONVERSION,18810.8,376.26,10.0,ACTIVE,1707598.0,CAROUSEL,MANUEL,3.0,39809.0,206.0,4.0,336.43,324.7,0.0052,-0.0349,84.11,1.63,8.45,72.51,-0.0376,3.0,279.79,30.0,0.2,1.32,APPLIQUEE,PAUSE,0
CAMP_0100,2024-11-09,7,TIKTOK_ADS,CONVERSION,18810.8,376.26,10.0,ACTIVE,1707598.0,CAROUSEL,MANUEL,3.0,30744.0,271.0,13.0,350.39,1148.28,0.0088,2.2771,26.95,1.29,11.4,23.57,2.0674,10.0,1293.84,7.0,16.1,-6.54,REJETEE,AUGMENTER,19
CAMP_0100,2024-11-10,8,TIKTOK_ADS,CONVERSION,18810.8,376.26,10.0,ACTIVE,1707598.0,CAROUSEL,MANUEL,3.0,27463.0,142.0,5.0,309.34,356.69,0.0052,0.1531,61.87,2.18,11.26,69.24,0.163,4.0,331.79,14.0,24.8,6.14,ACCEPTEE,DIMINUER,14
CAMP_0100,2024-11-11,9,TIKTOK_ADS,CONVERSION,18810.8,376.26,10.0,ACTIVE,1707598.0,CAROUSEL,MANUEL,3.0,16887.0,125.0,4.0,372.38,582.27,0.0074,0.5637,93.09,2.98,22.05,96.31,0.5666,4.0,544.62,7.0,-5.5,8.61,PROPOSEE,AUGMENTER,12
CAMP_0100,2024-11-12,10,TIKTOK_ADS,CONVERSION,18810.8,376.26,10.0,ACTIVE,1707598.0,CAROUSEL,MANUEL,3.0,42484.0,360.0,13.0,310.6,1594.06,0.0085,4.1322,23.89,0.86,7.31,23.62,4.4234,11.0,1726.08,30.0,27.4,9.62,REJETEE,AUGMENTER,14
