[0m22:55:55.389788 [debug] [MainThread]: Sending event: {'category': 'dbt', 'action': 'invocation', 'label': 'start', 'context': [<snowplow_tracker.self_describing_json.SelfDescribingJson object at 0x7946b76a1010>, <snowplow_tracker.self_describing_json.SelfDescribingJson object at 0x7946b76a0e90>, <snowplow_tracker.self_describing_json.SelfDescribingJson object at 0x7946b76a0e50>]}


============================== 22:55:55.393647 | bd262e1c-d07e-4227-8935-251ad3b2bcc3 ==============================
[0m22:55:55.393647 [info ] [MainThread]: Running with dbt=1.11.12
[0m22:55:55.394772 [debug] [MainThread]: running dbt with arguments {'use_colors': 'True', 'log_cache_events': 'False', 'invocation_command': 'dbt run', 'no_print': 'None', 'static_parser': 'True', 'indirect_selection': 'eager', 'profiles_dir': '/opt/airflow/CustomerDNA_AI/src/transformation/dbt_spark/client_1', 'fail_fast': 'False', 'warn_error_options': 'WarnErrorOptionsV2(error=[], warn=[], silence=[])', 'partial_parse': 'True', 'version_check': 'True', 'target_path': 'None', 'warn_error': 'None', 'send_anonymous_usage_stats': 'True', 'cache_selected_only': 'False', 'log_path': '/opt/airflow/CustomerDNA_AI/src/transformation/dbt_spark/client_1/logs', 'write_json': 'True', 'introspect': 'True', 'quiet': 'False', 'use_experimental_parser': 'False', 'empty': 'False', 'debug': 'False', 'log_format': 'default', 'printer_width': '80'}
[0m22:55:55.558517 [debug] [MainThread]: Spark adapter: Setting pyhive.hive logging to ERROR
[0m22:55:55.560611 [debug] [MainThread]: Spark adapter: Setting thrift.transport logging to ERROR
[0m22:55:55.562173 [debug] [MainThread]: Spark adapter: Setting thrift.protocol logging to ERROR
[0m22:55:55.991016 [debug] [MainThread]: Sending event: {'category': 'dbt', 'action': 'project_id', 'label': 'bd262e1c-d07e-4227-8935-251ad3b2bcc3', 'context': [<snowplow_tracker.self_describing_json.SelfDescribingJson object at 0x7946b77b8c90>]}
[0m22:55:56.068837 [debug] [MainThread]: Sending event: {'category': 'dbt', 'action': 'adapter_info', 'label': 'bd262e1c-d07e-4227-8935-251ad3b2bcc3', 'context': [<snowplow_tracker.self_describing_json.SelfDescribingJson object at 0x7946b7dd0a10>]}
[0m22:55:56.070168 [info ] [MainThread]: Registered adapter: spark=1.10.3
[0m22:55:56.201308 [debug] [MainThread]: checksum: f368f5348cf42803b94ef7fb8257ecf3bf9a9a16dd9c8c51fe5172f2dbeb457f, vars: {}, profile: , target: , version: 1.11.12
[0m22:55:56.203721 [info ] [MainThread]: Unable to do partial parsing because saved manifest not found. Starting full parse.
[0m22:55:56.204681 [debug] [MainThread]: Sending event: {'category': 'dbt', 'action': 'partial_parser', 'label': 'bd262e1c-d07e-4227-8935-251ad3b2bcc3', 'context': [<snowplow_tracker.self_describing_json.SelfDescribingJson object at 0x7946b6c26a10>]}
[0m22:55:58.507618 [debug] [MainThread]: Sending event: {'category': 'dbt', 'action': 'load_project', 'label': 'bd262e1c-d07e-4227-8935-251ad3b2bcc3', 'context': [<snowplow_tracker.self_describing_json.SelfDescribingJson object at 0x7946b48ab8d0>]}
[0m22:55:59.054115 [debug] [MainThread]: Wrote artifact WritableManifest to /opt/airflow/CustomerDNA_AI/src/transformation/dbt_spark/client_1/target/manifest.json
[0m22:55:59.078125 [debug] [MainThread]: Wrote artifact SemanticManifest to /opt/airflow/CustomerDNA_AI/src/transformation/dbt_spark/client_1/target/semantic_manifest.json
[0m22:55:59.124915 [debug] [MainThread]: Sending event: {'category': 'dbt', 'action': 'resource_counts', 'label': 'bd262e1c-d07e-4227-8935-251ad3b2bcc3', 'context': [<snowplow_tracker.self_describing_json.SelfDescribingJson object at 0x7946b69d3c90>]}
[0m22:55:59.129207 [info ] [MainThread]: Found 10 models, 11 data tests, 3 sources, 526 macros
[0m22:55:59.133400 [debug] [MainThread]: Sending event: {'category': 'dbt', 'action': 'runnable_timing', 'label': 'bd262e1c-d07e-4227-8935-251ad3b2bcc3', 'context': [<snowplow_tracker.self_describing_json.SelfDescribingJson object at 0x7946b47bb3d0>]}
[0m22:55:59.141571 [info ] [MainThread]: 
[0m22:55:59.144184 [info ] [MainThread]: Concurrency: 4 threads (target='dev')
[0m22:55:59.146087 [info ] [MainThread]: 
[0m22:55:59.148380 [debug] [MainThread]: Acquiring new spark connection 'master'
[0m22:55:59.161989 [debug] [ThreadPool]: Acquiring new spark connection 'list_schemas'
[0m22:55:59.174766 [debug] [ThreadPool]: Acquiring new spark connection 'list_schemas'
[0m22:55:59.178894 [debug] [ThreadPool]: Using spark connection "list_schemas"
[0m22:55:59.180470 [debug] [ThreadPool]: Acquiring new spark connection 'list_schemas'
[0m22:55:59.183419 [debug] [ThreadPool]: Using spark connection "list_schemas"
[0m22:55:59.185035 [debug] [ThreadPool]: On list_schemas: /* {"app": "dbt", "dbt_version": "1.11.12", "profile_name": "customerdna_client1_lakehouse", "target_name": "dev", "connection_name": "list_schemas"} */

    show databases
  
[0m22:55:59.188291 [debug] [ThreadPool]: Using spark connection "list_schemas"
[0m22:55:59.190670 [debug] [ThreadPool]: On list_schemas: /* {"app": "dbt", "dbt_version": "1.11.12", "profile_name": "customerdna_client1_lakehouse", "target_name": "dev", "connection_name": "list_schemas"} */

    show databases
  
[0m22:55:59.191744 [debug] [ThreadPool]: Opening a new connection, currently in state init
[0m22:55:59.192744 [debug] [ThreadPool]: On list_schemas: /* {"app": "dbt", "dbt_version": "1.11.12", "profile_name": "customerdna_client1_lakehouse", "target_name": "dev", "connection_name": "list_schemas"} */

    show databases
  
[0m22:55:59.194391 [debug] [ThreadPool]: Opening a new connection, currently in state init
[0m22:55:59.196387 [debug] [ThreadPool]: Opening a new connection, currently in state init
[0m22:56:16.486484 [warn ] [ThreadPool]: Spark adapter: Warning: TSocket read 0 bytes, retrying due to 'retry_all' configuration set to true.
	Retrying in 60 seconds (0 of 5)
[0m22:56:16.489277 [warn ] [ThreadPool]: Spark adapter: Warning: TSocket read 0 bytes, retrying due to 'retry_all' configuration set to true.
	Retrying in 60 seconds (0 of 5)
[0m22:56:16.492056 [warn ] [ThreadPool]: Spark adapter: Warning: TSocket read 0 bytes, retrying due to 'retry_all' configuration set to true.
	Retrying in 60 seconds (0 of 5)
[0m22:58:14.648029 [debug] [ThreadPool]: Spark adapter: Poll status: 2, query complete
[0m22:58:14.649960 [debug] [ThreadPool]: SQL status: OK in 135.466 seconds
[0m22:58:14.665802 [debug] [ThreadPool]: Spark adapter: Poll status: 2, query complete
[0m22:58:14.666511 [debug] [ThreadPool]: Spark adapter: Poll status: 2, query complete
[0m22:58:14.667559 [debug] [ThreadPool]: SQL status: OK in 135.482 seconds
[0m22:58:14.668737 [debug] [ThreadPool]: SQL status: OK in 135.487 seconds
[0m22:58:14.969939 [debug] [ThreadPool]: On list_schemas: Close
[0m22:58:14.973210 [debug] [ThreadPool]: On list_schemas: Close
[0m22:58:14.974905 [debug] [ThreadPool]: On list_schemas: Close
[0m22:58:15.407646 [debug] [ThreadPool]: Re-using an available connection from the pool (formerly list_schemas, now list_None_analytics)
[0m22:58:15.408718 [debug] [ThreadPool]: Re-using an available connection from the pool (formerly list_schemas, now list_None_intermediate)
[0m22:58:15.409539 [debug] [ThreadPool]: Re-using an available connection from the pool (formerly list_schemas, now list_None_staging)
[0m22:58:15.417933 [debug] [ThreadPool]: Spark adapter: NotImplemented: add_begin_query
[0m22:58:15.421303 [debug] [ThreadPool]: Spark adapter: NotImplemented: add_begin_query
[0m22:58:15.424499 [debug] [ThreadPool]: Spark adapter: NotImplemented: add_begin_query
[0m22:58:15.425604 [debug] [ThreadPool]: Using spark connection "list_None_analytics"
[0m22:58:15.426438 [debug] [ThreadPool]: Using spark connection "list_None_intermediate"
[0m22:58:15.427248 [debug] [ThreadPool]: Using spark connection "list_None_staging"
[0m22:58:15.428210 [debug] [ThreadPool]: On list_None_analytics: /* {"app": "dbt", "dbt_version": "1.11.12", "profile_name": "customerdna_client1_lakehouse", "target_name": "dev", "connection_name": "list_None_analytics"} */
show table extended in analytics like '*'
  
[0m22:58:15.429052 [debug] [ThreadPool]: On list_None_intermediate: /* {"app": "dbt", "dbt_version": "1.11.12", "profile_name": "customerdna_client1_lakehouse", "target_name": "dev", "connection_name": "list_None_intermediate"} */
show table extended in intermediate like '*'
  
[0m22:58:15.430026 [debug] [ThreadPool]: On list_None_staging: /* {"app": "dbt", "dbt_version": "1.11.12", "profile_name": "customerdna_client1_lakehouse", "target_name": "dev", "connection_name": "list_None_staging"} */
show table extended in staging like '*'
  
[0m22:58:15.431080 [debug] [ThreadPool]: Opening a new connection, currently in state closed
[0m22:58:15.432028 [debug] [ThreadPool]: Opening a new connection, currently in state closed
[0m22:58:15.432763 [debug] [ThreadPool]: Opening a new connection, currently in state closed
[0m22:58:16.782290 [debug] [ThreadPool]: Spark adapter: Poll status: 2, query complete
[0m22:58:16.783522 [debug] [ThreadPool]: SQL status: OK in 1.352 seconds
[0m22:58:16.856221 [debug] [ThreadPool]: Spark adapter: Poll status: 2, query complete
[0m22:58:16.856971 [debug] [ThreadPool]: Spark adapter: Poll status: 2, query complete
[0m22:58:16.858021 [debug] [ThreadPool]: SQL status: OK in 1.425 seconds
[0m22:58:16.859079 [debug] [ThreadPool]: SQL status: OK in 1.427 seconds
[0m22:58:16.935215 [debug] [ThreadPool]: On list_None_analytics: ROLLBACK
[0m22:58:16.947188 [debug] [ThreadPool]: Spark adapter: NotImplemented: rollback
[0m22:58:16.948321 [debug] [ThreadPool]: On list_None_analytics: Close
[0m22:58:16.949795 [debug] [ThreadPool]: On list_None_intermediate: ROLLBACK
[0m22:58:16.951070 [debug] [ThreadPool]: Spark adapter: NotImplemented: rollback
[0m22:58:16.952001 [debug] [ThreadPool]: On list_None_intermediate: Close
[0m22:58:16.964488 [debug] [ThreadPool]: On list_None_staging: ROLLBACK
[0m22:58:16.965329 [debug] [ThreadPool]: Spark adapter: NotImplemented: rollback
[0m22:58:16.966054 [debug] [ThreadPool]: On list_None_staging: Close
[0m22:58:17.028977 [debug] [MainThread]: Sending event: {'category': 'dbt', 'action': 'runnable_timing', 'label': 'bd262e1c-d07e-4227-8935-251ad3b2bcc3', 'context': [<snowplow_tracker.self_describing_json.SelfDescribingJson object at 0x7946b69de910>]}
[0m22:58:17.030261 [debug] [MainThread]: Spark adapter: NotImplemented: add_begin_query
[0m22:58:17.031043 [debug] [MainThread]: Spark adapter: NotImplemented: commit
[0m22:58:17.036806 [debug] [Thread-1 (]: Began running node model.customerdna_client1_lakehouse.stg_bank_marketing
[0m22:58:17.037455 [debug] [Thread-2 (]: Began running node model.customerdna_client1_lakehouse.stg_online_retail_2
[0m22:58:17.038148 [debug] [Thread-3 (]: Began running node model.customerdna_client1_lakehouse.stg_online_shoppers_intention
[0m22:58:17.039213 [info ] [Thread-1 (]: 1 of 10 START sql table model staging.stg_bank_marketing ....................... [RUN]
[0m22:58:17.040780 [info ] [Thread-2 (]: 2 of 10 START sql table model staging.stg_online_retail_2 ...................... [RUN]
[0m22:58:17.041876 [info ] [Thread-3 (]: 3 of 10 START sql table model staging.stg_online_shoppers_intention ............ [RUN]
[0m22:58:17.042891 [debug] [Thread-1 (]: Re-using an available connection from the pool (formerly list_None_staging, now model.customerdna_client1_lakehouse.stg_bank_marketing)
[0m22:58:17.043799 [debug] [Thread-2 (]: Re-using an available connection from the pool (formerly list_None_intermediate, now model.customerdna_client1_lakehouse.stg_online_retail_2)
[0m22:58:17.045965 [debug] [Thread-3 (]: Re-using an available connection from the pool (formerly list_None_analytics, now model.customerdna_client1_lakehouse.stg_online_shoppers_intention)
[0m22:58:17.047723 [debug] [Thread-1 (]: Began compiling node model.customerdna_client1_lakehouse.stg_bank_marketing
[0m22:58:17.048700 [debug] [Thread-2 (]: Began compiling node model.customerdna_client1_lakehouse.stg_online_retail_2
[0m22:58:17.049620 [debug] [Thread-3 (]: Began compiling node model.customerdna_client1_lakehouse.stg_online_shoppers_intention
[0m22:58:17.061182 [debug] [Thread-1 (]: Writing injected SQL for node "model.customerdna_client1_lakehouse.stg_bank_marketing"
[0m22:58:17.065829 [debug] [Thread-2 (]: Writing injected SQL for node "model.customerdna_client1_lakehouse.stg_online_retail_2"
[0m22:58:17.073881 [debug] [Thread-3 (]: Writing injected SQL for node "model.customerdna_client1_lakehouse.stg_online_shoppers_intention"
[0m22:58:17.083914 [debug] [Thread-3 (]: Began executing node model.customerdna_client1_lakehouse.stg_online_shoppers_intention
[0m22:58:17.085311 [debug] [Thread-1 (]: Began executing node model.customerdna_client1_lakehouse.stg_bank_marketing
[0m22:58:17.085981 [debug] [Thread-2 (]: Began executing node model.customerdna_client1_lakehouse.stg_online_retail_2
[0m22:58:17.105629 [debug] [Thread-3 (]: Using spark connection "model.customerdna_client1_lakehouse.stg_online_shoppers_intention"
[0m22:58:17.112413 [debug] [Thread-1 (]: Using spark connection "model.customerdna_client1_lakehouse.stg_bank_marketing"
[0m22:58:17.118083 [debug] [Thread-2 (]: Using spark connection "model.customerdna_client1_lakehouse.stg_online_retail_2"
[0m22:58:17.119183 [debug] [Thread-3 (]: On model.customerdna_client1_lakehouse.stg_online_shoppers_intention: /* {"app": "dbt", "dbt_version": "1.11.12", "profile_name": "customerdna_client1_lakehouse", "target_name": "dev", "node_id": "model.customerdna_client1_lakehouse.stg_online_shoppers_intention"} */
drop table if exists staging.stg_online_shoppers_intention
[0m22:58:17.120180 [debug] [Thread-1 (]: On model.customerdna_client1_lakehouse.stg_bank_marketing: /* {"app": "dbt", "dbt_version": "1.11.12", "profile_name": "customerdna_client1_lakehouse", "target_name": "dev", "node_id": "model.customerdna_client1_lakehouse.stg_bank_marketing"} */
drop table if exists staging.stg_bank_marketing
[0m22:58:17.121044 [debug] [Thread-2 (]: On model.customerdna_client1_lakehouse.stg_online_retail_2: /* {"app": "dbt", "dbt_version": "1.11.12", "profile_name": "customerdna_client1_lakehouse", "target_name": "dev", "node_id": "model.customerdna_client1_lakehouse.stg_online_retail_2"} */
drop table if exists staging.stg_online_retail_2
[0m22:58:17.122224 [debug] [Thread-3 (]: Opening a new connection, currently in state closed
[0m22:58:17.123533 [debug] [Thread-1 (]: Opening a new connection, currently in state closed
[0m22:58:17.124428 [debug] [Thread-2 (]: Opening a new connection, currently in state closed
[0m22:58:17.776826 [debug] [Thread-3 (]: Spark adapter: Poll status: 2, query complete
[0m22:58:17.777593 [debug] [Thread-1 (]: Spark adapter: Poll status: 2, query complete
[0m22:58:17.778674 [debug] [Thread-3 (]: SQL status: OK in 0.656 seconds
[0m22:58:17.779645 [debug] [Thread-1 (]: SQL status: OK in 0.656 seconds
[0m22:58:17.826071 [debug] [Thread-3 (]: Writing runtime sql for node "model.customerdna_client1_lakehouse.stg_online_shoppers_intention"
[0m22:58:17.830055 [debug] [Thread-1 (]: Writing runtime sql for node "model.customerdna_client1_lakehouse.stg_bank_marketing"
[0m22:58:17.856375 [debug] [Thread-3 (]: Spark adapter: NotImplemented: add_begin_query
[0m22:58:17.858083 [debug] [Thread-3 (]: Using spark connection "model.customerdna_client1_lakehouse.stg_online_shoppers_intention"
[0m22:58:17.858911 [debug] [Thread-1 (]: Spark adapter: NotImplemented: add_begin_query
[0m22:58:17.859822 [debug] [Thread-3 (]: On model.customerdna_client1_lakehouse.stg_online_shoppers_intention: /* {"app": "dbt", "dbt_version": "1.11.12", "profile_name": "customerdna_client1_lakehouse", "target_name": "dev", "node_id": "model.customerdna_client1_lakehouse.stg_online_shoppers_intention"} */

  
    
        create or replace table staging.stg_online_shoppers_intention
      
      
    using iceberg
      
      
      
      
      
      comment 'Typed staging model for digital browsing sessions and purchase intent.'
      

      as
      select
    sha2(
        concat_ws(
            '||',
            coalesce(cast(administrative as string), ''),
            coalesce(cast(administrative_duration as string), ''),
            coalesce(cast(informational as string), ''),
            coalesce(cast(informational_duration as string), ''),
            coalesce(cast(productrelated as string), ''),
            coalesce(cast(productrelated_duration as string), ''),
            coalesce(cast(bouncerates as string), ''),
            coalesce(cast(exitrates as string), ''),
            coalesce(cast(pagevalues as string), ''),
            coalesce(cast(specialday as string), ''),
            coalesce(month, ''),
            coalesce(cast(operatingsystems as string), ''),
            coalesce(cast(browser as string), ''),
            coalesce(cast(region as string), ''),
            coalesce(cast(traffictype as string), ''),
            coalesce(visitortype, ''),
            coalesce(weekend, ''),
            coalesce(revenue, '')
        ),
        256
    ) as shopper_session_id,
    cast(
    coalesce(
        try_cast(nullif(trim(administrative), '') as int),
        try_cast(nullif(trim(administrative), '') as double)
    ) as int
) as administrative_page_count,
    try_cast(nullif(trim(administrative_duration), '') as double) as administrative_duration_seconds,
    cast(
    coalesce(
        try_cast(nullif(trim(informational), '') as int),
        try_cast(nullif(trim(informational), '') as double)
    ) as int
) as informational_page_count,
    try_cast(nullif(trim(informational_duration), '') as double) as informational_duration_seconds,
    cast(
    coalesce(
        try_cast(nullif(trim(productrelated), '') as int),
        try_cast(nullif(trim(productrelated), '') as double)
    ) as int
) as product_related_page_count,
    try_cast(nullif(trim(productrelated_duration), '') as double) as product_related_duration_seconds,
    try_cast(nullif(trim(bouncerates), '') as double) as bounce_rate,
    try_cast(nullif(trim(exitrates), '') as double) as exit_rate,
    try_cast(nullif(trim(pagevalues), '') as double) as page_value_score,
    try_cast(nullif(trim(specialday), '') as double) as special_day_score,
    trim(month) as session_month,
    cast(
    coalesce(
        try_cast(nullif(trim(operatingsystems), '') as int),
        try_cast(nullif(trim(operatingsystems), '') as double)
    ) as int
) as operating_system_id,
    cast(
    coalesce(
        try_cast(nullif(trim(browser), '') as int),
        try_cast(nullif(trim(browser), '') as double)
    ) as int
) as browser_id,
    cast(
    coalesce(
        try_cast(nullif(trim(region), '') as int),
        try_cast(nullif(trim(region), '') as double)
    ) as int
) as region_id,
    cast(
    coalesce(
        try_cast(nullif(trim(traffictype), '') as int),
        try_cast(nullif(trim(traffictype), '') as double)
    ) as int
) as traffic_type_id,
    trim(visitortype) as visitor_type,
    case
    when lower(trim(weekend)) in ('1', 'true', 'yes', 'y') then true
    when lower(trim(weekend)) in ('0', 'false', 'no', 'n') then false
    else null
end as is_weekend_session,
    case
    when lower(trim(revenue)) in ('1', 'true', 'yes', 'y') then true
    when lower(trim(revenue)) in ('0', 'false', 'no', 'n') then false
    else null
end as converted_in_session_flag
from raw_data.online_shoppers_intention
  
[0m22:58:17.860774 [debug] [Thread-1 (]: Using spark connection "model.customerdna_client1_lakehouse.stg_bank_marketing"
[0m22:58:17.862920 [debug] [Thread-1 (]: On model.customerdna_client1_lakehouse.stg_bank_marketing: /* {"app": "dbt", "dbt_version": "1.11.12", "profile_name": "customerdna_client1_lakehouse", "target_name": "dev", "node_id": "model.customerdna_client1_lakehouse.stg_bank_marketing"} */

  
    
        create or replace table staging.stg_bank_marketing
      
      
    using iceberg
      
      
      
      
      
      comment 'Typed staging model for outbound bank marketing contacts and conversion outcomes.'
      

      as
      with source as (
    select
        age,
        job,
        marital,
        education,
        `default` as credit_default,
        housing,
        loan,
        contact,
        month,
        day_of_week,
        duration,
        campaign,
        pdays,
        previous,
        poutcome,
        emp_var_rate,
        cons_price_idx,
        cons_conf_idx,
        euribor3m,
        nr_employed,
        y as subscription_result
    from raw_data.bank_marketing
)

select
    sha2(
        concat_ws(
            '||',
            coalesce(cast(age as string), ''),
            coalesce(job, ''),
            coalesce(marital, ''),
            coalesce(education, ''),
            coalesce(credit_default, ''),
            coalesce(housing, ''),
            coalesce(loan, ''),
            coalesce(contact, ''),
            coalesce(month, ''),
            coalesce(day_of_week, ''),
            coalesce(cast(duration as string), ''),
            coalesce(cast(campaign as string), ''),
            coalesce(cast(pdays as string), ''),
            coalesce(cast(previous as string), ''),
            coalesce(poutcome, ''),
            coalesce(cast(emp_var_rate as string), ''),
            coalesce(cast(cons_price_idx as string), ''),
            coalesce(cast(cons_conf_idx as string), ''),
            coalesce(cast(euribor3m as string), ''),
            coalesce(cast(nr_employed as string), ''),
            coalesce(subscription_result, '')
        ),
        256
    ) as bank_record_id,
    cast(
    coalesce(
        try_cast(nullif(trim(age), '') as int),
        try_cast(nullif(trim(age), '') as double)
    ) as int
) as age,
    trim(job) as job,
    trim(marital) as marital_status,
    trim(education) as education_level,
    case
    when lower(trim(credit_default)) = 'yes' then true
    when lower(trim(credit_default)) = 'no' then false
    else null
end as has_credit_default,
    case
    when lower(trim(housing)) = 'yes' then true
    when lower(trim(housing)) = 'no' then false
    else null
end as has_housing_loan,
    case
    when lower(trim(loan)) = 'yes' then true
    when lower(trim(loan)) = 'no' then false
    else null
end as has_personal_loan,
    trim(contact) as contact_channel,
    trim(month) as contact_month,
    trim(day_of_week) as contact_day_of_week,
    cast(
    coalesce(
        try_cast(nullif(trim(duration), '') as int),
        try_cast(nullif(trim(duration), '') as double)
    ) as int
) as call_duration_seconds,
    cast(
    coalesce(
        try_cast(nullif(trim(campaign), '') as int),
        try_cast(nullif(trim(campaign), '') as double)
    ) as int
) as contact_attempt_count,
    case
        when cast(
    coalesce(
        try_cast(nullif(trim(pdays), '') as int),
        try_cast(nullif(trim(pdays), '') as double)
    ) as int
) = 999 then null
        else cast(
    coalesce(
        try_cast(nullif(trim(pdays), '') as int),
        try_cast(nullif(trim(pdays), '') as double)
    ) as int
)
    end as prior_contact_gap_days,
    case
        when cast(
    coalesce(
        try_cast(nullif(trim(pdays), '') as int),
        try_cast(nullif(trim(pdays), '') as double)
    ) as int
) = 999 then false
        else true
    end as had_prior_contact,
    cast(
    coalesce(
        try_cast(nullif(trim(previous), '') as int),
        try_cast(nullif(trim(previous), '') as double)
    ) as int
) as previous_contact_count,
    trim(poutcome) as previous_campaign_outcome,
    try_cast(nullif(trim(emp_var_rate), '') as double) as employment_variation_rate,
    try_cast(nullif(trim(cons_price_idx), '') as double) as consumer_price_index,
    try_cast(nullif(trim(cons_conf_idx), '') as double) as consumer_confidence_index,
    try_cast(nullif(trim(euribor3m), '') as double) as euribor_3m_rate,
    try_cast(nullif(trim(nr_employed), '') as double) as employee_count,
    case
    when lower(trim(subscription_result)) = 'yes' then true
    when lower(trim(subscription_result)) = 'no' then false
    else null
end as subscribed_term_deposit_flag
from source
  
[0m22:58:17.872816 [debug] [Thread-2 (]: Spark adapter: Poll status: 2, query complete
[0m22:58:17.874003 [debug] [Thread-2 (]: SQL status: OK in 0.750 seconds
[0m22:58:17.879924 [debug] [Thread-2 (]: Writing runtime sql for node "model.customerdna_client1_lakehouse.stg_online_retail_2"
[0m22:58:17.890359 [debug] [Thread-2 (]: Spark adapter: NotImplemented: add_begin_query
[0m22:58:17.892748 [debug] [Thread-2 (]: Using spark connection "model.customerdna_client1_lakehouse.stg_online_retail_2"
[0m22:58:17.894488 [debug] [Thread-2 (]: On model.customerdna_client1_lakehouse.stg_online_retail_2: /* {"app": "dbt", "dbt_version": "1.11.12", "profile_name": "customerdna_client1_lakehouse", "target_name": "dev", "node_id": "model.customerdna_client1_lakehouse.stg_online_retail_2"} */

  
    
        create or replace table staging.stg_online_retail_2
      
      
    using iceberg
      
      
      
      
      
      comment 'Typed staging model for retail transactions from Online Retail II.'
      

      as
      select
    trim(invoice) as invoice_no,
    trim(stockcode) as stock_code,
    trim(description) as product_description,
    cast(
    coalesce(
        try_cast(nullif(trim(quantity), '') as int),
        try_cast(nullif(trim(quantity), '') as double)
    ) as int
) as quantity,
    
try_to_timestamp(nullif(trim(invoicedate), ''))
 as invoice_timestamp,
    try_cast(nullif(trim(price), '') as double) as unit_price,
    case
        when cast(
    coalesce(
        try_cast(nullif(trim(customer_id), '') as bigint),
        try_cast(nullif(trim(customer_id), '') as double)
    ) as bigint
) > 0 then cast(
    coalesce(
        try_cast(nullif(trim(customer_id), '') as bigint),
        try_cast(nullif(trim(customer_id), '') as double)
    ) as bigint
)
        else null
    end as customer_id,
    trim(country) as country,
    round(
        coalesce(cast(
    coalesce(
        try_cast(nullif(trim(quantity), '') as int),
        try_cast(nullif(trim(quantity), '') as double)
    ) as int
), 0) * coalesce(try_cast(nullif(trim(price), '') as double), 0.0),
        2
    ) as line_amount,
    case
        when cast(
    coalesce(
        try_cast(nullif(trim(quantity), '') as int),
        try_cast(nullif(trim(quantity), '') as double)
    ) as int
) < 0 or upper(trim(invoice)) like 'C%' then true
        else false
    end as is_return
from raw_data.online_retail_2
  
[0m22:58:22.929526 [debug] [Thread-1 (]: Spark adapter: Poll status: 1, sleeping
[0m22:58:22.930338 [debug] [Thread-3 (]: Spark adapter: Poll status: 1, sleeping
[0m22:58:23.197649 [debug] [Thread-2 (]: Spark adapter: Poll status: 1, sleeping
[0m22:58:32.946656 [debug] [Thread-1 (]: Spark adapter: Poll status: 1, sleeping
[0m22:58:33.011289 [debug] [Thread-3 (]: Spark adapter: Poll status: 1, sleeping
[0m22:58:33.214079 [debug] [Thread-2 (]: Spark adapter: Poll status: 1, sleeping
[0m22:58:42.961496 [debug] [Thread-1 (]: Spark adapter: Poll status: 1, sleeping
[0m22:58:43.025799 [debug] [Thread-3 (]: Spark adapter: Poll status: 1, sleeping
[0m22:58:43.228629 [debug] [Thread-2 (]: Spark adapter: Poll status: 1, sleeping
[0m22:58:52.979165 [debug] [Thread-1 (]: Spark adapter: Poll status: 1, sleeping
[0m22:58:53.042250 [debug] [Thread-3 (]: Spark adapter: Poll status: 1, sleeping
[0m22:58:53.245120 [debug] [Thread-2 (]: Spark adapter: Poll status: 1, sleeping
[0m22:59:02.996425 [debug] [Thread-1 (]: Spark adapter: Poll status: 1, sleeping
[0m22:59:03.058164 [debug] [Thread-3 (]: Spark adapter: Poll status: 1, sleeping
[0m22:59:03.261742 [debug] [Thread-2 (]: Spark adapter: Poll status: 1, sleeping
[0m22:59:13.011291 [debug] [Thread-1 (]: Spark adapter: Poll status: 1, sleeping
[0m22:59:13.084266 [debug] [Thread-3 (]: Spark adapter: Poll status: 1, sleeping
[0m22:59:13.276454 [debug] [Thread-2 (]: Spark adapter: Poll status: 1, sleeping
[0m22:59:23.037744 [debug] [Thread-1 (]: Spark adapter: Poll status: 1, sleeping
[0m22:59:23.111398 [debug] [Thread-3 (]: Spark adapter: Poll status: 1, sleeping
[0m22:59:23.305920 [debug] [Thread-2 (]: Spark adapter: Poll status: 1, sleeping
[0m22:59:33.056685 [debug] [Thread-1 (]: Spark adapter: Poll status: 1, sleeping
[0m22:59:33.127543 [debug] [Thread-3 (]: Spark adapter: Poll status: 1, sleeping
[0m22:59:33.322501 [debug] [Thread-2 (]: Spark adapter: Poll status: 1, sleeping
[0m22:59:43.082691 [debug] [Thread-1 (]: Spark adapter: Poll status: 1, sleeping
[0m22:59:43.142209 [debug] [Thread-3 (]: Spark adapter: Poll status: 1, sleeping
[0m22:59:43.336974 [debug] [Thread-2 (]: Spark adapter: Poll status: 1, sleeping
[0m22:59:53.099819 [debug] [Thread-1 (]: Spark adapter: Poll status: 1, sleeping
[0m22:59:53.158891 [debug] [Thread-3 (]: Spark adapter: Poll status: 1, sleeping
[0m22:59:53.353608 [debug] [Thread-2 (]: Spark adapter: Poll status: 1, sleeping
[0m23:00:03.116157 [debug] [Thread-1 (]: Spark adapter: Poll status: 1, sleeping
[0m23:00:03.177903 [debug] [Thread-3 (]: Spark adapter: Poll status: 1, sleeping
[0m23:00:03.370975 [debug] [Thread-2 (]: Spark adapter: Poll status: 1, sleeping
[0m23:00:13.192805 [debug] [Thread-3 (]: Spark adapter: Poll status: 1, sleeping
[0m23:00:13.252290 [debug] [Thread-1 (]: Spark adapter: Poll status: 1, sleeping
[0m23:00:13.385518 [debug] [Thread-2 (]: Spark adapter: Poll status: 1, sleeping
[0m23:00:23.213824 [debug] [Thread-3 (]: Spark adapter: Poll status: 1, sleeping
[0m23:00:23.273477 [debug] [Thread-1 (]: Spark adapter: Poll status: 1, sleeping
[0m23:00:23.408305 [debug] [Thread-2 (]: Spark adapter: Poll status: 1, sleeping
[0m23:00:33.230005 [debug] [Thread-3 (]: Spark adapter: Poll status: 1, sleeping
[0m23:00:33.289566 [debug] [Thread-1 (]: Spark adapter: Poll status: 1, sleeping
[0m23:00:33.425166 [debug] [Thread-2 (]: Spark adapter: Poll status: 1, sleeping
[0m23:00:43.245430 [debug] [Thread-3 (]: Spark adapter: Poll status: 1, sleeping
[0m23:00:43.304030 [debug] [Thread-1 (]: Spark adapter: Poll status: 1, sleeping
[0m23:00:43.439891 [debug] [Thread-2 (]: Spark adapter: Poll status: 1, sleeping
[0m23:01:39.103313 [debug] [Thread-1 (]: Spark adapter: Poll status: 2, query complete
[0m23:01:39.104591 [debug] [Thread-1 (]: SQL status: OK in 201.256 seconds
[0m23:01:39.136309 [debug] [Thread-1 (]: Using spark connection "model.customerdna_client1_lakehouse.stg_bank_marketing"
[0m23:01:39.137738 [debug] [Thread-1 (]: On model.customerdna_client1_lakehouse.stg_bank_marketing: /* {"app": "dbt", "dbt_version": "1.11.12", "profile_name": "customerdna_client1_lakehouse", "target_name": "dev", "node_id": "model.customerdna_client1_lakehouse.stg_bank_marketing"} */

      describe extended staging.stg_bank_marketing
  
[0m23:01:40.457491 [debug] [Thread-3 (]: Spark adapter: Poll status: 1, sleeping
[0m23:01:40.466397 [debug] [Thread-2 (]: Spark adapter: Poll status: 1, sleeping
[0m23:01:43.378878 [debug] [Thread-1 (]: Spark adapter: Poll status: 2, query complete
[0m23:01:43.380366 [debug] [Thread-1 (]: SQL status: OK in 4.241 seconds
[0m23:01:43.517842 [debug] [Thread-1 (]: Using spark connection "model.customerdna_client1_lakehouse.stg_bank_marketing"
[0m23:01:43.518823 [debug] [Thread-1 (]: On model.customerdna_client1_lakehouse.stg_bank_marketing: /* {"app": "dbt", "dbt_version": "1.11.12", "profile_name": "customerdna_client1_lakehouse", "target_name": "dev", "node_id": "model.customerdna_client1_lakehouse.stg_bank_marketing"} */

    
        
          alter table staging.stg_bank_marketing change column
              bank_record_id
              comment '';
        
      
  
[0m23:01:48.551833 [debug] [Thread-1 (]: Spark adapter: Poll status: 1, sleeping
[0m23:01:50.474144 [debug] [Thread-3 (]: Spark adapter: Poll status: 1, sleeping
[0m23:01:50.540568 [debug] [Thread-2 (]: Spark adapter: Poll status: 1, sleeping
[0m23:01:58.569285 [debug] [Thread-1 (]: Spark adapter: Poll status: 1, sleeping
[0m23:02:00.491165 [debug] [Thread-3 (]: Spark adapter: Poll status: 1, sleeping
[0m23:02:00.558546 [debug] [Thread-2 (]: Spark adapter: Poll status: 1, sleeping
[0m23:02:08.278860 [debug] [Thread-3 (]: Spark adapter: Poll status: 2, query complete
[0m23:02:08.280594 [debug] [Thread-3 (]: SQL status: OK in 230.436 seconds
[0m23:02:08.286228 [debug] [Thread-3 (]: Using spark connection "model.customerdna_client1_lakehouse.stg_online_shoppers_intention"
[0m23:02:08.287170 [debug] [Thread-3 (]: On model.customerdna_client1_lakehouse.stg_online_shoppers_intention: /* {"app": "dbt", "dbt_version": "1.11.12", "profile_name": "customerdna_client1_lakehouse", "target_name": "dev", "node_id": "model.customerdna_client1_lakehouse.stg_online_shoppers_intention"} */

      describe extended staging.stg_online_shoppers_intention
  
[0m23:02:08.584807 [debug] [Thread-1 (]: Spark adapter: Poll status: 1, sleeping
[0m23:02:08.794285 [debug] [Thread-3 (]: Spark adapter: Poll status: 2, query complete
[0m23:02:08.795670 [debug] [Thread-3 (]: SQL status: OK in 0.507 seconds
[0m23:02:08.865097 [debug] [Thread-2 (]: Spark adapter: Poll status: 2, query complete
[0m23:02:08.866816 [debug] [Thread-2 (]: SQL status: OK in 230.987 seconds
[0m23:02:08.873408 [debug] [Thread-2 (]: Using spark connection "model.customerdna_client1_lakehouse.stg_online_retail_2"
[0m23:02:08.875233 [debug] [Thread-2 (]: On model.customerdna_client1_lakehouse.stg_online_retail_2: /* {"app": "dbt", "dbt_version": "1.11.12", "profile_name": "customerdna_client1_lakehouse", "target_name": "dev", "node_id": "model.customerdna_client1_lakehouse.stg_online_retail_2"} */

      describe extended staging.stg_online_retail_2
  
[0m23:02:08.962896 [debug] [Thread-3 (]: Using spark connection "model.customerdna_client1_lakehouse.stg_online_shoppers_intention"
[0m23:02:08.964886 [debug] [Thread-3 (]: On model.customerdna_client1_lakehouse.stg_online_shoppers_intention: /* {"app": "dbt", "dbt_version": "1.11.12", "profile_name": "customerdna_client1_lakehouse", "target_name": "dev", "node_id": "model.customerdna_client1_lakehouse.stg_online_shoppers_intention"} */

    
        
          alter table staging.stg_online_shoppers_intention change column
              shopper_session_id
              comment '';
        
      
  
[0m23:02:09.874644 [debug] [Thread-2 (]: Spark adapter: Poll status: 2, query complete
[0m23:02:09.875805 [debug] [Thread-2 (]: SQL status: OK in 0.999 seconds
[0m23:02:10.018069 [debug] [Thread-2 (]: Using spark connection "model.customerdna_client1_lakehouse.stg_online_retail_2"
[0m23:02:10.019212 [debug] [Thread-2 (]: On model.customerdna_client1_lakehouse.stg_online_retail_2: /* {"app": "dbt", "dbt_version": "1.11.12", "profile_name": "customerdna_client1_lakehouse", "target_name": "dev", "node_id": "model.customerdna_client1_lakehouse.stg_online_retail_2"} */

    
        
          alter table staging.stg_online_retail_2 change column
              invoice_no
              comment '';
        
      
  
[0m23:02:14.000895 [debug] [Thread-3 (]: Spark adapter: Poll status: 1, sleeping
[0m23:02:15.061369 [debug] [Thread-2 (]: Spark adapter: Poll status: 1, sleeping
[0m23:02:18.604575 [debug] [Thread-1 (]: Spark adapter: Poll status: 1, sleeping
[0m23:02:24.022887 [debug] [Thread-3 (]: Spark adapter: Poll status: 1, sleeping
[0m23:02:25.087315 [debug] [Thread-2 (]: Spark adapter: Poll status: 1, sleeping
[0m23:02:27.517451 [debug] [Thread-1 (]: Spark adapter: Poll status: 2, query complete
[0m23:02:27.518607 [debug] [Thread-1 (]: SQL status: OK in 44.001 seconds
[0m23:02:27.823064 [debug] [Thread-1 (]: On model.customerdna_client1_lakehouse.stg_bank_marketing: ROLLBACK
[0m23:02:27.824642 [debug] [Thread-1 (]: Spark adapter: NotImplemented: rollback
[0m23:02:27.825453 [debug] [Thread-1 (]: On model.customerdna_client1_lakehouse.stg_bank_marketing: Close
[0m23:02:29.097407 [debug] [Thread-3 (]: Spark adapter: Poll status: 2, query complete
[0m23:02:29.099921 [debug] [Thread-3 (]: SQL status: OK in 20.133 seconds
[0m23:02:29.132725 [debug] [Thread-3 (]: On model.customerdna_client1_lakehouse.stg_online_shoppers_intention: ROLLBACK
[0m23:02:29.133794 [debug] [Thread-3 (]: Spark adapter: NotImplemented: rollback
[0m23:02:29.134568 [debug] [Thread-3 (]: On model.customerdna_client1_lakehouse.stg_online_shoppers_intention: Close
[0m23:02:31.861951 [debug] [Thread-2 (]: Spark adapter: Poll status: 2, query complete
[0m23:02:31.863133 [debug] [Thread-2 (]: SQL status: OK in 21.843 seconds
[0m23:02:31.960954 [debug] [Thread-2 (]: On model.customerdna_client1_lakehouse.stg_online_retail_2: ROLLBACK
[0m23:02:31.962569 [debug] [Thread-2 (]: Spark adapter: NotImplemented: rollback
[0m23:02:31.964134 [debug] [Thread-2 (]: On model.customerdna_client1_lakehouse.stg_online_retail_2: Close
[0m23:02:33.033167 [debug] [Thread-3 (]: Sending event: {'category': 'dbt', 'action': 'run_model', 'label': 'bd262e1c-d07e-4227-8935-251ad3b2bcc3', 'context': [<snowplow_tracker.self_describing_json.SelfDescribingJson object at 0x7946b478e610>]}
[0m23:02:33.035429 [info ] [Thread-3 (]: 3 of 10 OK created sql table model staging.stg_online_shoppers_intention ....... [[32mOK[0m in 255.99s]
[0m23:02:33.037120 [debug] [Thread-3 (]: Finished running node model.customerdna_client1_lakehouse.stg_online_shoppers_intention
[0m23:02:33.039408 [debug] [Thread-4 (]: Began running node model.customerdna_client1_lakehouse.int_online_shopper_sessions
[0m23:02:33.040906 [info ] [Thread-4 (]: 4 of 10 START sql table model intermediate.int_online_shopper_sessions ......... [RUN]
[0m23:02:33.043315 [debug] [Thread-4 (]: Acquiring new spark connection 'model.customerdna_client1_lakehouse.int_online_shopper_sessions'
[0m23:02:33.044321 [debug] [Thread-1 (]: Sending event: {'category': 'dbt', 'action': 'run_model', 'label': 'bd262e1c-d07e-4227-8935-251ad3b2bcc3', 'context': [<snowplow_tracker.self_describing_json.SelfDescribingJson object at 0x7946b6a523d0>]}
[0m23:02:33.045569 [debug] [Thread-2 (]: Sending event: {'category': 'dbt', 'action': 'run_model', 'label': 'bd262e1c-d07e-4227-8935-251ad3b2bcc3', 'context': [<snowplow_tracker.self_describing_json.SelfDescribingJson object at 0x7946b6ad7810>]}
[0m23:02:33.047363 [debug] [Thread-4 (]: Began compiling node model.customerdna_client1_lakehouse.int_online_shopper_sessions
[0m23:02:33.048971 [info ] [Thread-1 (]: 1 of 10 OK created sql table model staging.stg_bank_marketing .................. [[32mOK[0m in 256.00s]
[0m23:02:33.050324 [info ] [Thread-2 (]: 2 of 10 OK created sql table model staging.stg_online_retail_2 ................. [[32mOK[0m in 256.00s]
[0m23:02:33.054712 [debug] [Thread-4 (]: Writing injected SQL for node "model.customerdna_client1_lakehouse.int_online_shopper_sessions"
[0m23:02:33.055957 [debug] [Thread-1 (]: Finished running node model.customerdna_client1_lakehouse.stg_bank_marketing
[0m23:02:33.057112 [debug] [Thread-2 (]: Finished running node model.customerdna_client1_lakehouse.stg_online_retail_2
[0m23:02:33.058901 [debug] [Thread-3 (]: Began running node model.customerdna_client1_lakehouse.int_bank_marketing_contacts
[0m23:02:33.060250 [debug] [Thread-2 (]: Began running node model.customerdna_client1_lakehouse.analytics_sales_performance
[0m23:02:33.061459 [debug] [Thread-1 (]: Began running node model.customerdna_client1_lakehouse.int_online_retail_customer_sales
[0m23:02:33.062487 [info ] [Thread-3 (]: 5 of 10 START sql table model intermediate.int_bank_marketing_contacts ......... [RUN]
[0m23:02:33.063675 [info ] [Thread-2 (]: 6 of 10 START sql table model analytics.analytics_sales_performance ............ [RUN]
[0m23:02:33.065062 [info ] [Thread-1 (]: 7 of 10 START sql table model intermediate.int_online_retail_customer_sales .... [RUN]
[0m23:02:33.066346 [debug] [Thread-3 (]: Re-using an available connection from the pool (formerly model.customerdna_client1_lakehouse.stg_online_shoppers_intention, now model.customerdna_client1_lakehouse.int_bank_marketing_contacts)
[0m23:02:33.067890 [debug] [Thread-2 (]: Re-using an available connection from the pool (formerly model.customerdna_client1_lakehouse.stg_online_retail_2, now model.customerdna_client1_lakehouse.analytics_sales_performance)
[0m23:02:33.069472 [debug] [Thread-1 (]: Re-using an available connection from the pool (formerly model.customerdna_client1_lakehouse.stg_bank_marketing, now model.customerdna_client1_lakehouse.int_online_retail_customer_sales)
[0m23:02:33.070222 [debug] [Thread-4 (]: Began executing node model.customerdna_client1_lakehouse.int_online_shopper_sessions
[0m23:02:33.071072 [debug] [Thread-3 (]: Began compiling node model.customerdna_client1_lakehouse.int_bank_marketing_contacts
[0m23:02:33.072603 [debug] [Thread-2 (]: Began compiling node model.customerdna_client1_lakehouse.analytics_sales_performance
[0m23:02:33.074915 [debug] [Thread-1 (]: Began compiling node model.customerdna_client1_lakehouse.int_online_retail_customer_sales
[0m23:02:33.085040 [debug] [Thread-4 (]: Using spark connection "model.customerdna_client1_lakehouse.int_online_shopper_sessions"
[0m23:02:33.088441 [debug] [Thread-3 (]: Writing injected SQL for node "model.customerdna_client1_lakehouse.int_bank_marketing_contacts"
[0m23:02:33.091945 [debug] [Thread-2 (]: Writing injected SQL for node "model.customerdna_client1_lakehouse.analytics_sales_performance"
[0m23:02:33.097738 [debug] [Thread-1 (]: Writing injected SQL for node "model.customerdna_client1_lakehouse.int_online_retail_customer_sales"
[0m23:02:33.098645 [debug] [Thread-4 (]: On model.customerdna_client1_lakehouse.int_online_shopper_sessions: /* {"app": "dbt", "dbt_version": "1.11.12", "profile_name": "customerdna_client1_lakehouse", "target_name": "dev", "node_id": "model.customerdna_client1_lakehouse.int_online_shopper_sessions"} */
drop table if exists intermediate.int_online_shopper_sessions
[0m23:02:33.101734 [debug] [Thread-4 (]: Opening a new connection, currently in state init
[0m23:02:33.104586 [debug] [Thread-3 (]: Began executing node model.customerdna_client1_lakehouse.int_bank_marketing_contacts
[0m23:02:33.105766 [debug] [Thread-1 (]: Began executing node model.customerdna_client1_lakehouse.int_online_retail_customer_sales
[0m23:02:33.112241 [debug] [Thread-2 (]: Began executing node model.customerdna_client1_lakehouse.analytics_sales_performance
[0m23:02:33.112855 [debug] [Thread-3 (]: Using spark connection "model.customerdna_client1_lakehouse.int_bank_marketing_contacts"
[0m23:02:33.117934 [debug] [Thread-1 (]: Using spark connection "model.customerdna_client1_lakehouse.int_online_retail_customer_sales"
[0m23:02:33.123244 [debug] [Thread-2 (]: Using spark connection "model.customerdna_client1_lakehouse.analytics_sales_performance"
[0m23:02:33.124233 [debug] [Thread-3 (]: On model.customerdna_client1_lakehouse.int_bank_marketing_contacts: /* {"app": "dbt", "dbt_version": "1.11.12", "profile_name": "customerdna_client1_lakehouse", "target_name": "dev", "node_id": "model.customerdna_client1_lakehouse.int_bank_marketing_contacts"} */
drop table if exists intermediate.int_bank_marketing_contacts
[0m23:02:33.125217 [debug] [Thread-1 (]: On model.customerdna_client1_lakehouse.int_online_retail_customer_sales: /* {"app": "dbt", "dbt_version": "1.11.12", "profile_name": "customerdna_client1_lakehouse", "target_name": "dev", "node_id": "model.customerdna_client1_lakehouse.int_online_retail_customer_sales"} */
drop table if exists intermediate.int_online_retail_customer_sales
[0m23:02:33.126113 [debug] [Thread-2 (]: On model.customerdna_client1_lakehouse.analytics_sales_performance: /* {"app": "dbt", "dbt_version": "1.11.12", "profile_name": "customerdna_client1_lakehouse", "target_name": "dev", "node_id": "model.customerdna_client1_lakehouse.analytics_sales_performance"} */
drop table if exists analytics.analytics_sales_performance
[0m23:02:33.127038 [debug] [Thread-3 (]: Opening a new connection, currently in state closed
[0m23:02:33.127968 [debug] [Thread-1 (]: Opening a new connection, currently in state closed
[0m23:02:33.128922 [debug] [Thread-2 (]: Opening a new connection, currently in state closed
[0m23:02:33.800353 [debug] [Thread-2 (]: Spark adapter: Poll status: 2, query complete
[0m23:02:33.801543 [debug] [Thread-2 (]: SQL status: OK in 0.673 seconds
[0m23:02:33.806196 [debug] [Thread-2 (]: Writing runtime sql for node "model.customerdna_client1_lakehouse.analytics_sales_performance"
[0m23:02:33.826420 [debug] [Thread-2 (]: Spark adapter: NotImplemented: add_begin_query
[0m23:02:33.827456 [debug] [Thread-2 (]: Using spark connection "model.customerdna_client1_lakehouse.analytics_sales_performance"
[0m23:02:33.828450 [debug] [Thread-2 (]: On model.customerdna_client1_lakehouse.analytics_sales_performance: /* {"app": "dbt", "dbt_version": "1.11.12", "profile_name": "customerdna_client1_lakehouse", "target_name": "dev", "node_id": "model.customerdna_client1_lakehouse.analytics_sales_performance"} */

  
    
        create or replace table analytics.analytics_sales_performance
      
      
    using iceberg
      
      
      
      
      
      comment 'Final country-month sales mart for Online Retail II.'
      

      as
      select
    country,
    date_trunc('month', invoice_timestamp) as sales_month,
    count(distinct invoice_no) as invoice_count,
    count(distinct customer_id) as active_customers,
    sum(quantity) as net_quantity,
    round(sum(line_amount), 2) as net_revenue,
    round(sum(case when not is_return then line_amount else 0 end), 2) as gross_sales_value,
    round(abs(sum(case when is_return then line_amount else 0 end)), 2) as returned_sales_value,
    round(avg(case when not is_return then unit_price end), 2) as average_unit_price
from staging.stg_online_retail_2
where invoice_timestamp is not null
group by 1, 2
  
[0m23:02:34.274867 [debug] [Thread-1 (]: Spark adapter: Poll status: 2, query complete
[0m23:02:34.276549 [debug] [Thread-1 (]: SQL status: OK in 1.149 seconds
[0m23:02:34.280154 [debug] [Thread-1 (]: Writing runtime sql for node "model.customerdna_client1_lakehouse.int_online_retail_customer_sales"
[0m23:02:34.300570 [debug] [Thread-1 (]: Spark adapter: NotImplemented: add_begin_query
[0m23:02:34.301778 [debug] [Thread-1 (]: Using spark connection "model.customerdna_client1_lakehouse.int_online_retail_customer_sales"
[0m23:02:34.302869 [debug] [Thread-1 (]: On model.customerdna_client1_lakehouse.int_online_retail_customer_sales: /* {"app": "dbt", "dbt_version": "1.11.12", "profile_name": "customerdna_client1_lakehouse", "target_name": "dev", "node_id": "model.customerdna_client1_lakehouse.int_online_retail_customer_sales"} */

  
    
        create or replace table intermediate.int_online_retail_customer_sales
      
      
    using iceberg
      
      
      
      
      
      comment 'Customer-level retail sales, recency, and monetary metrics.'
      

      as
      with source as (
    select *
    from staging.stg_online_retail_2
    where customer_id is not null
),
customer_sales as (
    select
        customer_id,
        min(country) as primary_country,
        count(distinct invoice_no) as invoice_count,
        count(distinct case when not is_return then invoice_no end) as completed_invoice_count,
        count(distinct stock_code) as distinct_product_count,
        sum(quantity) as net_quantity,
        sum(case when quantity > 0 then quantity else 0 end) as sold_quantity,
        sum(case when quantity < 0 then abs(quantity) else 0 end) as returned_quantity,
        round(sum(line_amount), 2) as net_revenue,
        round(sum(case when not is_return then line_amount else 0 end), 2) as gross_sales_value,
        round(abs(sum(case when is_return then line_amount else 0 end)), 2) as returned_sales_value,
        round(avg(case when not is_return then line_amount end), 2) as average_invoice_line_amount,
        min(invoice_timestamp) as first_order_timestamp,
        max(invoice_timestamp) as last_order_timestamp,
        count(distinct country) as countries_served_count,
        sum(case when is_return then 1 else 0 end) as return_line_count
    from source
    group by customer_id
),
global_snapshot as (
    select max(invoice_timestamp) as snapshot_timestamp
    from source
)

select
    s.customer_id,
    s.primary_country,
    s.invoice_count,
    s.completed_invoice_count,
    s.distinct_product_count,
    s.net_quantity,
    s.sold_quantity,
    s.returned_quantity,
    s.net_revenue,
    s.gross_sales_value,
    s.returned_sales_value,
    s.average_invoice_line_amount,
    s.first_order_timestamp,
    s.last_order_timestamp,
    s.countries_served_count,
    s.return_line_count,
    datediff(to_date(g.snapshot_timestamp), to_date(s.last_order_timestamp)) as recency_days,
    datediff(to_date(s.last_order_timestamp), to_date(s.first_order_timestamp)) as customer_active_span_days,
    round(
        case
            when s.completed_invoice_count > 0 then s.net_revenue / s.completed_invoice_count
            else null
        end,
        2
    ) as average_order_value
from customer_sales s
cross join global_snapshot g
  
[0m23:02:34.393150 [debug] [Thread-4 (]: Spark adapter: Poll status: 2, query complete
[0m23:02:34.394444 [debug] [Thread-4 (]: SQL status: OK in 1.293 seconds
[0m23:02:34.397184 [debug] [Thread-4 (]: Writing runtime sql for node "model.customerdna_client1_lakehouse.int_online_shopper_sessions"
[0m23:02:34.402939 [debug] [Thread-4 (]: Spark adapter: NotImplemented: add_begin_query
[0m23:02:34.403779 [debug] [Thread-4 (]: Using spark connection "model.customerdna_client1_lakehouse.int_online_shopper_sessions"
[0m23:02:34.404535 [debug] [Thread-4 (]: On model.customerdna_client1_lakehouse.int_online_shopper_sessions: /* {"app": "dbt", "dbt_version": "1.11.12", "profile_name": "customerdna_client1_lakehouse", "target_name": "dev", "node_id": "model.customerdna_client1_lakehouse.int_online_shopper_sessions"} */

  
    
        create or replace table intermediate.int_online_shopper_sessions
      
      
    using iceberg
      
      
      
      
      
      comment 'Session-level engagement features for digital intent analysis.'
      

      as
      select
    shopper_session_id,
    session_month,
    visitor_type,
    operating_system_id,
    browser_id,
    region_id,
    traffic_type_id,
    is_weekend_session,
    converted_in_session_flag,
    administrative_page_count,
    informational_page_count,
    product_related_page_count,
    administrative_duration_seconds,
    informational_duration_seconds,
    product_related_duration_seconds,
    bounce_rate,
    exit_rate,
    page_value_score,
    special_day_score,
    coalesce(administrative_page_count, 0) +
    coalesce(informational_page_count, 0) +
    coalesce(product_related_page_count, 0) as total_page_touchpoints,
    round(
        coalesce(administrative_duration_seconds, 0.0) +
        coalesce(informational_duration_seconds, 0.0) +
        coalesce(product_related_duration_seconds, 0.0),
        2
    ) as total_session_duration_seconds,
    round(
        coalesce(product_related_page_count, 0) * 1.0 +
        coalesce(page_value_score, 0.0) * 0.15 +
        (
            coalesce(administrative_duration_seconds, 0.0) +
            coalesce(informational_duration_seconds, 0.0) +
            coalesce(product_related_duration_seconds, 0.0)
        ) / 300.0 -
        coalesce(bounce_rate, 0.0) * 50.0 -
        coalesce(exit_rate, 0.0) * 25.0 +
        case when converted_in_session_flag then 10.0 else 0.0 end,
        2
    ) as engagement_score,
    case
        when converted_in_session_flag then 'converted'
        when coalesce(page_value_score, 0.0) >= 25 then 'high_intent'
        when coalesce(product_related_page_count, 0) >= 20 then 'researching'
        else 'browsing'
    end as lifecycle_stage,
    case
        when not coalesce(converted_in_session_flag, false)
            and coalesce(exit_rate, 0.0) >= 0.15
            and coalesce(bounce_rate, 0.0) >= 0.05 then true
        else false
    end as retention_risk_flag
from staging.stg_online_shoppers_intention
  
[0m23:02:34.418724 [debug] [Thread-3 (]: Spark adapter: Poll status: 2, query complete
[0m23:02:34.419753 [debug] [Thread-3 (]: SQL status: OK in 1.293 seconds
[0m23:02:34.421872 [debug] [Thread-3 (]: Writing runtime sql for node "model.customerdna_client1_lakehouse.int_bank_marketing_contacts"
[0m23:02:34.426355 [debug] [Thread-3 (]: Spark adapter: NotImplemented: add_begin_query
[0m23:02:34.427186 [debug] [Thread-3 (]: Using spark connection "model.customerdna_client1_lakehouse.int_bank_marketing_contacts"
[0m23:02:34.428086 [debug] [Thread-3 (]: On model.customerdna_client1_lakehouse.int_bank_marketing_contacts: /* {"app": "dbt", "dbt_version": "1.11.12", "profile_name": "customerdna_client1_lakehouse", "target_name": "dev", "node_id": "model.customerdna_client1_lakehouse.int_bank_marketing_contacts"} */

  
    
        create or replace table intermediate.int_bank_marketing_contacts
      
      
    using iceberg
      
      
      
      
      
      comment 'Enriched outbound contact records with stable conversion and risk-oriented features.'
      

      as
      select
    bank_record_id,
    age,
    job,
    marital_status,
    education_level,
    has_credit_default,
    has_housing_loan,
    has_personal_loan,
    contact_channel,
    contact_month,
    contact_day_of_week,
    call_duration_seconds,
    contact_attempt_count,
    prior_contact_gap_days,
    had_prior_contact,
    previous_contact_count,
    previous_campaign_outcome,
    employment_variation_rate,
    consumer_price_index,
    consumer_confidence_index,
    euribor_3m_rate,
    employee_count,
    subscribed_term_deposit_flag,
    round(
        coalesce(call_duration_seconds, 0) / 60.0 +
        coalesce(contact_attempt_count, 0) * 0.5 +
        coalesce(previous_contact_count, 0) * 0.75 +
        case when subscribed_term_deposit_flag then 5.0 else 0.0 end,
        2
    ) as engagement_score,
    case
        when subscribed_term_deposit_flag then 'converted'
        when previous_campaign_outcome = 'success' then 'warm_lead'
        when had_prior_contact then 'nurture'
        else 'new_lead'
    end as lifecycle_stage,
    case
        when not coalesce(subscribed_term_deposit_flag, false)
            and coalesce(contact_attempt_count, 0) >= 5 then true
        when previous_campaign_outcome = 'failure'
            and coalesce(contact_attempt_count, 0) >= 3 then true
        else false
    end as retention_risk_flag,
    case
        when subscribed_term_deposit_flag then 1.0
        else 0.0
    end as conversion_value
from staging.stg_bank_marketing
  
[0m23:02:38.920986 [debug] [Thread-2 (]: Spark adapter: Poll status: 1, sleeping
[0m23:02:39.392182 [debug] [Thread-1 (]: Spark adapter: Poll status: 1, sleeping
[0m23:02:39.456748 [debug] [Thread-4 (]: Spark adapter: Poll status: 1, sleeping
[0m23:02:39.471932 [debug] [Thread-3 (]: Spark adapter: Poll status: 1, sleeping
[0m23:02:48.938010 [debug] [Thread-2 (]: Spark adapter: Poll status: 1, sleeping
[0m23:02:49.409103 [debug] [Thread-1 (]: Spark adapter: Poll status: 1, sleeping
[0m23:02:49.477678 [debug] [Thread-4 (]: Spark adapter: Poll status: 1, sleeping
[0m23:02:49.512234 [debug] [Thread-3 (]: Spark adapter: Poll status: 1, sleeping
[0m23:02:58.954337 [debug] [Thread-2 (]: Spark adapter: Poll status: 1, sleeping
[0m23:02:59.425861 [debug] [Thread-1 (]: Spark adapter: Poll status: 1, sleeping
[0m23:02:59.494051 [debug] [Thread-4 (]: Spark adapter: Poll status: 1, sleeping
[0m23:02:59.528819 [debug] [Thread-3 (]: Spark adapter: Poll status: 1, sleeping
[0m23:03:04.603847 [debug] [Thread-3 (]: Spark adapter: Poll status: 2, query complete
[0m23:03:04.604909 [debug] [Thread-3 (]: SQL status: OK in 30.179 seconds
[0m23:03:04.608898 [debug] [Thread-3 (]: Using spark connection "model.customerdna_client1_lakehouse.int_bank_marketing_contacts"
[0m23:03:04.610766 [debug] [Thread-3 (]: On model.customerdna_client1_lakehouse.int_bank_marketing_contacts: /* {"app": "dbt", "dbt_version": "1.11.12", "profile_name": "customerdna_client1_lakehouse", "target_name": "dev", "node_id": "model.customerdna_client1_lakehouse.int_bank_marketing_contacts"} */

      describe extended intermediate.int_bank_marketing_contacts
  
[0m23:03:06.676002 [debug] [Thread-3 (]: Spark adapter: Poll status: 2, query complete
[0m23:03:06.677597 [debug] [Thread-3 (]: SQL status: OK in 2.066 seconds
[0m23:03:06.901068 [debug] [Thread-3 (]: Using spark connection "model.customerdna_client1_lakehouse.int_bank_marketing_contacts"
[0m23:03:06.902526 [debug] [Thread-3 (]: On model.customerdna_client1_lakehouse.int_bank_marketing_contacts: /* {"app": "dbt", "dbt_version": "1.11.12", "profile_name": "customerdna_client1_lakehouse", "target_name": "dev", "node_id": "model.customerdna_client1_lakehouse.int_bank_marketing_contacts"} */

    
        
          alter table intermediate.int_bank_marketing_contacts change column
              bank_record_id
              comment '';
        
      
  
[0m23:03:07.882535 [debug] [Thread-4 (]: Spark adapter: Poll status: 2, query complete
[0m23:03:07.883926 [debug] [Thread-4 (]: SQL status: OK in 33.482 seconds
[0m23:03:07.891628 [debug] [Thread-4 (]: Using spark connection "model.customerdna_client1_lakehouse.int_online_shopper_sessions"
[0m23:03:07.892875 [debug] [Thread-4 (]: On model.customerdna_client1_lakehouse.int_online_shopper_sessions: /* {"app": "dbt", "dbt_version": "1.11.12", "profile_name": "customerdna_client1_lakehouse", "target_name": "dev", "node_id": "model.customerdna_client1_lakehouse.int_online_shopper_sessions"} */

      describe extended intermediate.int_online_shopper_sessions
  
[0m23:03:08.890108 [debug] [Thread-4 (]: Spark adapter: Poll status: 2, query complete
[0m23:03:08.891766 [debug] [Thread-4 (]: SQL status: OK in 0.998 seconds
[0m23:03:08.969820 [debug] [Thread-2 (]: Spark adapter: Poll status: 1, sleeping
[0m23:03:09.014244 [debug] [Thread-4 (]: Using spark connection "model.customerdna_client1_lakehouse.int_online_shopper_sessions"
[0m23:03:09.015625 [debug] [Thread-4 (]: On model.customerdna_client1_lakehouse.int_online_shopper_sessions: /* {"app": "dbt", "dbt_version": "1.11.12", "profile_name": "customerdna_client1_lakehouse", "target_name": "dev", "node_id": "model.customerdna_client1_lakehouse.int_online_shopper_sessions"} */

    
        
          alter table intermediate.int_online_shopper_sessions change column
              shopper_session_id
              comment '';
        
      
  
[0m23:03:09.091907 [debug] [Thread-3 (]: Spark adapter: Poll status: 2, query complete
[0m23:03:09.094511 [debug] [Thread-3 (]: SQL status: OK in 2.190 seconds
[0m23:03:09.183650 [debug] [Thread-3 (]: On model.customerdna_client1_lakehouse.int_bank_marketing_contacts: ROLLBACK
[0m23:03:09.184608 [debug] [Thread-3 (]: Spark adapter: NotImplemented: rollback
[0m23:03:09.185575 [debug] [Thread-3 (]: On model.customerdna_client1_lakehouse.int_bank_marketing_contacts: Close
[0m23:03:09.440389 [debug] [Thread-1 (]: Spark adapter: Poll status: 1, sleeping
[0m23:03:09.529661 [debug] [Thread-3 (]: Sending event: {'category': 'dbt', 'action': 'run_model', 'label': 'bd262e1c-d07e-4227-8935-251ad3b2bcc3', 'context': [<snowplow_tracker.self_describing_json.SelfDescribingJson object at 0x7946b6d10150>]}
[0m23:03:09.531324 [info ] [Thread-3 (]: 5 of 10 OK created sql table model intermediate.int_bank_marketing_contacts .... [[32mOK[0m in 36.46s]
[0m23:03:09.532752 [debug] [Thread-3 (]: Finished running node model.customerdna_client1_lakehouse.int_bank_marketing_contacts
[0m23:03:10.524922 [debug] [Thread-4 (]: Spark adapter: Poll status: 2, query complete
[0m23:03:10.526633 [debug] [Thread-4 (]: SQL status: OK in 1.510 seconds
[0m23:03:10.584507 [debug] [Thread-4 (]: On model.customerdna_client1_lakehouse.int_online_shopper_sessions: ROLLBACK
[0m23:03:10.585402 [debug] [Thread-4 (]: Spark adapter: NotImplemented: rollback
[0m23:03:10.587169 [debug] [Thread-4 (]: On model.customerdna_client1_lakehouse.int_online_shopper_sessions: Close
[0m23:03:10.655327 [debug] [Thread-4 (]: Sending event: {'category': 'dbt', 'action': 'run_model', 'label': 'bd262e1c-d07e-4227-8935-251ad3b2bcc3', 'context': [<snowplow_tracker.self_describing_json.SelfDescribingJson object at 0x7946b6bb4310>]}
[0m23:03:10.656607 [info ] [Thread-4 (]: 4 of 10 OK created sql table model intermediate.int_online_shopper_sessions .... [[32mOK[0m in 37.61s]
[0m23:03:10.657733 [debug] [Thread-4 (]: Finished running node model.customerdna_client1_lakehouse.int_online_shopper_sessions
[0m23:03:10.659045 [debug] [Thread-3 (]: Began running node model.customerdna_client1_lakehouse.analytics_conversion_performance
[0m23:03:10.660481 [info ] [Thread-3 (]: 8 of 10 START sql table model analytics.analytics_conversion_performance ....... [RUN]
[0m23:03:10.661601 [debug] [Thread-3 (]: Re-using an available connection from the pool (formerly model.customerdna_client1_lakehouse.int_bank_marketing_contacts, now model.customerdna_client1_lakehouse.analytics_conversion_performance)
[0m23:03:10.662435 [debug] [Thread-3 (]: Began compiling node model.customerdna_client1_lakehouse.analytics_conversion_performance
[0m23:03:10.666473 [debug] [Thread-3 (]: Writing injected SQL for node "model.customerdna_client1_lakehouse.analytics_conversion_performance"
[0m23:03:10.683121 [debug] [Thread-3 (]: Began executing node model.customerdna_client1_lakehouse.analytics_conversion_performance
[0m23:03:10.688286 [debug] [Thread-3 (]: Using spark connection "model.customerdna_client1_lakehouse.analytics_conversion_performance"
[0m23:03:10.689250 [debug] [Thread-3 (]: On model.customerdna_client1_lakehouse.analytics_conversion_performance: /* {"app": "dbt", "dbt_version": "1.11.12", "profile_name": "customerdna_client1_lakehouse", "target_name": "dev", "node_id": "model.customerdna_client1_lakehouse.analytics_conversion_performance"} */
drop table if exists analytics.analytics_conversion_performance
[0m23:03:10.690075 [debug] [Thread-3 (]: Opening a new connection, currently in state closed
[0m23:03:11.242924 [debug] [Thread-3 (]: Spark adapter: Poll status: 2, query complete
[0m23:03:11.244129 [debug] [Thread-3 (]: SQL status: OK in 0.554 seconds
[0m23:03:11.250003 [debug] [Thread-3 (]: Writing runtime sql for node "model.customerdna_client1_lakehouse.analytics_conversion_performance"
[0m23:03:11.254798 [debug] [Thread-3 (]: Spark adapter: NotImplemented: add_begin_query
[0m23:03:11.255964 [debug] [Thread-3 (]: Using spark connection "model.customerdna_client1_lakehouse.analytics_conversion_performance"
[0m23:03:11.256780 [debug] [Thread-3 (]: On model.customerdna_client1_lakehouse.analytics_conversion_performance: /* {"app": "dbt", "dbt_version": "1.11.12", "profile_name": "customerdna_client1_lakehouse", "target_name": "dev", "node_id": "model.customerdna_client1_lakehouse.analytics_conversion_performance"} */

  
    
        create or replace table analytics.analytics_conversion_performance
      
      
    using iceberg
      
      
      
      
      
      comment 'Final conversion performance mart for campaign and digital-intent sources.'
      

      as
      with bank_performance as (
    select
        'bank_marketing' as source_system,
        contact_month as period_label,
        contact_channel as channel_label,
        count(*) as entity_count,
        sum(case when subscribed_term_deposit_flag then 1 else 0 end) as conversion_count,
        round(avg(engagement_score), 2) as average_engagement_score,
        round(avg(conversion_value), 2) as average_monetary_value
    from intermediate.int_bank_marketing_contacts
    group by 1, 2, 3
),
shopper_performance as (
    select
        'online_shoppers_intention' as source_system,
        session_month as period_label,
        concat('traffic_', cast(traffic_type_id as string)) as channel_label,
        count(*) as entity_count,
        sum(case when converted_in_session_flag then 1 else 0 end) as conversion_count,
        round(avg(engagement_score), 2) as average_engagement_score,
        round(avg(page_value_score), 2) as average_monetary_value
    from intermediate.int_online_shopper_sessions
    group by 1, 2, 3
)

select
    source_system,
    period_label,
    channel_label,
    entity_count,
    conversion_count,
    round(
        case
            when entity_count > 0 then conversion_count / entity_count
            else 0
        end,
        4
    ) as conversion_rate,
    average_engagement_score,
    average_monetary_value
from bank_performance

union all

select
    source_system,
    period_label,
    channel_label,
    entity_count,
    conversion_count,
    round(
        case
            when entity_count > 0 then conversion_count / entity_count
            else 0
        end,
        4
    ) as conversion_rate,
    average_engagement_score,
    average_monetary_value
from shopper_performance
  
[0m23:03:16.373581 [debug] [Thread-3 (]: Spark adapter: Poll status: 1, sleeping
[0m23:03:19.527325 [debug] [Thread-2 (]: Spark adapter: Poll status: 1, sleeping
[0m23:03:19.585274 [debug] [Thread-1 (]: Spark adapter: Poll status: 1, sleeping
[0m23:03:26.390667 [debug] [Thread-3 (]: Spark adapter: Poll status: 1, sleeping
[0m23:03:29.543581 [debug] [Thread-2 (]: Spark adapter: Poll status: 1, sleeping
[0m23:03:29.603908 [debug] [Thread-1 (]: Spark adapter: Poll status: 1, sleeping
[0m23:03:36.404307 [debug] [Thread-3 (]: Spark adapter: Poll status: 1, sleeping
[0m23:03:39.616592 [debug] [Thread-2 (]: Spark adapter: Poll status: 1, sleeping
[0m23:03:39.628834 [debug] [Thread-1 (]: Spark adapter: Poll status: 1, sleeping
[0m23:03:46.421279 [debug] [Thread-3 (]: Spark adapter: Poll status: 1, sleeping
[0m23:03:49.633883 [debug] [Thread-2 (]: Spark adapter: Poll status: 1, sleeping
[0m23:03:49.693940 [debug] [Thread-1 (]: Spark adapter: Poll status: 1, sleeping
[0m23:03:51.447017 [debug] [Thread-3 (]: Spark adapter: Poll status: 2, query complete
[0m23:03:51.451280 [debug] [Thread-3 (]: SQL status: OK in 40.196 seconds
[0m23:03:51.458578 [debug] [Thread-3 (]: On model.customerdna_client1_lakehouse.analytics_conversion_performance: ROLLBACK
[0m23:03:51.459852 [debug] [Thread-3 (]: Spark adapter: NotImplemented: rollback
[0m23:03:51.461354 [debug] [Thread-3 (]: On model.customerdna_client1_lakehouse.analytics_conversion_performance: Close
[0m23:03:51.918325 [debug] [Thread-3 (]: Sending event: {'category': 'dbt', 'action': 'run_model', 'label': 'bd262e1c-d07e-4227-8935-251ad3b2bcc3', 'context': [<snowplow_tracker.self_describing_json.SelfDescribingJson object at 0x7946b736ea50>]}
[0m23:03:51.919780 [info ] [Thread-3 (]: 8 of 10 OK created sql table model analytics.analytics_conversion_performance .. [[32mOK[0m in 41.26s]
[0m23:03:51.921003 [debug] [Thread-3 (]: Finished running node model.customerdna_client1_lakehouse.analytics_conversion_performance
[0m23:03:54.655936 [debug] [Thread-2 (]: Spark adapter: Poll status: 2, query complete
[0m23:03:54.657316 [debug] [Thread-2 (]: SQL status: OK in 80.834 seconds
[0m23:03:54.660092 [debug] [Thread-2 (]: On model.customerdna_client1_lakehouse.analytics_sales_performance: ROLLBACK
[0m23:03:54.661389 [debug] [Thread-2 (]: Spark adapter: NotImplemented: rollback
[0m23:03:54.662402 [debug] [Thread-2 (]: On model.customerdna_client1_lakehouse.analytics_sales_performance: Close
[0m23:03:55.090606 [debug] [Thread-2 (]: Sending event: {'category': 'dbt', 'action': 'run_model', 'label': 'bd262e1c-d07e-4227-8935-251ad3b2bcc3', 'context': [<snowplow_tracker.self_describing_json.SelfDescribingJson object at 0x7946b6c26d10>]}
[0m23:03:55.091946 [info ] [Thread-2 (]: 6 of 10 OK created sql table model analytics.analytics_sales_performance ....... [[32mOK[0m in 82.02s]
[0m23:03:55.093290 [debug] [Thread-2 (]: Finished running node model.customerdna_client1_lakehouse.analytics_sales_performance
[0m23:03:59.711573 [debug] [Thread-1 (]: Spark adapter: Poll status: 1, sleeping
[0m23:04:09.726889 [debug] [Thread-1 (]: Spark adapter: Poll status: 1, sleeping
[0m23:04:19.798420 [debug] [Thread-1 (]: Spark adapter: Poll status: 1, sleeping
[0m23:04:27.338902 [debug] [Thread-1 (]: Spark adapter: Poll status: 2, query complete
[0m23:04:27.340130 [debug] [Thread-1 (]: SQL status: OK in 113.044 seconds
[0m23:04:27.344716 [debug] [Thread-1 (]: Using spark connection "model.customerdna_client1_lakehouse.int_online_retail_customer_sales"
[0m23:04:27.345904 [debug] [Thread-1 (]: On model.customerdna_client1_lakehouse.int_online_retail_customer_sales: /* {"app": "dbt", "dbt_version": "1.11.12", "profile_name": "customerdna_client1_lakehouse", "target_name": "dev", "node_id": "model.customerdna_client1_lakehouse.int_online_retail_customer_sales"} */

      describe extended intermediate.int_online_retail_customer_sales
  
[0m23:04:29.834056 [debug] [Thread-1 (]: Spark adapter: Poll status: 2, query complete
[0m23:04:29.835119 [debug] [Thread-1 (]: SQL status: OK in 2.488 seconds
[0m23:04:29.956825 [debug] [Thread-1 (]: Using spark connection "model.customerdna_client1_lakehouse.int_online_retail_customer_sales"
[0m23:04:29.957949 [debug] [Thread-1 (]: On model.customerdna_client1_lakehouse.int_online_retail_customer_sales: /* {"app": "dbt", "dbt_version": "1.11.12", "profile_name": "customerdna_client1_lakehouse", "target_name": "dev", "node_id": "model.customerdna_client1_lakehouse.int_online_retail_customer_sales"} */

    
        
          alter table intermediate.int_online_retail_customer_sales change column
              customer_id
              comment '';
        
      
  
[0m23:04:34.989296 [debug] [Thread-1 (]: Spark adapter: Poll status: 1, sleeping
[0m23:04:40.006993 [debug] [Thread-1 (]: Spark adapter: Poll status: 2, query complete
[0m23:04:40.008389 [debug] [Thread-1 (]: SQL status: OK in 10.052 seconds
[0m23:04:40.065394 [debug] [Thread-1 (]: On model.customerdna_client1_lakehouse.int_online_retail_customer_sales: ROLLBACK
[0m23:04:40.066434 [debug] [Thread-1 (]: Spark adapter: NotImplemented: rollback
[0m23:04:40.067433 [debug] [Thread-1 (]: On model.customerdna_client1_lakehouse.int_online_retail_customer_sales: Close
[0m23:04:40.193922 [debug] [Thread-1 (]: Sending event: {'category': 'dbt', 'action': 'run_model', 'label': 'bd262e1c-d07e-4227-8935-251ad3b2bcc3', 'context': [<snowplow_tracker.self_describing_json.SelfDescribingJson object at 0x7946b6c71c90>]}
[0m23:04:40.195508 [info ] [Thread-1 (]: 7 of 10 OK created sql table model intermediate.int_online_retail_customer_sales  [[32mOK[0m in 127.12s]
[0m23:04:40.196984 [debug] [Thread-1 (]: Finished running node model.customerdna_client1_lakehouse.int_online_retail_customer_sales
[0m23:04:40.198915 [debug] [Thread-4 (]: Began running node model.customerdna_client1_lakehouse.int_customer_360_feature_store
[0m23:04:40.200263 [info ] [Thread-4 (]: 9 of 10 START sql table model intermediate.int_customer_360_feature_store ...... [RUN]
[0m23:04:40.201499 [debug] [Thread-4 (]: Re-using an available connection from the pool (formerly model.customerdna_client1_lakehouse.int_online_shopper_sessions, now model.customerdna_client1_lakehouse.int_customer_360_feature_store)
[0m23:04:40.202418 [debug] [Thread-4 (]: Began compiling node model.customerdna_client1_lakehouse.int_customer_360_feature_store
[0m23:04:40.207370 [debug] [Thread-4 (]: Writing injected SQL for node "model.customerdna_client1_lakehouse.int_customer_360_feature_store"
[0m23:04:40.224240 [debug] [Thread-4 (]: Began executing node model.customerdna_client1_lakehouse.int_customer_360_feature_store
[0m23:04:40.229277 [debug] [Thread-4 (]: Using spark connection "model.customerdna_client1_lakehouse.int_customer_360_feature_store"
[0m23:04:40.230205 [debug] [Thread-4 (]: On model.customerdna_client1_lakehouse.int_customer_360_feature_store: /* {"app": "dbt", "dbt_version": "1.11.12", "profile_name": "customerdna_client1_lakehouse", "target_name": "dev", "node_id": "model.customerdna_client1_lakehouse.int_customer_360_feature_store"} */
drop table if exists intermediate.int_customer_360_feature_store
[0m23:04:40.230983 [debug] [Thread-4 (]: Opening a new connection, currently in state closed
[0m23:04:40.430497 [debug] [Thread-4 (]: Spark adapter: Poll status: 2, query complete
[0m23:04:40.431774 [debug] [Thread-4 (]: SQL status: OK in 0.201 seconds
[0m23:04:40.434380 [debug] [Thread-4 (]: Writing runtime sql for node "model.customerdna_client1_lakehouse.int_customer_360_feature_store"
[0m23:04:40.451297 [debug] [Thread-4 (]: Spark adapter: NotImplemented: add_begin_query
[0m23:04:40.452193 [debug] [Thread-4 (]: Using spark connection "model.customerdna_client1_lakehouse.int_customer_360_feature_store"
[0m23:04:40.453201 [debug] [Thread-4 (]: On model.customerdna_client1_lakehouse.int_customer_360_feature_store: /* {"app": "dbt", "dbt_version": "1.11.12", "profile_name": "customerdna_client1_lakehouse", "target_name": "dev", "node_id": "model.customerdna_client1_lakehouse.int_customer_360_feature_store"} */

  
    
        create or replace table intermediate.int_customer_360_feature_store
      
      
    using iceberg
      
      
      
      
      
      comment 'Harmonized feature-store style entity table spanning campaign, web, and sales domains without unsafe row-level joins.'
      

      as
      with bank_contacts as (
    select * from intermediate.int_bank_marketing_contacts
),
shopper_sessions as (
    select * from intermediate.int_online_shopper_sessions
),
retail_customers as (
    select * from intermediate.int_online_retail_customer_sales
)

select
    concat('bank_marketing:', bank_record_id) as unified_entity_id,
    'bank_marketing' as entity_source,
    'prospect' as entity_grain,
    bank_record_id as entity_key,
    cast(null as bigint) as known_customer_id,
    age,
    cast(null as string) as geography,
    contact_channel as acquisition_channel,
    lifecycle_stage,
    engagement_score,
    conversion_value as monetary_value,
    coalesce(contact_attempt_count, 0) as transaction_count,
    coalesce(subscribed_term_deposit_flag, false) as conversion_flag,
    retention_risk_flag,
    prior_contact_gap_days as recency_days,
    cast(null as date) as feature_snapshot_date
from bank_contacts

union all

select
    concat('online_shoppers_intention:', shopper_session_id) as unified_entity_id,
    'online_shoppers_intention' as entity_source,
    'session' as entity_grain,
    shopper_session_id as entity_key,
    cast(null as bigint) as known_customer_id,
    cast(null as int) as age,
    cast(region_id as string) as geography,
    concat('traffic_', cast(traffic_type_id as string)) as acquisition_channel,
    lifecycle_stage,
    engagement_score,
    coalesce(page_value_score, 0.0) as monetary_value,
    coalesce(total_page_touchpoints, 0) as transaction_count,
    coalesce(converted_in_session_flag, false) as conversion_flag,
    retention_risk_flag,
    cast(null as int) as recency_days,
    cast(null as date) as feature_snapshot_date
from shopper_sessions

union all

select
    concat('online_retail_2:', cast(customer_id as string)) as unified_entity_id,
    'online_retail_2' as entity_source,
    'customer' as entity_grain,
    cast(customer_id as string) as entity_key,
    customer_id as known_customer_id,
    cast(null as int) as age,
    primary_country as geography,
    'retail_transaction' as acquisition_channel,
    case
        when recency_days <= 30 then 'active'
        when recency_days <= 90 then 'warm'
        else 'cooling'
    end as lifecycle_stage,
    round(
        coalesce(completed_invoice_count, 0) * 1.5 +
        coalesce(distinct_product_count, 0) * 0.5 +
        coalesce(net_revenue, 0.0) / 100.0,
        2
    ) as engagement_score,
    coalesce(net_revenue, 0.0) as monetary_value,
    coalesce(completed_invoice_count, 0) as transaction_count,
    case
        when coalesce(net_revenue, 0.0) > 0 then true
        else false
    end as conversion_flag,
    case
        when coalesce(recency_days, 9999) > 180 then true
        else false
    end as retention_risk_flag,
    recency_days,
    to_date(last_order_timestamp) as feature_snapshot_date
from retail_customers
  
[0m23:04:48.851281 [debug] [Thread-4 (]: Spark adapter: Poll status: 1, sleeping
[0m23:05:01.231163 [debug] [Thread-4 (]: Spark adapter: Poll status: 1, sleeping
[0m23:05:11.245473 [debug] [Thread-4 (]: Spark adapter: Poll status: 1, sleeping
[0m23:05:16.264180 [debug] [Thread-4 (]: Spark adapter: Poll status: 2, query complete
[0m23:05:16.265587 [debug] [Thread-4 (]: SQL status: OK in 35.813 seconds
[0m23:05:16.270137 [debug] [Thread-4 (]: Using spark connection "model.customerdna_client1_lakehouse.int_customer_360_feature_store"
[0m23:05:16.271488 [debug] [Thread-4 (]: On model.customerdna_client1_lakehouse.int_customer_360_feature_store: /* {"app": "dbt", "dbt_version": "1.11.12", "profile_name": "customerdna_client1_lakehouse", "target_name": "dev", "node_id": "model.customerdna_client1_lakehouse.int_customer_360_feature_store"} */

      describe extended intermediate.int_customer_360_feature_store
  
[0m23:05:17.292398 [debug] [Thread-4 (]: Spark adapter: Poll status: 2, query complete
[0m23:05:17.293533 [debug] [Thread-4 (]: SQL status: OK in 1.021 seconds
[0m23:05:17.414077 [debug] [Thread-4 (]: Using spark connection "model.customerdna_client1_lakehouse.int_customer_360_feature_store"
[0m23:05:17.415512 [debug] [Thread-4 (]: On model.customerdna_client1_lakehouse.int_customer_360_feature_store: /* {"app": "dbt", "dbt_version": "1.11.12", "profile_name": "customerdna_client1_lakehouse", "target_name": "dev", "node_id": "model.customerdna_client1_lakehouse.int_customer_360_feature_store"} */

    
        
          alter table intermediate.int_customer_360_feature_store change column
              unified_entity_id
              comment '';
        
      
  
[0m23:05:21.117215 [debug] [Thread-4 (]: Spark adapter: Poll status: 2, query complete
[0m23:05:21.118480 [debug] [Thread-4 (]: SQL status: OK in 3.702 seconds
[0m23:05:21.206524 [debug] [Thread-4 (]: On model.customerdna_client1_lakehouse.int_customer_360_feature_store: ROLLBACK
[0m23:05:21.207692 [debug] [Thread-4 (]: Spark adapter: NotImplemented: rollback
[0m23:05:21.209183 [debug] [Thread-4 (]: On model.customerdna_client1_lakehouse.int_customer_360_feature_store: Close
[0m23:05:21.273761 [debug] [Thread-4 (]: Sending event: {'category': 'dbt', 'action': 'run_model', 'label': 'bd262e1c-d07e-4227-8935-251ad3b2bcc3', 'context': [<snowplow_tracker.self_describing_json.SelfDescribingJson object at 0x7946b69dd4d0>]}
[0m23:05:21.275379 [info ] [Thread-4 (]: 9 of 10 OK created sql table model intermediate.int_customer_360_feature_store . [[32mOK[0m in 41.07s]
[0m23:05:21.277071 [debug] [Thread-4 (]: Finished running node model.customerdna_client1_lakehouse.int_customer_360_feature_store
[0m23:05:21.280434 [debug] [Thread-2 (]: Began running node model.customerdna_client1_lakehouse.analytics_customer360_overview
[0m23:05:21.282438 [info ] [Thread-2 (]: 10 of 10 START sql table model analytics.analytics_customer360_overview ........ [RUN]
[0m23:05:21.283999 [debug] [Thread-2 (]: Re-using an available connection from the pool (formerly model.customerdna_client1_lakehouse.analytics_sales_performance, now model.customerdna_client1_lakehouse.analytics_customer360_overview)
[0m23:05:21.285370 [debug] [Thread-2 (]: Began compiling node model.customerdna_client1_lakehouse.analytics_customer360_overview
[0m23:05:21.291036 [debug] [Thread-2 (]: Writing injected SQL for node "model.customerdna_client1_lakehouse.analytics_customer360_overview"
[0m23:05:21.308778 [debug] [Thread-2 (]: Began executing node model.customerdna_client1_lakehouse.analytics_customer360_overview
[0m23:05:21.314107 [debug] [Thread-2 (]: Using spark connection "model.customerdna_client1_lakehouse.analytics_customer360_overview"
[0m23:05:21.315523 [debug] [Thread-2 (]: On model.customerdna_client1_lakehouse.analytics_customer360_overview: /* {"app": "dbt", "dbt_version": "1.11.12", "profile_name": "customerdna_client1_lakehouse", "target_name": "dev", "node_id": "model.customerdna_client1_lakehouse.analytics_customer360_overview"} */
drop table if exists analytics.analytics_customer360_overview
[0m23:05:21.316311 [debug] [Thread-2 (]: Opening a new connection, currently in state closed
[0m23:05:21.719271 [debug] [Thread-2 (]: Spark adapter: Poll status: 2, query complete
[0m23:05:21.720399 [debug] [Thread-2 (]: SQL status: OK in 0.404 seconds
[0m23:05:21.722985 [debug] [Thread-2 (]: Writing runtime sql for node "model.customerdna_client1_lakehouse.analytics_customer360_overview"
[0m23:05:21.727974 [debug] [Thread-2 (]: Spark adapter: NotImplemented: add_begin_query
[0m23:05:21.728943 [debug] [Thread-2 (]: Using spark connection "model.customerdna_client1_lakehouse.analytics_customer360_overview"
[0m23:05:21.729795 [debug] [Thread-2 (]: On model.customerdna_client1_lakehouse.analytics_customer360_overview: /* {"app": "dbt", "dbt_version": "1.11.12", "profile_name": "customerdna_client1_lakehouse", "target_name": "dev", "node_id": "model.customerdna_client1_lakehouse.analytics_customer360_overview"} */

  
    
        create or replace table analytics.analytics_customer360_overview
      
      
    using iceberg
      
      
      
      
      
      comment 'Final entity-level overview for Customer 360 segmentation, conversion, and retention analysis.'
      

      as
      select
    unified_entity_id,
    entity_source,
    entity_grain,
    entity_key,
    known_customer_id,
    age,
    geography,
    acquisition_channel,
    lifecycle_stage,
    engagement_score,
    monetary_value,
    transaction_count,
    conversion_flag,
    retention_risk_flag,
    recency_days,
    feature_snapshot_date,
    case
        when monetary_value >= 10000 then 'high_value'
        when monetary_value >= 1000 then 'mid_value'
        when monetary_value > 0 then 'emerging_value'
        else 'non_monetized'
    end as value_segment,
    case
        when engagement_score >= 20 then 'high_engagement'
        when engagement_score >= 8 then 'medium_engagement'
        else 'low_engagement'
    end as engagement_segment,
    case
        when retention_risk_flag then 'at_risk'
        when conversion_flag then 'converted'
        else 'nurture'
    end as retention_segment
from intermediate.int_customer_360_feature_store
  
[0m23:05:26.818309 [debug] [Thread-2 (]: Spark adapter: Poll status: 1, sleeping
[0m23:05:34.500656 [debug] [Thread-2 (]: Spark adapter: Poll status: 2, query complete
[0m23:05:34.502048 [debug] [Thread-2 (]: SQL status: OK in 12.771 seconds
[0m23:05:34.506238 [debug] [Thread-2 (]: Using spark connection "model.customerdna_client1_lakehouse.analytics_customer360_overview"
[0m23:05:34.507366 [debug] [Thread-2 (]: On model.customerdna_client1_lakehouse.analytics_customer360_overview: /* {"app": "dbt", "dbt_version": "1.11.12", "profile_name": "customerdna_client1_lakehouse", "target_name": "dev", "node_id": "model.customerdna_client1_lakehouse.analytics_customer360_overview"} */

      describe extended analytics.analytics_customer360_overview
  
[0m23:05:35.271433 [debug] [Thread-2 (]: Spark adapter: Poll status: 2, query complete
[0m23:05:35.278255 [debug] [Thread-2 (]: SQL status: OK in 0.772 seconds
[0m23:05:35.393656 [debug] [Thread-2 (]: Using spark connection "model.customerdna_client1_lakehouse.analytics_customer360_overview"
[0m23:05:35.394707 [debug] [Thread-2 (]: On model.customerdna_client1_lakehouse.analytics_customer360_overview: /* {"app": "dbt", "dbt_version": "1.11.12", "profile_name": "customerdna_client1_lakehouse", "target_name": "dev", "node_id": "model.customerdna_client1_lakehouse.analytics_customer360_overview"} */

    
        
          alter table analytics.analytics_customer360_overview change column
              unified_entity_id
              comment '';
        
      
  
[0m23:05:36.139331 [debug] [Thread-2 (]: Spark adapter: Poll status: 2, query complete
[0m23:05:36.141220 [debug] [Thread-2 (]: SQL status: OK in 0.746 seconds
[0m23:05:36.232629 [debug] [Thread-2 (]: On model.customerdna_client1_lakehouse.analytics_customer360_overview: ROLLBACK
[0m23:05:36.233816 [debug] [Thread-2 (]: Spark adapter: NotImplemented: rollback
[0m23:05:36.234922 [debug] [Thread-2 (]: On model.customerdna_client1_lakehouse.analytics_customer360_overview: Close
[0m23:05:36.273988 [debug] [Thread-2 (]: Sending event: {'category': 'dbt', 'action': 'run_model', 'label': 'bd262e1c-d07e-4227-8935-251ad3b2bcc3', 'context': [<snowplow_tracker.self_describing_json.SelfDescribingJson object at 0x7946b4874390>]}
[0m23:05:36.275932 [info ] [Thread-2 (]: 10 of 10 OK created sql table model analytics.analytics_customer360_overview ... [[32mOK[0m in 14.99s]
[0m23:05:36.277640 [debug] [Thread-2 (]: Finished running node model.customerdna_client1_lakehouse.analytics_customer360_overview
[0m23:05:36.280856 [debug] [MainThread]: On master: ROLLBACK
[0m23:05:36.281846 [debug] [MainThread]: Opening a new connection, currently in state init
[0m23:05:36.589920 [debug] [MainThread]: Spark adapter: NotImplemented: rollback
[0m23:05:36.590905 [debug] [MainThread]: Spark adapter: NotImplemented: add_begin_query
[0m23:05:36.591652 [debug] [MainThread]: Spark adapter: NotImplemented: commit
[0m23:05:36.592362 [debug] [MainThread]: On master: ROLLBACK
[0m23:05:36.593114 [debug] [MainThread]: Spark adapter: NotImplemented: rollback
[0m23:05:36.593834 [debug] [MainThread]: On master: Close
[0m23:05:36.617105 [debug] [MainThread]: Connection 'master' was properly closed.
[0m23:05:36.618135 [debug] [MainThread]: Connection 'model.customerdna_client1_lakehouse.int_online_retail_customer_sales' was properly closed.
[0m23:05:36.618950 [debug] [MainThread]: Connection 'model.customerdna_client1_lakehouse.analytics_conversion_performance' was properly closed.
[0m23:05:36.619632 [debug] [MainThread]: Connection 'model.customerdna_client1_lakehouse.analytics_customer360_overview' was properly closed.
[0m23:05:36.620305 [debug] [MainThread]: Connection 'model.customerdna_client1_lakehouse.int_customer_360_feature_store' was properly closed.
[0m23:05:36.621141 [info ] [MainThread]: 
[0m23:05:36.622113 [info ] [MainThread]: Finished running 10 table models in 0 hours 9 minutes and 37.47 seconds (577.47s).
[0m23:05:36.628569 [debug] [MainThread]: Command end result
[0m23:05:36.693078 [debug] [MainThread]: Wrote artifact WritableManifest to /opt/airflow/CustomerDNA_AI/src/transformation/dbt_spark/client_1/target/manifest.json
[0m23:05:36.697928 [debug] [MainThread]: Wrote artifact SemanticManifest to /opt/airflow/CustomerDNA_AI/src/transformation/dbt_spark/client_1/target/semantic_manifest.json
[0m23:05:36.707526 [debug] [MainThread]: Wrote artifact RunExecutionResult to /opt/airflow/CustomerDNA_AI/src/transformation/dbt_spark/client_1/target/run_results.json
[0m23:05:36.708683 [info ] [MainThread]: 
[0m23:05:36.709830 [info ] [MainThread]: [32mCompleted successfully[0m
[0m23:05:36.712233 [info ] [MainThread]: 
[0m23:05:36.713442 [info ] [MainThread]: Done. PASS=10 WARN=0 ERROR=0 SKIP=0 NO-OP=0 TOTAL=10
[0m23:05:36.715524 [debug] [MainThread]: Resource report: {"command_name": "run", "command_success": true, "command_wall_clock_time": 581.4567, "process_in_blocks": "16632", "process_kernel_time": 1.139971, "process_mem_max_rss": "146984", "process_out_blocks": "1160", "process_user_time": 5.832786}
[0m23:05:36.717357 [debug] [MainThread]: Command `dbt run` succeeded at 23:05:36.716822 after 581.46 seconds
[0m23:05:36.719059 [debug] [MainThread]: Sending event: {'category': 'dbt', 'action': 'invocation', 'label': 'end', 'context': [<snowplow_tracker.self_describing_json.SelfDescribingJson object at 0x7946bbda6a90>, <snowplow_tracker.self_describing_json.SelfDescribingJson object at 0x7946b780c910>, <snowplow_tracker.self_describing_json.SelfDescribingJson object at 0x7946bbef34d0>]}
[0m23:05:36.720374 [debug] [MainThread]: Flushing usage events
[0m23:05:37.470880 [debug] [MainThread]: An error was encountered while trying to flush usage events
[0m23:05:41.738356 [debug] [MainThread]: Sending event: {'category': 'dbt', 'action': 'invocation', 'label': 'start', 'context': [<snowplow_tracker.self_describing_json.SelfDescribingJson object at 0x702bc9f0a550>, <snowplow_tracker.self_describing_json.SelfDescribingJson object at 0x702bc9dbdc10>, <snowplow_tracker.self_describing_json.SelfDescribingJson object at 0x702bc9dbd990>]}


============================== 23:05:41.743552 | 44875e00-36ac-46f0-8fe5-4dee0a07a8b5 ==============================
[0m23:05:41.743552 [info ] [MainThread]: Running with dbt=1.11.12
[0m23:05:41.745100 [debug] [MainThread]: running dbt with arguments {'send_anonymous_usage_stats': 'True', 'warn_error': 'None', 'static_parser': 'True', 'write_json': 'True', 'invocation_command': 'dbt test', 'quiet': 'False', 'version_check': 'True', 'profiles_dir': '/opt/airflow/CustomerDNA_AI/src/transformation/dbt_spark/client_1', 'partial_parse': 'True', 'fail_fast': 'False', 'no_print': 'None', 'cache_selected_only': 'False', 'log_path': '/opt/airflow/CustomerDNA_AI/src/transformation/dbt_spark/client_1/logs', 'use_experimental_parser': 'False', 'printer_width': '80', 'log_cache_events': 'False', 'warn_error_options': 'WarnErrorOptionsV2(error=[], warn=[], silence=[])', 'log_format': 'default', 'introspect': 'True', 'indirect_selection': 'eager', 'debug': 'False', 'use_colors': 'True', 'empty': 'None', 'target_path': 'None'}
[0m23:05:41.824359 [debug] [MainThread]: Spark adapter: Setting pyhive.hive logging to ERROR
[0m23:05:41.825537 [debug] [MainThread]: Spark adapter: Setting thrift.transport logging to ERROR
[0m23:05:41.826410 [debug] [MainThread]: Spark adapter: Setting thrift.protocol logging to ERROR
[0m23:05:42.006933 [debug] [MainThread]: Sending event: {'category': 'dbt', 'action': 'project_id', 'label': '44875e00-36ac-46f0-8fe5-4dee0a07a8b5', 'context': [<snowplow_tracker.self_describing_json.SelfDescribingJson object at 0x702bc97f9f90>]}
[0m23:05:42.069562 [debug] [MainThread]: Sending event: {'category': 'dbt', 'action': 'adapter_info', 'label': '44875e00-36ac-46f0-8fe5-4dee0a07a8b5', 'context': [<snowplow_tracker.self_describing_json.SelfDescribingJson object at 0x702bca51c690>]}
[0m23:05:42.070867 [info ] [MainThread]: Registered adapter: spark=1.10.3
[0m23:05:42.184340 [debug] [MainThread]: checksum: f368f5348cf42803b94ef7fb8257ecf3bf9a9a16dd9c8c51fe5172f2dbeb457f, vars: {}, profile: , target: , version: 1.11.12
[0m23:05:42.467418 [debug] [MainThread]: Partial parsing enabled: 0 files deleted, 0 files added, 0 files changed.
[0m23:05:42.468394 [debug] [MainThread]: Nothing changed, skipping partial parsing.
[0m23:05:42.469115 [debug] [MainThread]: Partial parsing enabled, no changes found, skipping parsing
[0m23:05:42.523974 [debug] [MainThread]: Sending event: {'category': 'dbt', 'action': 'load_project', 'label': '44875e00-36ac-46f0-8fe5-4dee0a07a8b5', 'context': [<snowplow_tracker.self_describing_json.SelfDescribingJson object at 0x702bc92fcf10>]}
[0m23:05:42.636955 [debug] [MainThread]: Wrote artifact WritableManifest to /opt/airflow/CustomerDNA_AI/src/transformation/dbt_spark/client_1/target/manifest.json
[0m23:05:42.642099 [debug] [MainThread]: Wrote artifact SemanticManifest to /opt/airflow/CustomerDNA_AI/src/transformation/dbt_spark/client_1/target/semantic_manifest.json
[0m23:05:42.670536 [debug] [MainThread]: Sending event: {'category': 'dbt', 'action': 'resource_counts', 'label': '44875e00-36ac-46f0-8fe5-4dee0a07a8b5', 'context': [<snowplow_tracker.self_describing_json.SelfDescribingJson object at 0x702bc92674d0>]}
[0m23:05:42.671512 [info ] [MainThread]: Found 10 models, 11 data tests, 3 sources, 526 macros
[0m23:05:42.672438 [debug] [MainThread]: Sending event: {'category': 'dbt', 'action': 'runnable_timing', 'label': '44875e00-36ac-46f0-8fe5-4dee0a07a8b5', 'context': [<snowplow_tracker.self_describing_json.SelfDescribingJson object at 0x702bc923c7d0>]}
[0m23:05:42.676411 [info ] [MainThread]: 
[0m23:05:42.677945 [info ] [MainThread]: Concurrency: 4 threads (target='dev')
[0m23:05:42.679543 [info ] [MainThread]: 
[0m23:05:42.680727 [debug] [MainThread]: Acquiring new spark connection 'master'
[0m23:05:42.688208 [debug] [ThreadPool]: Acquiring new spark connection 'list_None_staging'
[0m23:05:42.689209 [debug] [ThreadPool]: Acquiring new spark connection 'list_None_intermediate'
[0m23:05:42.690178 [debug] [ThreadPool]: Acquiring new spark connection 'list_None_analytics'
[0m23:05:42.701883 [debug] [ThreadPool]: Spark adapter: NotImplemented: add_begin_query
[0m23:05:42.704393 [debug] [ThreadPool]: Spark adapter: NotImplemented: add_begin_query
[0m23:05:42.707749 [debug] [ThreadPool]: Spark adapter: NotImplemented: add_begin_query
[0m23:05:42.709253 [debug] [ThreadPool]: Using spark connection "list_None_staging"
[0m23:05:42.710197 [debug] [ThreadPool]: Using spark connection "list_None_intermediate"
[0m23:05:42.711390 [debug] [ThreadPool]: Using spark connection "list_None_analytics"
[0m23:05:42.712381 [debug] [ThreadPool]: On list_None_staging: /* {"app": "dbt", "dbt_version": "1.11.12", "profile_name": "customerdna_client1_lakehouse", "target_name": "dev", "connection_name": "list_None_staging"} */
show table extended in staging like '*'
  
[0m23:05:42.713219 [debug] [ThreadPool]: On list_None_intermediate: /* {"app": "dbt", "dbt_version": "1.11.12", "profile_name": "customerdna_client1_lakehouse", "target_name": "dev", "connection_name": "list_None_intermediate"} */
show table extended in intermediate like '*'
  
[0m23:05:42.714088 [debug] [ThreadPool]: On list_None_analytics: /* {"app": "dbt", "dbt_version": "1.11.12", "profile_name": "customerdna_client1_lakehouse", "target_name": "dev", "connection_name": "list_None_analytics"} */
show table extended in analytics like '*'
  
[0m23:05:42.715019 [debug] [ThreadPool]: Opening a new connection, currently in state init
[0m23:05:42.715872 [debug] [ThreadPool]: Opening a new connection, currently in state init
[0m23:05:42.716820 [debug] [ThreadPool]: Opening a new connection, currently in state init
[0m23:05:45.594737 [debug] [ThreadPool]: Spark adapter: Poll status: 2, query complete
[0m23:05:45.595984 [debug] [ThreadPool]: SQL status: OK in 2.879 seconds
[0m23:05:45.739269 [debug] [ThreadPool]: On list_None_analytics: ROLLBACK
[0m23:05:45.740778 [debug] [ThreadPool]: Spark adapter: NotImplemented: rollback
[0m23:05:45.742250 [debug] [ThreadPool]: On list_None_analytics: Close
[0m23:05:46.509748 [debug] [ThreadPool]: Spark adapter: Poll status: 2, query complete
[0m23:05:46.511315 [debug] [ThreadPool]: SQL status: OK in 3.795 seconds
[0m23:05:46.629234 [debug] [ThreadPool]: On list_None_intermediate: ROLLBACK
[0m23:05:46.630357 [debug] [ThreadPool]: Spark adapter: NotImplemented: rollback
[0m23:05:46.631201 [debug] [ThreadPool]: On list_None_intermediate: Close
[0m23:05:46.732217 [debug] [ThreadPool]: Spark adapter: Poll status: 2, query complete
[0m23:05:46.733472 [debug] [ThreadPool]: SQL status: OK in 4.018 seconds
[0m23:05:46.845570 [debug] [ThreadPool]: On list_None_staging: ROLLBACK
[0m23:05:46.846825 [debug] [ThreadPool]: Spark adapter: NotImplemented: rollback
[0m23:05:46.847746 [debug] [ThreadPool]: On list_None_staging: Close
[0m23:05:46.885619 [debug] [MainThread]: Sending event: {'category': 'dbt', 'action': 'runnable_timing', 'label': '44875e00-36ac-46f0-8fe5-4dee0a07a8b5', 'context': [<snowplow_tracker.self_describing_json.SelfDescribingJson object at 0x702bc92c1450>]}
[0m23:05:46.886741 [debug] [MainThread]: Spark adapter: NotImplemented: add_begin_query
[0m23:05:46.887587 [debug] [MainThread]: Spark adapter: NotImplemented: commit
[0m23:05:46.890826 [debug] [Thread-1 (]: Began running node test.customerdna_client1_lakehouse.not_null_analytics_customer360_overview_unified_entity_id.1a8d4d6d23
[0m23:05:46.891389 [debug] [Thread-2 (]: Began running node test.customerdna_client1_lakehouse.not_null_int_bank_marketing_contacts_bank_record_id.c69d0253e4
[0m23:05:46.891905 [debug] [Thread-3 (]: Began running node test.customerdna_client1_lakehouse.not_null_int_customer_360_feature_store_unified_entity_id.84de6849f6
[0m23:05:46.892468 [debug] [Thread-4 (]: Began running node test.customerdna_client1_lakehouse.not_null_int_online_retail_customer_sales_customer_id.05d59ed3b8
[0m23:05:46.893229 [info ] [Thread-1 (]: 1 of 11 START test not_null_analytics_customer360_overview_unified_entity_id ... [RUN]
[0m23:05:46.894025 [info ] [Thread-2 (]: 2 of 11 START test not_null_int_bank_marketing_contacts_bank_record_id ......... [RUN]
[0m23:05:46.894916 [info ] [Thread-3 (]: 3 of 11 START test not_null_int_customer_360_feature_store_unified_entity_id ... [RUN]
[0m23:05:46.895928 [info ] [Thread-4 (]: 4 of 11 START test not_null_int_online_retail_customer_sales_customer_id ....... [RUN]
[0m23:05:46.896929 [debug] [Thread-1 (]: Re-using an available connection from the pool (formerly list_None_staging, now test.customerdna_client1_lakehouse.not_null_analytics_customer360_overview_unified_entity_id.1a8d4d6d23)
[0m23:05:46.897982 [debug] [Thread-2 (]: Re-using an available connection from the pool (formerly list_None_intermediate, now test.customerdna_client1_lakehouse.not_null_int_bank_marketing_contacts_bank_record_id.c69d0253e4)
[0m23:05:46.899259 [debug] [Thread-3 (]: Re-using an available connection from the pool (formerly list_None_analytics, now test.customerdna_client1_lakehouse.not_null_int_customer_360_feature_store_unified_entity_id.84de6849f6)
[0m23:05:46.900277 [debug] [Thread-4 (]: Acquiring new spark connection 'test.customerdna_client1_lakehouse.not_null_int_online_retail_customer_sales_customer_id.05d59ed3b8'
[0m23:05:46.901256 [debug] [Thread-1 (]: Began compiling node test.customerdna_client1_lakehouse.not_null_analytics_customer360_overview_unified_entity_id.1a8d4d6d23
[0m23:05:46.902069 [debug] [Thread-2 (]: Began compiling node test.customerdna_client1_lakehouse.not_null_int_bank_marketing_contacts_bank_record_id.c69d0253e4
[0m23:05:46.903412 [debug] [Thread-3 (]: Began compiling node test.customerdna_client1_lakehouse.not_null_int_customer_360_feature_store_unified_entity_id.84de6849f6
[0m23:05:46.904297 [debug] [Thread-4 (]: Began compiling node test.customerdna_client1_lakehouse.not_null_int_online_retail_customer_sales_customer_id.05d59ed3b8
[0m23:05:46.928044 [debug] [Thread-1 (]: Writing injected SQL for node "test.customerdna_client1_lakehouse.not_null_analytics_customer360_overview_unified_entity_id.1a8d4d6d23"
[0m23:05:46.932382 [debug] [Thread-2 (]: Writing injected SQL for node "test.customerdna_client1_lakehouse.not_null_int_bank_marketing_contacts_bank_record_id.c69d0253e4"
[0m23:05:46.936748 [debug] [Thread-3 (]: Writing injected SQL for node "test.customerdna_client1_lakehouse.not_null_int_customer_360_feature_store_unified_entity_id.84de6849f6"
[0m23:05:46.942521 [debug] [Thread-4 (]: Writing injected SQL for node "test.customerdna_client1_lakehouse.not_null_int_online_retail_customer_sales_customer_id.05d59ed3b8"
[0m23:05:46.949056 [debug] [Thread-2 (]: Began executing node test.customerdna_client1_lakehouse.not_null_int_bank_marketing_contacts_bank_record_id.c69d0253e4
[0m23:05:46.968767 [debug] [Thread-2 (]: Writing runtime sql for node "test.customerdna_client1_lakehouse.not_null_int_bank_marketing_contacts_bank_record_id.c69d0253e4"
[0m23:05:46.969990 [debug] [Thread-3 (]: Began executing node test.customerdna_client1_lakehouse.not_null_int_customer_360_feature_store_unified_entity_id.84de6849f6
[0m23:05:46.970643 [debug] [Thread-4 (]: Began executing node test.customerdna_client1_lakehouse.not_null_int_online_retail_customer_sales_customer_id.05d59ed3b8
[0m23:05:46.974742 [debug] [Thread-3 (]: Writing runtime sql for node "test.customerdna_client1_lakehouse.not_null_int_customer_360_feature_store_unified_entity_id.84de6849f6"
[0m23:05:46.976507 [debug] [Thread-1 (]: Began executing node test.customerdna_client1_lakehouse.not_null_analytics_customer360_overview_unified_entity_id.1a8d4d6d23
[0m23:05:46.979922 [debug] [Thread-4 (]: Writing runtime sql for node "test.customerdna_client1_lakehouse.not_null_int_online_retail_customer_sales_customer_id.05d59ed3b8"
[0m23:05:46.983950 [debug] [Thread-1 (]: Writing runtime sql for node "test.customerdna_client1_lakehouse.not_null_analytics_customer360_overview_unified_entity_id.1a8d4d6d23"
[0m23:05:46.987120 [debug] [Thread-2 (]: Spark adapter: NotImplemented: add_begin_query
[0m23:05:46.988327 [debug] [Thread-2 (]: Using spark connection "test.customerdna_client1_lakehouse.not_null_int_bank_marketing_contacts_bank_record_id.c69d0253e4"
[0m23:05:46.989577 [debug] [Thread-4 (]: Spark adapter: NotImplemented: add_begin_query
[0m23:05:46.990441 [debug] [Thread-2 (]: On test.customerdna_client1_lakehouse.not_null_int_bank_marketing_contacts_bank_record_id.c69d0253e4: /* {"app": "dbt", "dbt_version": "1.11.12", "profile_name": "customerdna_client1_lakehouse", "target_name": "dev", "node_id": "test.customerdna_client1_lakehouse.not_null_int_bank_marketing_contacts_bank_record_id.c69d0253e4"} */

    
    select
      count(*) as failures,
      count(*) != 0 as should_warn,
      count(*) != 0 as should_error
    from (
      
    
  
    
    



select bank_record_id
from intermediate.int_bank_marketing_contacts
where bank_record_id is null



  
  
      
    ) dbt_internal_test
[0m23:05:46.991461 [debug] [Thread-3 (]: Spark adapter: NotImplemented: add_begin_query
[0m23:05:46.993179 [debug] [Thread-4 (]: Using spark connection "test.customerdna_client1_lakehouse.not_null_int_online_retail_customer_sales_customer_id.05d59ed3b8"
[0m23:05:46.993863 [debug] [Thread-1 (]: Spark adapter: NotImplemented: add_begin_query
[0m23:05:46.997443 [debug] [Thread-2 (]: Opening a new connection, currently in state closed
[0m23:05:46.998526 [debug] [Thread-3 (]: Using spark connection "test.customerdna_client1_lakehouse.not_null_int_customer_360_feature_store_unified_entity_id.84de6849f6"
[0m23:05:46.999428 [debug] [Thread-4 (]: On test.customerdna_client1_lakehouse.not_null_int_online_retail_customer_sales_customer_id.05d59ed3b8: /* {"app": "dbt", "dbt_version": "1.11.12", "profile_name": "customerdna_client1_lakehouse", "target_name": "dev", "node_id": "test.customerdna_client1_lakehouse.not_null_int_online_retail_customer_sales_customer_id.05d59ed3b8"} */

    
    select
      count(*) as failures,
      count(*) != 0 as should_warn,
      count(*) != 0 as should_error
    from (
      
    
  
    
    



select customer_id
from intermediate.int_online_retail_customer_sales
where customer_id is null



  
  
      
    ) dbt_internal_test
[0m23:05:47.000260 [debug] [Thread-1 (]: Using spark connection "test.customerdna_client1_lakehouse.not_null_analytics_customer360_overview_unified_entity_id.1a8d4d6d23"
[0m23:05:47.001912 [debug] [Thread-3 (]: On test.customerdna_client1_lakehouse.not_null_int_customer_360_feature_store_unified_entity_id.84de6849f6: /* {"app": "dbt", "dbt_version": "1.11.12", "profile_name": "customerdna_client1_lakehouse", "target_name": "dev", "node_id": "test.customerdna_client1_lakehouse.not_null_int_customer_360_feature_store_unified_entity_id.84de6849f6"} */

    
    select
      count(*) as failures,
      count(*) != 0 as should_warn,
      count(*) != 0 as should_error
    from (
      
    
  
    
    



select unified_entity_id
from intermediate.int_customer_360_feature_store
where unified_entity_id is null



  
  
      
    ) dbt_internal_test
[0m23:05:47.002922 [debug] [Thread-4 (]: Opening a new connection, currently in state init
[0m23:05:47.003802 [debug] [Thread-1 (]: On test.customerdna_client1_lakehouse.not_null_analytics_customer360_overview_unified_entity_id.1a8d4d6d23: /* {"app": "dbt", "dbt_version": "1.11.12", "profile_name": "customerdna_client1_lakehouse", "target_name": "dev", "node_id": "test.customerdna_client1_lakehouse.not_null_analytics_customer360_overview_unified_entity_id.1a8d4d6d23"} */

    
    select
      count(*) as failures,
      count(*) != 0 as should_warn,
      count(*) != 0 as should_error
    from (
      
    
  
    
    



select unified_entity_id
from analytics.analytics_customer360_overview
where unified_entity_id is null



  
  
      
    ) dbt_internal_test
[0m23:05:47.004770 [debug] [Thread-3 (]: Opening a new connection, currently in state closed
[0m23:05:47.006320 [debug] [Thread-1 (]: Opening a new connection, currently in state closed
[0m23:05:53.767196 [debug] [Thread-2 (]: Spark adapter: Poll status: 1, sleeping
[0m23:05:53.823393 [debug] [Thread-1 (]: Spark adapter: Poll status: 1, sleeping
[0m23:05:53.824221 [debug] [Thread-4 (]: Spark adapter: Poll status: 1, sleeping
[0m23:05:53.825082 [debug] [Thread-3 (]: Spark adapter: Poll status: 1, sleeping
[0m23:06:04.301206 [debug] [Thread-1 (]: Spark adapter: Poll status: 2, query complete
[0m23:06:04.302541 [debug] [Thread-1 (]: SQL status: OK in 17.296 seconds
[0m23:06:05.174718 [debug] [Thread-3 (]: Spark adapter: Poll status: 2, query complete
[0m23:06:05.176280 [debug] [Thread-3 (]: SQL status: OK in 18.174 seconds
[0m23:06:05.190862 [debug] [Thread-2 (]: Spark adapter: Poll status: 2, query complete
[0m23:06:05.192084 [debug] [Thread-2 (]: SQL status: OK in 18.197 seconds
[0m23:06:05.221146 [debug] [Thread-1 (]: On test.customerdna_client1_lakehouse.not_null_analytics_customer360_overview_unified_entity_id.1a8d4d6d23: ROLLBACK
[0m23:06:05.222353 [debug] [Thread-1 (]: Spark adapter: NotImplemented: rollback
[0m23:06:05.223203 [debug] [Thread-1 (]: On test.customerdna_client1_lakehouse.not_null_analytics_customer360_overview_unified_entity_id.1a8d4d6d23: Close
[0m23:06:05.262910 [debug] [Thread-3 (]: On test.customerdna_client1_lakehouse.not_null_int_customer_360_feature_store_unified_entity_id.84de6849f6: ROLLBACK
[0m23:06:05.264822 [debug] [Thread-2 (]: On test.customerdna_client1_lakehouse.not_null_int_bank_marketing_contacts_bank_record_id.c69d0253e4: ROLLBACK
[0m23:06:05.265679 [debug] [Thread-3 (]: Spark adapter: NotImplemented: rollback
[0m23:06:05.266535 [debug] [Thread-2 (]: Spark adapter: NotImplemented: rollback
[0m23:06:05.267323 [debug] [Thread-3 (]: On test.customerdna_client1_lakehouse.not_null_int_customer_360_feature_store_unified_entity_id.84de6849f6: Close
[0m23:06:05.268052 [debug] [Thread-2 (]: On test.customerdna_client1_lakehouse.not_null_int_bank_marketing_contacts_bank_record_id.c69d0253e4: Close
[0m23:06:05.298715 [info ] [Thread-1 (]: 1 of 11 PASS not_null_analytics_customer360_overview_unified_entity_id ......... [[32mPASS[0m in 18.40s]
[0m23:06:05.300322 [debug] [Thread-1 (]: Finished running node test.customerdna_client1_lakehouse.not_null_analytics_customer360_overview_unified_entity_id.1a8d4d6d23
[0m23:06:05.301693 [debug] [Thread-1 (]: Began running node test.customerdna_client1_lakehouse.not_null_int_online_shopper_sessions_shopper_session_id.1ee31c205b
[0m23:06:05.302891 [info ] [Thread-1 (]: 5 of 11 START test not_null_int_online_shopper_sessions_shopper_session_id ..... [RUN]
[0m23:06:05.304145 [debug] [Thread-1 (]: Re-using an available connection from the pool (formerly test.customerdna_client1_lakehouse.not_null_analytics_customer360_overview_unified_entity_id.1a8d4d6d23, now test.customerdna_client1_lakehouse.not_null_int_online_shopper_sessions_shopper_session_id.1ee31c205b)
[0m23:06:05.305510 [debug] [Thread-1 (]: Began compiling node test.customerdna_client1_lakehouse.not_null_int_online_shopper_sessions_shopper_session_id.1ee31c205b
[0m23:06:05.312575 [debug] [Thread-1 (]: Writing injected SQL for node "test.customerdna_client1_lakehouse.not_null_int_online_shopper_sessions_shopper_session_id.1ee31c205b"
[0m23:06:05.359306 [debug] [Thread-1 (]: Began executing node test.customerdna_client1_lakehouse.not_null_int_online_shopper_sessions_shopper_session_id.1ee31c205b
[0m23:06:05.364110 [debug] [Thread-1 (]: Writing runtime sql for node "test.customerdna_client1_lakehouse.not_null_int_online_shopper_sessions_shopper_session_id.1ee31c205b"
[0m23:06:05.370150 [debug] [Thread-1 (]: Spark adapter: NotImplemented: add_begin_query
[0m23:06:05.371034 [debug] [Thread-1 (]: Using spark connection "test.customerdna_client1_lakehouse.not_null_int_online_shopper_sessions_shopper_session_id.1ee31c205b"
[0m23:06:05.374795 [debug] [Thread-1 (]: On test.customerdna_client1_lakehouse.not_null_int_online_shopper_sessions_shopper_session_id.1ee31c205b: /* {"app": "dbt", "dbt_version": "1.11.12", "profile_name": "customerdna_client1_lakehouse", "target_name": "dev", "node_id": "test.customerdna_client1_lakehouse.not_null_int_online_shopper_sessions_shopper_session_id.1ee31c205b"} */

    
    select
      count(*) as failures,
      count(*) != 0 as should_warn,
      count(*) != 0 as should_error
    from (
      
    
  
    
    



select shopper_session_id
from intermediate.int_online_shopper_sessions
where shopper_session_id is null



  
  
      
    ) dbt_internal_test
[0m23:06:05.375894 [debug] [Thread-1 (]: Opening a new connection, currently in state closed
[0m23:06:05.390692 [debug] [Thread-4 (]: Spark adapter: Poll status: 2, query complete
[0m23:06:05.392448 [debug] [Thread-4 (]: SQL status: OK in 18.392 seconds
[0m23:06:05.470747 [debug] [Thread-4 (]: On test.customerdna_client1_lakehouse.not_null_int_online_retail_customer_sales_customer_id.05d59ed3b8: ROLLBACK
[0m23:06:05.472177 [debug] [Thread-4 (]: Spark adapter: NotImplemented: rollback
[0m23:06:05.473739 [debug] [Thread-4 (]: On test.customerdna_client1_lakehouse.not_null_int_online_retail_customer_sales_customer_id.05d59ed3b8: Close
[0m23:06:05.489670 [info ] [Thread-3 (]: 3 of 11 PASS not_null_int_customer_360_feature_store_unified_entity_id ......... [[32mPASS[0m in 18.59s]
[0m23:06:05.491504 [debug] [Thread-3 (]: Finished running node test.customerdna_client1_lakehouse.not_null_int_customer_360_feature_store_unified_entity_id.84de6849f6
[0m23:06:05.492640 [debug] [Thread-3 (]: Began running node test.customerdna_client1_lakehouse.not_null_stg_bank_marketing_bank_record_id.b7622e1102
[0m23:06:05.493579 [info ] [Thread-3 (]: 6 of 11 START test not_null_stg_bank_marketing_bank_record_id .................. [RUN]
[0m23:06:05.494790 [debug] [Thread-3 (]: Re-using an available connection from the pool (formerly test.customerdna_client1_lakehouse.not_null_int_customer_360_feature_store_unified_entity_id.84de6849f6, now test.customerdna_client1_lakehouse.not_null_stg_bank_marketing_bank_record_id.b7622e1102)
[0m23:06:05.495646 [debug] [Thread-3 (]: Began compiling node test.customerdna_client1_lakehouse.not_null_stg_bank_marketing_bank_record_id.b7622e1102
[0m23:06:05.499969 [debug] [Thread-3 (]: Writing injected SQL for node "test.customerdna_client1_lakehouse.not_null_stg_bank_marketing_bank_record_id.b7622e1102"
[0m23:06:05.502331 [info ] [Thread-2 (]: 2 of 11 PASS not_null_int_bank_marketing_contacts_bank_record_id ............... [[32mPASS[0m in 18.60s]
[0m23:06:05.507194 [debug] [Thread-2 (]: Finished running node test.customerdna_client1_lakehouse.not_null_int_bank_marketing_contacts_bank_record_id.c69d0253e4
[0m23:06:05.508299 [debug] [Thread-2 (]: Began running node test.customerdna_client1_lakehouse.not_null_stg_online_retail_2_invoice_no.9a648588b3
[0m23:06:05.509046 [debug] [Thread-3 (]: Began executing node test.customerdna_client1_lakehouse.not_null_stg_bank_marketing_bank_record_id.b7622e1102
[0m23:06:05.509883 [info ] [Thread-2 (]: 7 of 11 START test not_null_stg_online_retail_2_invoice_no ..................... [RUN]
[0m23:06:05.512912 [debug] [Thread-3 (]: Writing runtime sql for node "test.customerdna_client1_lakehouse.not_null_stg_bank_marketing_bank_record_id.b7622e1102"
[0m23:06:05.513941 [debug] [Thread-2 (]: Re-using an available connection from the pool (formerly test.customerdna_client1_lakehouse.not_null_int_bank_marketing_contacts_bank_record_id.c69d0253e4, now test.customerdna_client1_lakehouse.not_null_stg_online_retail_2_invoice_no.9a648588b3)
[0m23:06:05.515346 [debug] [Thread-2 (]: Began compiling node test.customerdna_client1_lakehouse.not_null_stg_online_retail_2_invoice_no.9a648588b3
[0m23:06:05.519370 [debug] [Thread-2 (]: Writing injected SQL for node "test.customerdna_client1_lakehouse.not_null_stg_online_retail_2_invoice_no.9a648588b3"
[0m23:06:05.524859 [debug] [Thread-3 (]: Spark adapter: NotImplemented: add_begin_query
[0m23:06:05.525813 [debug] [Thread-3 (]: Using spark connection "test.customerdna_client1_lakehouse.not_null_stg_bank_marketing_bank_record_id.b7622e1102"
[0m23:06:05.526686 [debug] [Thread-3 (]: On test.customerdna_client1_lakehouse.not_null_stg_bank_marketing_bank_record_id.b7622e1102: /* {"app": "dbt", "dbt_version": "1.11.12", "profile_name": "customerdna_client1_lakehouse", "target_name": "dev", "node_id": "test.customerdna_client1_lakehouse.not_null_stg_bank_marketing_bank_record_id.b7622e1102"} */

    
    select
      count(*) as failures,
      count(*) != 0 as should_warn,
      count(*) != 0 as should_error
    from (
      
    
  
    
    



select bank_record_id
from staging.stg_bank_marketing
where bank_record_id is null



  
  
      
    ) dbt_internal_test
[0m23:06:05.527550 [debug] [Thread-3 (]: Opening a new connection, currently in state closed
[0m23:06:05.528075 [debug] [Thread-2 (]: Began executing node test.customerdna_client1_lakehouse.not_null_stg_online_retail_2_invoice_no.9a648588b3
[0m23:06:05.531816 [debug] [Thread-2 (]: Writing runtime sql for node "test.customerdna_client1_lakehouse.not_null_stg_online_retail_2_invoice_no.9a648588b3"
[0m23:06:05.539882 [debug] [Thread-2 (]: Spark adapter: NotImplemented: add_begin_query
[0m23:06:05.541414 [debug] [Thread-2 (]: Using spark connection "test.customerdna_client1_lakehouse.not_null_stg_online_retail_2_invoice_no.9a648588b3"
[0m23:06:05.542360 [debug] [Thread-2 (]: On test.customerdna_client1_lakehouse.not_null_stg_online_retail_2_invoice_no.9a648588b3: /* {"app": "dbt", "dbt_version": "1.11.12", "profile_name": "customerdna_client1_lakehouse", "target_name": "dev", "node_id": "test.customerdna_client1_lakehouse.not_null_stg_online_retail_2_invoice_no.9a648588b3"} */

    
    select
      count(*) as failures,
      count(*) != 0 as should_warn,
      count(*) != 0 as should_error
    from (
      
    
  
    
    



select invoice_no
from staging.stg_online_retail_2
where invoice_no is null



  
  
      
    ) dbt_internal_test
[0m23:06:05.543363 [debug] [Thread-2 (]: Opening a new connection, currently in state closed
[0m23:06:05.582371 [info ] [Thread-4 (]: 4 of 11 PASS not_null_int_online_retail_customer_sales_customer_id ............. [[32mPASS[0m in 18.68s]
[0m23:06:05.583944 [debug] [Thread-4 (]: Finished running node test.customerdna_client1_lakehouse.not_null_int_online_retail_customer_sales_customer_id.05d59ed3b8
[0m23:06:05.584805 [debug] [Thread-4 (]: Began running node test.customerdna_client1_lakehouse.not_null_stg_online_shoppers_intention_shopper_session_id.f9ed5768f7
[0m23:06:05.585597 [info ] [Thread-4 (]: 8 of 11 START test not_null_stg_online_shoppers_intention_shopper_session_id ... [RUN]
[0m23:06:05.586490 [debug] [Thread-4 (]: Re-using an available connection from the pool (formerly test.customerdna_client1_lakehouse.not_null_int_online_retail_customer_sales_customer_id.05d59ed3b8, now test.customerdna_client1_lakehouse.not_null_stg_online_shoppers_intention_shopper_session_id.f9ed5768f7)
[0m23:06:05.587277 [debug] [Thread-4 (]: Began compiling node test.customerdna_client1_lakehouse.not_null_stg_online_shoppers_intention_shopper_session_id.f9ed5768f7
[0m23:06:05.591602 [debug] [Thread-4 (]: Writing injected SQL for node "test.customerdna_client1_lakehouse.not_null_stg_online_shoppers_intention_shopper_session_id.f9ed5768f7"
[0m23:06:05.596614 [debug] [Thread-4 (]: Began executing node test.customerdna_client1_lakehouse.not_null_stg_online_shoppers_intention_shopper_session_id.f9ed5768f7
[0m23:06:05.599991 [debug] [Thread-4 (]: Writing runtime sql for node "test.customerdna_client1_lakehouse.not_null_stg_online_shoppers_intention_shopper_session_id.f9ed5768f7"
[0m23:06:05.605229 [debug] [Thread-4 (]: Spark adapter: NotImplemented: add_begin_query
[0m23:06:05.606392 [debug] [Thread-4 (]: Using spark connection "test.customerdna_client1_lakehouse.not_null_stg_online_shoppers_intention_shopper_session_id.f9ed5768f7"
[0m23:06:05.607375 [debug] [Thread-4 (]: On test.customerdna_client1_lakehouse.not_null_stg_online_shoppers_intention_shopper_session_id.f9ed5768f7: /* {"app": "dbt", "dbt_version": "1.11.12", "profile_name": "customerdna_client1_lakehouse", "target_name": "dev", "node_id": "test.customerdna_client1_lakehouse.not_null_stg_online_shoppers_intention_shopper_session_id.f9ed5768f7"} */

    
    select
      count(*) as failures,
      count(*) != 0 as should_warn,
      count(*) != 0 as should_error
    from (
      
    
  
    
    



select shopper_session_id
from staging.stg_online_shoppers_intention
where shopper_session_id is null



  
  
      
    ) dbt_internal_test
[0m23:06:05.608289 [debug] [Thread-4 (]: Opening a new connection, currently in state closed
[0m23:06:11.281362 [debug] [Thread-3 (]: Spark adapter: Poll status: 1, sleeping
[0m23:06:11.339890 [debug] [Thread-1 (]: Spark adapter: Poll status: 1, sleeping
[0m23:06:11.587744 [debug] [Thread-2 (]: Spark adapter: Poll status: 1, sleeping
[0m23:06:12.105544 [debug] [Thread-4 (]: Spark adapter: Poll status: 1, sleeping
[0m23:06:18.571306 [debug] [Thread-3 (]: Spark adapter: Poll status: 2, query complete
[0m23:06:18.572772 [debug] [Thread-3 (]: SQL status: OK in 13.045 seconds
[0m23:06:18.684928 [debug] [Thread-3 (]: On test.customerdna_client1_lakehouse.not_null_stg_bank_marketing_bank_record_id.b7622e1102: ROLLBACK
[0m23:06:18.686073 [debug] [Thread-3 (]: Spark adapter: NotImplemented: rollback
[0m23:06:18.687060 [debug] [Thread-3 (]: On test.customerdna_client1_lakehouse.not_null_stg_bank_marketing_bank_record_id.b7622e1102: Close
[0m23:06:19.026942 [info ] [Thread-3 (]: 6 of 11 PASS not_null_stg_bank_marketing_bank_record_id ........................ [[32mPASS[0m in 13.53s]
[0m23:06:19.028925 [debug] [Thread-3 (]: Finished running node test.customerdna_client1_lakehouse.not_null_stg_bank_marketing_bank_record_id.b7622e1102
[0m23:06:19.029996 [debug] [Thread-3 (]: Began running node test.customerdna_client1_lakehouse.unique_analytics_customer360_overview_unified_entity_id.e2ff2801b2
[0m23:06:19.030908 [info ] [Thread-3 (]: 9 of 11 START test unique_analytics_customer360_overview_unified_entity_id ..... [RUN]
[0m23:06:19.032334 [debug] [Thread-3 (]: Re-using an available connection from the pool (formerly test.customerdna_client1_lakehouse.not_null_stg_bank_marketing_bank_record_id.b7622e1102, now test.customerdna_client1_lakehouse.unique_analytics_customer360_overview_unified_entity_id.e2ff2801b2)
[0m23:06:19.034407 [debug] [Thread-3 (]: Began compiling node test.customerdna_client1_lakehouse.unique_analytics_customer360_overview_unified_entity_id.e2ff2801b2
[0m23:06:19.045738 [debug] [Thread-3 (]: Writing injected SQL for node "test.customerdna_client1_lakehouse.unique_analytics_customer360_overview_unified_entity_id.e2ff2801b2"
[0m23:06:19.056567 [debug] [Thread-3 (]: Began executing node test.customerdna_client1_lakehouse.unique_analytics_customer360_overview_unified_entity_id.e2ff2801b2
[0m23:06:19.060699 [debug] [Thread-3 (]: Writing runtime sql for node "test.customerdna_client1_lakehouse.unique_analytics_customer360_overview_unified_entity_id.e2ff2801b2"
[0m23:06:19.067830 [debug] [Thread-3 (]: Spark adapter: NotImplemented: add_begin_query
[0m23:06:19.069457 [debug] [Thread-3 (]: Using spark connection "test.customerdna_client1_lakehouse.unique_analytics_customer360_overview_unified_entity_id.e2ff2801b2"
[0m23:06:19.072554 [debug] [Thread-3 (]: On test.customerdna_client1_lakehouse.unique_analytics_customer360_overview_unified_entity_id.e2ff2801b2: /* {"app": "dbt", "dbt_version": "1.11.12", "profile_name": "customerdna_client1_lakehouse", "target_name": "dev", "node_id": "test.customerdna_client1_lakehouse.unique_analytics_customer360_overview_unified_entity_id.e2ff2801b2"} */

    
    select
      count(*) as failures,
      count(*) != 0 as should_warn,
      count(*) != 0 as should_error
    from (
      
    
  
    
    

select
    unified_entity_id as unique_field,
    count(*) as n_records

from analytics.analytics_customer360_overview
where unified_entity_id is not null
group by unified_entity_id
having count(*) > 1



  
  
      
    ) dbt_internal_test
[0m23:06:19.074266 [debug] [Thread-3 (]: Opening a new connection, currently in state closed
[0m23:06:20.814155 [debug] [Thread-2 (]: Spark adapter: Poll status: 2, query complete
[0m23:06:20.815570 [debug] [Thread-2 (]: SQL status: OK in 15.272 seconds
[0m23:06:20.913117 [debug] [Thread-2 (]: On test.customerdna_client1_lakehouse.not_null_stg_online_retail_2_invoice_no.9a648588b3: ROLLBACK
[0m23:06:20.914434 [debug] [Thread-2 (]: Spark adapter: NotImplemented: rollback
[0m23:06:20.915398 [debug] [Thread-2 (]: On test.customerdna_client1_lakehouse.not_null_stg_online_retail_2_invoice_no.9a648588b3: Close
[0m23:06:20.954214 [info ] [Thread-2 (]: 7 of 11 PASS not_null_stg_online_retail_2_invoice_no ........................... [[32mPASS[0m in 15.44s]
[0m23:06:20.957251 [debug] [Thread-2 (]: Finished running node test.customerdna_client1_lakehouse.not_null_stg_online_retail_2_invoice_no.9a648588b3
[0m23:06:20.958192 [debug] [Thread-2 (]: Began running node test.customerdna_client1_lakehouse.unique_int_customer_360_feature_store_unified_entity_id.57d1d8abff
[0m23:06:20.959052 [info ] [Thread-2 (]: 10 of 11 START test unique_int_customer_360_feature_store_unified_entity_id .... [RUN]
[0m23:06:20.959946 [debug] [Thread-2 (]: Re-using an available connection from the pool (formerly test.customerdna_client1_lakehouse.not_null_stg_online_retail_2_invoice_no.9a648588b3, now test.customerdna_client1_lakehouse.unique_int_customer_360_feature_store_unified_entity_id.57d1d8abff)
[0m23:06:20.960790 [debug] [Thread-2 (]: Began compiling node test.customerdna_client1_lakehouse.unique_int_customer_360_feature_store_unified_entity_id.57d1d8abff
[0m23:06:20.967596 [debug] [Thread-2 (]: Writing injected SQL for node "test.customerdna_client1_lakehouse.unique_int_customer_360_feature_store_unified_entity_id.57d1d8abff"
[0m23:06:20.974066 [debug] [Thread-2 (]: Began executing node test.customerdna_client1_lakehouse.unique_int_customer_360_feature_store_unified_entity_id.57d1d8abff
[0m23:06:20.977918 [debug] [Thread-2 (]: Writing runtime sql for node "test.customerdna_client1_lakehouse.unique_int_customer_360_feature_store_unified_entity_id.57d1d8abff"
[0m23:06:20.983550 [debug] [Thread-2 (]: Spark adapter: NotImplemented: add_begin_query
[0m23:06:20.984432 [debug] [Thread-2 (]: Using spark connection "test.customerdna_client1_lakehouse.unique_int_customer_360_feature_store_unified_entity_id.57d1d8abff"
[0m23:06:20.985214 [debug] [Thread-2 (]: On test.customerdna_client1_lakehouse.unique_int_customer_360_feature_store_unified_entity_id.57d1d8abff: /* {"app": "dbt", "dbt_version": "1.11.12", "profile_name": "customerdna_client1_lakehouse", "target_name": "dev", "node_id": "test.customerdna_client1_lakehouse.unique_int_customer_360_feature_store_unified_entity_id.57d1d8abff"} */

    
    select
      count(*) as failures,
      count(*) != 0 as should_warn,
      count(*) != 0 as should_error
    from (
      
    
  
    
    

select
    unified_entity_id as unique_field,
    count(*) as n_records

from intermediate.int_customer_360_feature_store
where unified_entity_id is not null
group by unified_entity_id
having count(*) > 1



  
  
      
    ) dbt_internal_test
[0m23:06:20.986003 [debug] [Thread-2 (]: Opening a new connection, currently in state closed
[0m23:06:21.421119 [debug] [Thread-1 (]: Spark adapter: Poll status: 1, sleeping
[0m23:06:32.679187 [debug] [Thread-4 (]: Spark adapter: Poll status: 1, sleeping
[0m23:06:32.739814 [debug] [Thread-2 (]: Spark adapter: Poll status: 1, sleeping
[0m23:06:32.740844 [debug] [Thread-1 (]: Spark adapter: Poll status: 2, query complete
[0m23:06:32.741943 [debug] [Thread-3 (]: Spark adapter: Poll status: 1, sleeping
[0m23:06:32.744039 [debug] [Thread-1 (]: SQL status: OK in 27.368 seconds
[0m23:06:32.925892 [debug] [Thread-1 (]: On test.customerdna_client1_lakehouse.not_null_int_online_shopper_sessions_shopper_session_id.1ee31c205b: ROLLBACK
[0m23:06:32.926901 [debug] [Thread-1 (]: Spark adapter: NotImplemented: rollback
[0m23:06:32.927859 [debug] [Thread-1 (]: On test.customerdna_client1_lakehouse.not_null_int_online_shopper_sessions_shopper_session_id.1ee31c205b: Close
[0m23:06:33.128712 [info ] [Thread-1 (]: 5 of 11 PASS not_null_int_online_shopper_sessions_shopper_session_id ........... [[32mPASS[0m in 27.82s]
[0m23:06:33.130379 [debug] [Thread-1 (]: Finished running node test.customerdna_client1_lakehouse.not_null_int_online_shopper_sessions_shopper_session_id.1ee31c205b
[0m23:06:33.131530 [debug] [Thread-1 (]: Began running node test.customerdna_client1_lakehouse.unique_int_online_retail_customer_sales_customer_id.13dd1785fb
[0m23:06:33.132504 [info ] [Thread-1 (]: 11 of 11 START test unique_int_online_retail_customer_sales_customer_id ........ [RUN]
[0m23:06:33.133824 [debug] [Thread-1 (]: Re-using an available connection from the pool (formerly test.customerdna_client1_lakehouse.not_null_int_online_shopper_sessions_shopper_session_id.1ee31c205b, now test.customerdna_client1_lakehouse.unique_int_online_retail_customer_sales_customer_id.13dd1785fb)
[0m23:06:33.134806 [debug] [Thread-1 (]: Began compiling node test.customerdna_client1_lakehouse.unique_int_online_retail_customer_sales_customer_id.13dd1785fb
[0m23:06:33.139657 [debug] [Thread-1 (]: Writing injected SQL for node "test.customerdna_client1_lakehouse.unique_int_online_retail_customer_sales_customer_id.13dd1785fb"
[0m23:06:33.190944 [debug] [Thread-1 (]: Began executing node test.customerdna_client1_lakehouse.unique_int_online_retail_customer_sales_customer_id.13dd1785fb
[0m23:06:33.194579 [debug] [Thread-1 (]: Writing runtime sql for node "test.customerdna_client1_lakehouse.unique_int_online_retail_customer_sales_customer_id.13dd1785fb"
[0m23:06:33.200318 [debug] [Thread-1 (]: Spark adapter: NotImplemented: add_begin_query
[0m23:06:33.201343 [debug] [Thread-1 (]: Using spark connection "test.customerdna_client1_lakehouse.unique_int_online_retail_customer_sales_customer_id.13dd1785fb"
[0m23:06:33.202368 [debug] [Thread-1 (]: On test.customerdna_client1_lakehouse.unique_int_online_retail_customer_sales_customer_id.13dd1785fb: /* {"app": "dbt", "dbt_version": "1.11.12", "profile_name": "customerdna_client1_lakehouse", "target_name": "dev", "node_id": "test.customerdna_client1_lakehouse.unique_int_online_retail_customer_sales_customer_id.13dd1785fb"} */

    
    select
      count(*) as failures,
      count(*) != 0 as should_warn,
      count(*) != 0 as should_error
    from (
      
    
  
    
    

select
    customer_id as unique_field,
    count(*) as n_records

from intermediate.int_online_retail_customer_sales
where customer_id is not null
group by customer_id
having count(*) > 1



  
  
      
    ) dbt_internal_test
[0m23:06:33.203343 [debug] [Thread-1 (]: Opening a new connection, currently in state closed
[0m23:06:37.754844 [debug] [Thread-4 (]: Spark adapter: Poll status: 2, query complete
[0m23:06:37.756086 [debug] [Thread-4 (]: SQL status: OK in 32.150 seconds
[0m23:06:37.862814 [debug] [Thread-4 (]: On test.customerdna_client1_lakehouse.not_null_stg_online_shoppers_intention_shopper_session_id.f9ed5768f7: ROLLBACK
[0m23:06:37.864189 [debug] [Thread-4 (]: Spark adapter: NotImplemented: rollback
[0m23:06:37.865291 [debug] [Thread-4 (]: On test.customerdna_client1_lakehouse.not_null_stg_online_shoppers_intention_shopper_session_id.f9ed5768f7: Close
[0m23:06:38.040607 [info ] [Thread-4 (]: 8 of 11 PASS not_null_stg_online_shoppers_intention_shopper_session_id ......... [[32mPASS[0m in 32.45s]
[0m23:06:38.042400 [debug] [Thread-4 (]: Finished running node test.customerdna_client1_lakehouse.not_null_stg_online_shoppers_intention_shopper_session_id.f9ed5768f7
[0m23:06:38.538322 [debug] [Thread-1 (]: Spark adapter: Poll status: 1, sleeping
[0m23:06:39.557107 [debug] [Thread-2 (]: Spark adapter: Poll status: 2, query complete
[0m23:06:39.558339 [debug] [Thread-2 (]: SQL status: OK in 18.574 seconds
[0m23:06:39.657168 [debug] [Thread-2 (]: On test.customerdna_client1_lakehouse.unique_int_customer_360_feature_store_unified_entity_id.57d1d8abff: ROLLBACK
[0m23:06:39.658110 [debug] [Thread-2 (]: Spark adapter: NotImplemented: rollback
[0m23:06:39.658824 [debug] [Thread-2 (]: On test.customerdna_client1_lakehouse.unique_int_customer_360_feature_store_unified_entity_id.57d1d8abff: Close
[0m23:06:40.655101 [error] [Thread-2 (]: 10 of 11 FAIL 88 unique_int_customer_360_feature_store_unified_entity_id ....... [[31mFAIL 88[0m in 19.70s]
[0m23:06:40.656393 [debug] [Thread-2 (]: Finished running node test.customerdna_client1_lakehouse.unique_int_customer_360_feature_store_unified_entity_id.57d1d8abff
[0m23:06:42.758053 [debug] [Thread-3 (]: Spark adapter: Poll status: 1, sleeping
[0m23:06:43.622954 [debug] [Thread-1 (]: Spark adapter: Poll status: 2, query complete
[0m23:06:43.624616 [debug] [Thread-1 (]: SQL status: OK in 10.423 seconds
[0m23:06:43.669923 [debug] [Thread-1 (]: On test.customerdna_client1_lakehouse.unique_int_online_retail_customer_sales_customer_id.13dd1785fb: ROLLBACK
[0m23:06:43.671117 [debug] [Thread-1 (]: Spark adapter: NotImplemented: rollback
[0m23:06:43.673512 [debug] [Thread-1 (]: On test.customerdna_client1_lakehouse.unique_int_online_retail_customer_sales_customer_id.13dd1785fb: Close
[0m23:06:43.864811 [info ] [Thread-1 (]: 11 of 11 PASS unique_int_online_retail_customer_sales_customer_id .............. [[32mPASS[0m in 10.73s]
[0m23:06:43.866565 [debug] [Thread-1 (]: Finished running node test.customerdna_client1_lakehouse.unique_int_online_retail_customer_sales_customer_id.13dd1785fb
[0m23:06:52.774614 [debug] [Thread-3 (]: Spark adapter: Poll status: 1, sleeping
[0m23:07:02.791059 [debug] [Thread-3 (]: Spark adapter: Poll status: 1, sleeping
[0m23:07:12.806001 [debug] [Thread-3 (]: Spark adapter: Poll status: 1, sleeping
[0m23:07:22.863187 [debug] [Thread-3 (]: Spark adapter: Poll status: 1, sleeping
[0m23:07:32.879568 [debug] [Thread-3 (]: Spark adapter: Poll status: 1, sleeping
[0m23:07:39.155273 [debug] [Thread-3 (]: Spark adapter: Poll status: 2, query complete
[0m23:07:39.156332 [debug] [Thread-3 (]: SQL status: OK in 80.089 seconds
[0m23:07:39.254739 [debug] [Thread-3 (]: On test.customerdna_client1_lakehouse.unique_analytics_customer360_overview_unified_entity_id.e2ff2801b2: ROLLBACK
[0m23:07:39.256290 [debug] [Thread-3 (]: Spark adapter: NotImplemented: rollback
[0m23:07:39.258411 [debug] [Thread-3 (]: On test.customerdna_client1_lakehouse.unique_analytics_customer360_overview_unified_entity_id.e2ff2801b2: Close
[0m23:07:39.746680 [error] [Thread-3 (]: 9 of 11 FAIL 88 unique_analytics_customer360_overview_unified_entity_id ........ [[31mFAIL 88[0m in 80.71s]
[0m23:07:39.748583 [debug] [Thread-3 (]: Finished running node test.customerdna_client1_lakehouse.unique_analytics_customer360_overview_unified_entity_id.e2ff2801b2
[0m23:07:39.750969 [debug] [MainThread]: On master: ROLLBACK
[0m23:07:39.751780 [debug] [MainThread]: Opening a new connection, currently in state init
[0m23:07:39.994581 [debug] [MainThread]: Spark adapter: NotImplemented: rollback
[0m23:07:40.004207 [debug] [MainThread]: Spark adapter: NotImplemented: add_begin_query
[0m23:07:40.005267 [debug] [MainThread]: Spark adapter: NotImplemented: commit
[0m23:07:40.006426 [debug] [MainThread]: On master: ROLLBACK
[0m23:07:40.008430 [debug] [MainThread]: Spark adapter: NotImplemented: rollback
[0m23:07:40.009896 [debug] [MainThread]: On master: Close
[0m23:07:40.038166 [debug] [MainThread]: Connection 'master' was properly closed.
[0m23:07:40.039538 [debug] [MainThread]: Connection 'test.customerdna_client1_lakehouse.unique_int_online_retail_customer_sales_customer_id.13dd1785fb' was properly closed.
[0m23:07:40.040486 [debug] [MainThread]: Connection 'test.customerdna_client1_lakehouse.unique_int_customer_360_feature_store_unified_entity_id.57d1d8abff' was properly closed.
[0m23:07:40.041345 [debug] [MainThread]: Connection 'test.customerdna_client1_lakehouse.unique_analytics_customer360_overview_unified_entity_id.e2ff2801b2' was properly closed.
[0m23:07:40.042437 [debug] [MainThread]: Connection 'test.customerdna_client1_lakehouse.not_null_stg_online_shoppers_intention_shopper_session_id.f9ed5768f7' was properly closed.
[0m23:07:40.043804 [info ] [MainThread]: 
[0m23:07:40.044693 [info ] [MainThread]: Finished running 11 data tests in 0 hours 1 minutes and 57.36 seconds (117.36s).
[0m23:07:40.047139 [debug] [MainThread]: Command end result
[0m23:07:40.092645 [debug] [MainThread]: Wrote artifact WritableManifest to /opt/airflow/CustomerDNA_AI/src/transformation/dbt_spark/client_1/target/manifest.json
[0m23:07:40.096886 [debug] [MainThread]: Wrote artifact SemanticManifest to /opt/airflow/CustomerDNA_AI/src/transformation/dbt_spark/client_1/target/semantic_manifest.json
[0m23:07:40.107259 [debug] [MainThread]: Wrote artifact RunExecutionResult to /opt/airflow/CustomerDNA_AI/src/transformation/dbt_spark/client_1/target/run_results.json
[0m23:07:40.108889 [info ] [MainThread]: 
[0m23:07:40.110268 [info ] [MainThread]: [31mCompleted with 2 errors, 0 partial successes, and 0 warnings:[0m
[0m23:07:40.111218 [info ] [MainThread]: 
[0m23:07:40.112098 [error] [MainThread]: [31mFailure in test unique_int_customer_360_feature_store_unified_entity_id (models/intermediate/schema.yml)[0m
[0m23:07:40.113212 [error] [MainThread]:   Got 88 results, configured to fail if != 0
[0m23:07:40.114266 [info ] [MainThread]: 
[0m23:07:40.115264 [info ] [MainThread]:   compiled code at target/compiled/customerdna_client1_lakehouse/models/intermediate/schema.yml/unique_int_customer_360_feature_store_unified_entity_id.sql
[0m23:07:40.116235 [info ] [MainThread]: 
[0m23:07:40.117125 [error] [MainThread]: [31mFailure in test unique_analytics_customer360_overview_unified_entity_id (models/analytics/schema.yml)[0m
[0m23:07:40.118120 [error] [MainThread]:   Got 88 results, configured to fail if != 0
[0m23:07:40.118922 [info ] [MainThread]: 
[0m23:07:40.120769 [info ] [MainThread]:   compiled code at target/compiled/customerdna_client1_lakehouse/models/analytics/schema.yml/unique_analytics_customer360_overview_unified_entity_id.sql
[0m23:07:40.121915 [info ] [MainThread]: 
[0m23:07:40.123105 [info ] [MainThread]: Done. PASS=9 WARN=0 ERROR=2 SKIP=0 NO-OP=0 TOTAL=11
[0m23:07:40.125577 [debug] [MainThread]: Resource report: {"command_name": "test", "command_success": false, "command_wall_clock_time": 118.475235, "process_in_blocks": "0", "process_kernel_time": 0.653167, "process_mem_max_rss": "141536", "process_out_blocks": "0", "process_user_time": 2.728167}
[0m23:07:40.126701 [debug] [MainThread]: Command `dbt test` failed at 23:07:40.126595 after 118.48 seconds
[0m23:07:40.127559 [debug] [MainThread]: Sending event: {'category': 'dbt', 'action': 'invocation', 'label': 'end', 'context': [<snowplow_tracker.self_describing_json.SelfDescribingJson object at 0x702bce6bb350>, <snowplow_tracker.self_describing_json.SelfDescribingJson object at 0x702bce56e9d0>, <snowplow_tracker.self_describing_json.SelfDescribingJson object at 0x702bce56ea10>]}
[0m23:07:40.128347 [debug] [MainThread]: Flushing usage events
[0m23:07:40.690809 [debug] [MainThread]: An error was encountered while trying to flush usage events
[0m23:34:01.359062 [debug] [MainThread]: Sending event: {'category': 'dbt', 'action': 'invocation', 'label': 'start', 'context': [<snowplow_tracker.self_describing_json.SelfDescribingJson object at 0x703e0c9d5010>, <snowplow_tracker.self_describing_json.SelfDescribingJson object at 0x703e099b4890>, <snowplow_tracker.self_describing_json.SelfDescribingJson object at 0x703e0997ddd0>]}


============================== 23:34:01.363759 | 5f44fc0f-9b20-47fe-8910-b9c097db711c ==============================
[0m23:34:01.363759 [info ] [MainThread]: Running with dbt=1.11.12
[0m23:34:01.366192 [debug] [MainThread]: running dbt with arguments {'send_anonymous_usage_stats': 'True', 'cache_selected_only': 'False', 'log_path': '/opt/airflow/CustomerDNA_AI/src/transformation/dbt_spark/client_1/logs', 'quiet': 'False', 'static_parser': 'True', 'log_format': 'default', 'target_path': 'None', 'debug': 'False', 'use_colors': 'True', 'write_json': 'True', 'invocation_command': 'dbt run', 'warn_error_options': 'WarnErrorOptionsV2(error=[], warn=[], silence=[])', 'partial_parse': 'True', 'profiles_dir': '/opt/airflow/CustomerDNA_AI/src/transformation/dbt_spark/client_1', 'no_print': 'None', 'fail_fast': 'False', 'warn_error': 'None', 'empty': 'False', 'use_experimental_parser': 'False', 'log_cache_events': 'False', 'introspect': 'True', 'indirect_selection': 'eager', 'version_check': 'True', 'printer_width': '80'}
[0m23:34:01.449704 [debug] [MainThread]: Spark adapter: Setting pyhive.hive logging to ERROR
[0m23:34:01.451199 [debug] [MainThread]: Spark adapter: Setting thrift.transport logging to ERROR
[0m23:34:01.453513 [debug] [MainThread]: Spark adapter: Setting thrift.protocol logging to ERROR
[0m23:34:01.645990 [debug] [MainThread]: Sending event: {'category': 'dbt', 'action': 'project_id', 'label': '5f44fc0f-9b20-47fe-8910-b9c097db711c', 'context': [<snowplow_tracker.self_describing_json.SelfDescribingJson object at 0x703e0974c410>]}
[0m23:34:01.736197 [debug] [MainThread]: Sending event: {'category': 'dbt', 'action': 'adapter_info', 'label': '5f44fc0f-9b20-47fe-8910-b9c097db711c', 'context': [<snowplow_tracker.self_describing_json.SelfDescribingJson object at 0x703e09f7c850>]}
[0m23:34:01.737692 [info ] [MainThread]: Registered adapter: spark=1.10.3
[0m23:34:01.860837 [debug] [MainThread]: checksum: f368f5348cf42803b94ef7fb8257ecf3bf9a9a16dd9c8c51fe5172f2dbeb457f, vars: {}, profile: , target: , version: 1.11.12
[0m23:34:02.182453 [debug] [MainThread]: Partial parsing enabled: 0 files deleted, 0 files added, 1 files changed.
[0m23:34:02.183772 [debug] [MainThread]: Partial parsing: updated file: customerdna_client1_lakehouse://models/intermediate/int_customer_360_feature_store.sql
[0m23:34:02.696087 [debug] [MainThread]: Sending event: {'category': 'dbt', 'action': 'load_project', 'label': '5f44fc0f-9b20-47fe-8910-b9c097db711c', 'context': [<snowplow_tracker.self_describing_json.SelfDescribingJson object at 0x703e08b96910>]}
[0m23:34:02.834409 [debug] [MainThread]: Wrote artifact WritableManifest to /opt/airflow/CustomerDNA_AI/src/transformation/dbt_spark/client_1/target/manifest.json
[0m23:34:02.838737 [debug] [MainThread]: Wrote artifact SemanticManifest to /opt/airflow/CustomerDNA_AI/src/transformation/dbt_spark/client_1/target/semantic_manifest.json
[0m23:34:02.851262 [debug] [MainThread]: Sending event: {'category': 'dbt', 'action': 'resource_counts', 'label': '5f44fc0f-9b20-47fe-8910-b9c097db711c', 'context': [<snowplow_tracker.self_describing_json.SelfDescribingJson object at 0x703dfa967350>]}
[0m23:34:02.852230 [info ] [MainThread]: Found 10 models, 11 data tests, 3 sources, 526 macros
[0m23:34:02.853201 [debug] [MainThread]: Sending event: {'category': 'dbt', 'action': 'runnable_timing', 'label': '5f44fc0f-9b20-47fe-8910-b9c097db711c', 'context': [<snowplow_tracker.self_describing_json.SelfDescribingJson object at 0x703dfa913950>]}
[0m23:34:02.855977 [info ] [MainThread]: 
[0m23:34:02.858763 [info ] [MainThread]: Concurrency: 4 threads (target='dev')
[0m23:34:02.860095 [info ] [MainThread]: 
[0m23:34:02.862528 [debug] [MainThread]: Acquiring new spark connection 'master'
[0m23:34:02.869890 [debug] [ThreadPool]: Acquiring new spark connection 'list_schemas'
[0m23:34:02.870950 [debug] [ThreadPool]: Acquiring new spark connection 'list_schemas'
[0m23:34:02.871935 [debug] [ThreadPool]: Acquiring new spark connection 'list_schemas'
[0m23:34:02.881907 [debug] [ThreadPool]: Using spark connection "list_schemas"
[0m23:34:02.885591 [debug] [ThreadPool]: Using spark connection "list_schemas"
[0m23:34:02.888717 [debug] [ThreadPool]: Using spark connection "list_schemas"
[0m23:34:02.889906 [debug] [ThreadPool]: On list_schemas: /* {"app": "dbt", "dbt_version": "1.11.12", "profile_name": "customerdna_client1_lakehouse", "target_name": "dev", "connection_name": "list_schemas"} */

    show databases
  
[0m23:34:02.891025 [debug] [ThreadPool]: On list_schemas: /* {"app": "dbt", "dbt_version": "1.11.12", "profile_name": "customerdna_client1_lakehouse", "target_name": "dev", "connection_name": "list_schemas"} */

    show databases
  
[0m23:34:02.892351 [debug] [ThreadPool]: On list_schemas: /* {"app": "dbt", "dbt_version": "1.11.12", "profile_name": "customerdna_client1_lakehouse", "target_name": "dev", "connection_name": "list_schemas"} */

    show databases
  
[0m23:34:02.893598 [debug] [ThreadPool]: Opening a new connection, currently in state init
[0m23:34:02.894753 [debug] [ThreadPool]: Opening a new connection, currently in state init
[0m23:34:02.896536 [debug] [ThreadPool]: Opening a new connection, currently in state init
[0m23:34:04.493390 [debug] [ThreadPool]: Spark adapter: Poll status: 2, query complete
[0m23:34:04.494515 [debug] [ThreadPool]: SQL status: OK in 1.597 seconds
[0m23:34:04.503246 [debug] [ThreadPool]: Spark adapter: Poll status: 2, query complete
[0m23:34:04.503921 [debug] [ThreadPool]: Spark adapter: Poll status: 2, query complete
[0m23:34:04.504764 [debug] [ThreadPool]: SQL status: OK in 1.606 seconds
[0m23:34:04.505580 [debug] [ThreadPool]: SQL status: OK in 1.605 seconds
[0m23:34:04.572586 [debug] [ThreadPool]: On list_schemas: Close
[0m23:34:04.587974 [debug] [ThreadPool]: On list_schemas: Close
[0m23:34:04.589809 [debug] [ThreadPool]: On list_schemas: Close
[0m23:34:04.779273 [debug] [ThreadPool]: Re-using an available connection from the pool (formerly list_schemas, now list_None_analytics)
[0m23:34:04.781487 [debug] [ThreadPool]: Re-using an available connection from the pool (formerly list_schemas, now list_None_staging)
[0m23:34:04.782454 [debug] [ThreadPool]: Re-using an available connection from the pool (formerly list_schemas, now list_None_intermediate)
[0m23:34:04.791043 [debug] [ThreadPool]: Spark adapter: NotImplemented: add_begin_query
[0m23:34:04.793686 [debug] [ThreadPool]: Spark adapter: NotImplemented: add_begin_query
[0m23:34:04.796331 [debug] [ThreadPool]: Spark adapter: NotImplemented: add_begin_query
[0m23:34:04.797219 [debug] [ThreadPool]: Using spark connection "list_None_analytics"
[0m23:34:04.798089 [debug] [ThreadPool]: Using spark connection "list_None_staging"
[0m23:34:04.798918 [debug] [ThreadPool]: Using spark connection "list_None_intermediate"
[0m23:34:04.799831 [debug] [ThreadPool]: On list_None_analytics: /* {"app": "dbt", "dbt_version": "1.11.12", "profile_name": "customerdna_client1_lakehouse", "target_name": "dev", "connection_name": "list_None_analytics"} */
show table extended in analytics like '*'
  
[0m23:34:04.800653 [debug] [ThreadPool]: On list_None_staging: /* {"app": "dbt", "dbt_version": "1.11.12", "profile_name": "customerdna_client1_lakehouse", "target_name": "dev", "connection_name": "list_None_staging"} */
show table extended in staging like '*'
  
[0m23:34:04.801464 [debug] [ThreadPool]: On list_None_intermediate: /* {"app": "dbt", "dbt_version": "1.11.12", "profile_name": "customerdna_client1_lakehouse", "target_name": "dev", "connection_name": "list_None_intermediate"} */
show table extended in intermediate like '*'
  
[0m23:34:04.802420 [debug] [ThreadPool]: Opening a new connection, currently in state closed
[0m23:34:04.803161 [debug] [ThreadPool]: Opening a new connection, currently in state closed
[0m23:34:04.803866 [debug] [ThreadPool]: Opening a new connection, currently in state closed
[0m23:34:07.274149 [debug] [ThreadPool]: Spark adapter: Poll status: 2, query complete
[0m23:34:07.275339 [debug] [ThreadPool]: SQL status: OK in 2.473 seconds
[0m23:34:07.371447 [debug] [ThreadPool]: Spark adapter: Poll status: 2, query complete
[0m23:34:07.372681 [debug] [ThreadPool]: SQL status: OK in 2.569 seconds
[0m23:34:07.445420 [debug] [ThreadPool]: On list_None_analytics: ROLLBACK
[0m23:34:07.449287 [debug] [ThreadPool]: Spark adapter: NotImplemented: rollback
[0m23:34:07.450286 [debug] [ThreadPool]: On list_None_analytics: Close
[0m23:34:07.481352 [debug] [ThreadPool]: On list_None_intermediate: ROLLBACK
[0m23:34:07.482676 [debug] [ThreadPool]: Spark adapter: NotImplemented: rollback
[0m23:34:07.483520 [debug] [ThreadPool]: On list_None_intermediate: Close
[0m23:34:08.084800 [debug] [ThreadPool]: Spark adapter: Poll status: 2, query complete
[0m23:34:08.086159 [debug] [ThreadPool]: SQL status: OK in 3.283 seconds
[0m23:34:08.241942 [debug] [ThreadPool]: On list_None_staging: ROLLBACK
[0m23:34:08.243228 [debug] [ThreadPool]: Spark adapter: NotImplemented: rollback
[0m23:34:08.248558 [debug] [ThreadPool]: On list_None_staging: Close
[0m23:34:08.286236 [debug] [MainThread]: Sending event: {'category': 'dbt', 'action': 'runnable_timing', 'label': '5f44fc0f-9b20-47fe-8910-b9c097db711c', 'context': [<snowplow_tracker.self_describing_json.SelfDescribingJson object at 0x703dfa807390>]}
[0m23:34:08.287304 [debug] [MainThread]: Spark adapter: NotImplemented: add_begin_query
[0m23:34:08.288249 [debug] [MainThread]: Spark adapter: NotImplemented: commit
[0m23:34:08.291411 [debug] [Thread-1 (]: Began running node model.customerdna_client1_lakehouse.stg_bank_marketing
[0m23:34:08.291968 [debug] [Thread-2 (]: Began running node model.customerdna_client1_lakehouse.stg_online_retail_2
[0m23:34:08.292500 [debug] [Thread-3 (]: Began running node model.customerdna_client1_lakehouse.stg_online_shoppers_intention
[0m23:34:08.294116 [info ] [Thread-1 (]: 1 of 10 START sql table model staging.stg_bank_marketing ....................... [RUN]
[0m23:34:08.295110 [info ] [Thread-2 (]: 2 of 10 START sql table model staging.stg_online_retail_2 ...................... [RUN]
[0m23:34:08.296060 [info ] [Thread-3 (]: 3 of 10 START sql table model staging.stg_online_shoppers_intention ............ [RUN]
[0m23:34:08.297023 [debug] [Thread-1 (]: Re-using an available connection from the pool (formerly list_None_staging, now model.customerdna_client1_lakehouse.stg_bank_marketing)
[0m23:34:08.298017 [debug] [Thread-2 (]: Re-using an available connection from the pool (formerly list_None_intermediate, now model.customerdna_client1_lakehouse.stg_online_retail_2)
[0m23:34:08.299510 [debug] [Thread-3 (]: Re-using an available connection from the pool (formerly list_None_analytics, now model.customerdna_client1_lakehouse.stg_online_shoppers_intention)
[0m23:34:08.300320 [debug] [Thread-1 (]: Began compiling node model.customerdna_client1_lakehouse.stg_bank_marketing
[0m23:34:08.301199 [debug] [Thread-2 (]: Began compiling node model.customerdna_client1_lakehouse.stg_online_retail_2
[0m23:34:08.305022 [debug] [Thread-3 (]: Began compiling node model.customerdna_client1_lakehouse.stg_online_shoppers_intention
[0m23:34:08.318704 [debug] [Thread-1 (]: Writing injected SQL for node "model.customerdna_client1_lakehouse.stg_bank_marketing"
[0m23:34:08.325496 [debug] [Thread-2 (]: Writing injected SQL for node "model.customerdna_client1_lakehouse.stg_online_retail_2"
[0m23:34:08.331624 [debug] [Thread-3 (]: Writing injected SQL for node "model.customerdna_client1_lakehouse.stg_online_shoppers_intention"
[0m23:34:08.336697 [debug] [Thread-1 (]: Began executing node model.customerdna_client1_lakehouse.stg_bank_marketing
[0m23:34:08.344265 [debug] [Thread-3 (]: Began executing node model.customerdna_client1_lakehouse.stg_online_shoppers_intention
[0m23:34:08.351626 [debug] [Thread-2 (]: Began executing node model.customerdna_client1_lakehouse.stg_online_retail_2
[0m23:34:08.421543 [debug] [Thread-1 (]: Writing runtime sql for node "model.customerdna_client1_lakehouse.stg_bank_marketing"
[0m23:34:08.422329 [debug] [Thread-2 (]: Writing runtime sql for node "model.customerdna_client1_lakehouse.stg_online_retail_2"
[0m23:34:08.419431 [debug] [Thread-3 (]: Writing runtime sql for node "model.customerdna_client1_lakehouse.stg_online_shoppers_intention"
[0m23:34:08.426668 [debug] [Thread-1 (]: Spark adapter: NotImplemented: add_begin_query
[0m23:34:08.427263 [debug] [Thread-2 (]: Spark adapter: NotImplemented: add_begin_query
[0m23:34:08.428003 [debug] [Thread-1 (]: Using spark connection "model.customerdna_client1_lakehouse.stg_bank_marketing"
[0m23:34:08.428554 [debug] [Thread-3 (]: Spark adapter: NotImplemented: add_begin_query
[0m23:34:08.429294 [debug] [Thread-2 (]: Using spark connection "model.customerdna_client1_lakehouse.stg_online_retail_2"
[0m23:34:08.430178 [debug] [Thread-1 (]: On model.customerdna_client1_lakehouse.stg_bank_marketing: /* {"app": "dbt", "dbt_version": "1.11.12", "profile_name": "customerdna_client1_lakehouse", "target_name": "dev", "node_id": "model.customerdna_client1_lakehouse.stg_bank_marketing"} */

  
    
        create or replace table staging.stg_bank_marketing
      
      
    using iceberg
      
      
      
      
      
      comment 'Typed staging model for outbound bank marketing contacts and conversion outcomes.'
      

      as
      with source as (
    select
        age,
        job,
        marital,
        education,
        `default` as credit_default,
        housing,
        loan,
        contact,
        month,
        day_of_week,
        duration,
        campaign,
        pdays,
        previous,
        poutcome,
        emp_var_rate,
        cons_price_idx,
        cons_conf_idx,
        euribor3m,
        nr_employed,
        y as subscription_result
    from raw_data.bank_marketing
)

select
    sha2(
        concat_ws(
            '||',
            coalesce(cast(age as string), ''),
            coalesce(job, ''),
            coalesce(marital, ''),
            coalesce(education, ''),
            coalesce(credit_default, ''),
            coalesce(housing, ''),
            coalesce(loan, ''),
            coalesce(contact, ''),
            coalesce(month, ''),
            coalesce(day_of_week, ''),
            coalesce(cast(duration as string), ''),
            coalesce(cast(campaign as string), ''),
            coalesce(cast(pdays as string), ''),
            coalesce(cast(previous as string), ''),
            coalesce(poutcome, ''),
            coalesce(cast(emp_var_rate as string), ''),
            coalesce(cast(cons_price_idx as string), ''),
            coalesce(cast(cons_conf_idx as string), ''),
            coalesce(cast(euribor3m as string), ''),
            coalesce(cast(nr_employed as string), ''),
            coalesce(subscription_result, '')
        ),
        256
    ) as bank_record_id,
    cast(
    coalesce(
        try_cast(nullif(trim(age), '') as int),
        try_cast(nullif(trim(age), '') as double)
    ) as int
) as age,
    trim(job) as job,
    trim(marital) as marital_status,
    trim(education) as education_level,
    case
    when lower(trim(credit_default)) = 'yes' then true
    when lower(trim(credit_default)) = 'no' then false
    else null
end as has_credit_default,
    case
    when lower(trim(housing)) = 'yes' then true
    when lower(trim(housing)) = 'no' then false
    else null
end as has_housing_loan,
    case
    when lower(trim(loan)) = 'yes' then true
    when lower(trim(loan)) = 'no' then false
    else null
end as has_personal_loan,
    trim(contact) as contact_channel,
    trim(month) as contact_month,
    trim(day_of_week) as contact_day_of_week,
    cast(
    coalesce(
        try_cast(nullif(trim(duration), '') as int),
        try_cast(nullif(trim(duration), '') as double)
    ) as int
) as call_duration_seconds,
    cast(
    coalesce(
        try_cast(nullif(trim(campaign), '') as int),
        try_cast(nullif(trim(campaign), '') as double)
    ) as int
) as contact_attempt_count,
    case
        when cast(
    coalesce(
        try_cast(nullif(trim(pdays), '') as int),
        try_cast(nullif(trim(pdays), '') as double)
    ) as int
) = 999 then null
        else cast(
    coalesce(
        try_cast(nullif(trim(pdays), '') as int),
        try_cast(nullif(trim(pdays), '') as double)
    ) as int
)
    end as prior_contact_gap_days,
    case
        when cast(
    coalesce(
        try_cast(nullif(trim(pdays), '') as int),
        try_cast(nullif(trim(pdays), '') as double)
    ) as int
) = 999 then false
        else true
    end as had_prior_contact,
    cast(
    coalesce(
        try_cast(nullif(trim(previous), '') as int),
        try_cast(nullif(trim(previous), '') as double)
    ) as int
) as previous_contact_count,
    trim(poutcome) as previous_campaign_outcome,
    try_cast(nullif(trim(emp_var_rate), '') as double) as employment_variation_rate,
    try_cast(nullif(trim(cons_price_idx), '') as double) as consumer_price_index,
    try_cast(nullif(trim(cons_conf_idx), '') as double) as consumer_confidence_index,
    try_cast(nullif(trim(euribor3m), '') as double) as euribor_3m_rate,
    try_cast(nullif(trim(nr_employed), '') as double) as employee_count,
    case
    when lower(trim(subscription_result)) = 'yes' then true
    when lower(trim(subscription_result)) = 'no' then false
    else null
end as subscribed_term_deposit_flag
from source
  
[0m23:34:08.432839 [debug] [Thread-3 (]: Using spark connection "model.customerdna_client1_lakehouse.stg_online_shoppers_intention"
[0m23:34:08.434716 [debug] [Thread-2 (]: On model.customerdna_client1_lakehouse.stg_online_retail_2: /* {"app": "dbt", "dbt_version": "1.11.12", "profile_name": "customerdna_client1_lakehouse", "target_name": "dev", "node_id": "model.customerdna_client1_lakehouse.stg_online_retail_2"} */

  
    
        create or replace table staging.stg_online_retail_2
      
      
    using iceberg
      
      
      
      
      
      comment 'Typed staging model for retail transactions from Online Retail II.'
      

      as
      select
    trim(invoice) as invoice_no,
    trim(stockcode) as stock_code,
    trim(description) as product_description,
    cast(
    coalesce(
        try_cast(nullif(trim(quantity), '') as int),
        try_cast(nullif(trim(quantity), '') as double)
    ) as int
) as quantity,
    
try_to_timestamp(nullif(trim(invoicedate), ''))
 as invoice_timestamp,
    try_cast(nullif(trim(price), '') as double) as unit_price,
    case
        when cast(
    coalesce(
        try_cast(nullif(trim(customer_id), '') as bigint),
        try_cast(nullif(trim(customer_id), '') as double)
    ) as bigint
) > 0 then cast(
    coalesce(
        try_cast(nullif(trim(customer_id), '') as bigint),
        try_cast(nullif(trim(customer_id), '') as double)
    ) as bigint
)
        else null
    end as customer_id,
    trim(country) as country,
    round(
        coalesce(cast(
    coalesce(
        try_cast(nullif(trim(quantity), '') as int),
        try_cast(nullif(trim(quantity), '') as double)
    ) as int
), 0) * coalesce(try_cast(nullif(trim(price), '') as double), 0.0),
        2
    ) as line_amount,
    case
        when cast(
    coalesce(
        try_cast(nullif(trim(quantity), '') as int),
        try_cast(nullif(trim(quantity), '') as double)
    ) as int
) < 0 or upper(trim(invoice)) like 'C%' then true
        else false
    end as is_return
from raw_data.online_retail_2
  
[0m23:34:08.437155 [debug] [Thread-1 (]: Opening a new connection, currently in state closed
[0m23:34:08.438881 [debug] [Thread-3 (]: On model.customerdna_client1_lakehouse.stg_online_shoppers_intention: /* {"app": "dbt", "dbt_version": "1.11.12", "profile_name": "customerdna_client1_lakehouse", "target_name": "dev", "node_id": "model.customerdna_client1_lakehouse.stg_online_shoppers_intention"} */

  
    
        create or replace table staging.stg_online_shoppers_intention
      
      
    using iceberg
      
      
      
      
      
      comment 'Typed staging model for digital browsing sessions and purchase intent.'
      

      as
      select
    sha2(
        concat_ws(
            '||',
            coalesce(cast(administrative as string), ''),
            coalesce(cast(administrative_duration as string), ''),
            coalesce(cast(informational as string), ''),
            coalesce(cast(informational_duration as string), ''),
            coalesce(cast(productrelated as string), ''),
            coalesce(cast(productrelated_duration as string), ''),
            coalesce(cast(bouncerates as string), ''),
            coalesce(cast(exitrates as string), ''),
            coalesce(cast(pagevalues as string), ''),
            coalesce(cast(specialday as string), ''),
            coalesce(month, ''),
            coalesce(cast(operatingsystems as string), ''),
            coalesce(cast(browser as string), ''),
            coalesce(cast(region as string), ''),
            coalesce(cast(traffictype as string), ''),
            coalesce(visitortype, ''),
            coalesce(weekend, ''),
            coalesce(revenue, '')
        ),
        256
    ) as shopper_session_id,
    cast(
    coalesce(
        try_cast(nullif(trim(administrative), '') as int),
        try_cast(nullif(trim(administrative), '') as double)
    ) as int
) as administrative_page_count,
    try_cast(nullif(trim(administrative_duration), '') as double) as administrative_duration_seconds,
    cast(
    coalesce(
        try_cast(nullif(trim(informational), '') as int),
        try_cast(nullif(trim(informational), '') as double)
    ) as int
) as informational_page_count,
    try_cast(nullif(trim(informational_duration), '') as double) as informational_duration_seconds,
    cast(
    coalesce(
        try_cast(nullif(trim(productrelated), '') as int),
        try_cast(nullif(trim(productrelated), '') as double)
    ) as int
) as product_related_page_count,
    try_cast(nullif(trim(productrelated_duration), '') as double) as product_related_duration_seconds,
    try_cast(nullif(trim(bouncerates), '') as double) as bounce_rate,
    try_cast(nullif(trim(exitrates), '') as double) as exit_rate,
    try_cast(nullif(trim(pagevalues), '') as double) as page_value_score,
    try_cast(nullif(trim(specialday), '') as double) as special_day_score,
    trim(month) as session_month,
    cast(
    coalesce(
        try_cast(nullif(trim(operatingsystems), '') as int),
        try_cast(nullif(trim(operatingsystems), '') as double)
    ) as int
) as operating_system_id,
    cast(
    coalesce(
        try_cast(nullif(trim(browser), '') as int),
        try_cast(nullif(trim(browser), '') as double)
    ) as int
) as browser_id,
    cast(
    coalesce(
        try_cast(nullif(trim(region), '') as int),
        try_cast(nullif(trim(region), '') as double)
    ) as int
) as region_id,
    cast(
    coalesce(
        try_cast(nullif(trim(traffictype), '') as int),
        try_cast(nullif(trim(traffictype), '') as double)
    ) as int
) as traffic_type_id,
    trim(visitortype) as visitor_type,
    case
    when lower(trim(weekend)) in ('1', 'true', 'yes', 'y') then true
    when lower(trim(weekend)) in ('0', 'false', 'no', 'n') then false
    else null
end as is_weekend_session,
    case
    when lower(trim(revenue)) in ('1', 'true', 'yes', 'y') then true
    when lower(trim(revenue)) in ('0', 'false', 'no', 'n') then false
    else null
end as converted_in_session_flag
from raw_data.online_shoppers_intention
  
[0m23:34:08.440246 [debug] [Thread-2 (]: Opening a new connection, currently in state closed
[0m23:34:08.441783 [debug] [Thread-3 (]: Opening a new connection, currently in state closed
[0m23:34:13.599122 [debug] [Thread-1 (]: Spark adapter: Poll status: 1, sleeping
[0m23:34:13.653398 [debug] [Thread-2 (]: Spark adapter: Poll status: 1, sleeping
[0m23:34:13.714152 [debug] [Thread-3 (]: Spark adapter: Poll status: 1, sleeping
[0m23:34:23.656323 [debug] [Thread-1 (]: Spark adapter: Poll status: 1, sleeping
[0m23:34:23.710780 [debug] [Thread-2 (]: Spark adapter: Poll status: 1, sleeping
[0m23:34:23.768522 [debug] [Thread-3 (]: Spark adapter: Poll status: 1, sleeping
[0m23:34:28.783346 [debug] [Thread-2 (]: Spark adapter: Poll status: 2, query complete
[0m23:34:28.784500 [debug] [Thread-2 (]: SQL status: OK in 20.344 seconds
[0m23:34:28.805723 [debug] [Thread-2 (]: Using spark connection "model.customerdna_client1_lakehouse.stg_online_retail_2"
[0m23:34:28.806827 [debug] [Thread-2 (]: On model.customerdna_client1_lakehouse.stg_online_retail_2: /* {"app": "dbt", "dbt_version": "1.11.12", "profile_name": "customerdna_client1_lakehouse", "target_name": "dev", "node_id": "model.customerdna_client1_lakehouse.stg_online_retail_2"} */

      describe extended staging.stg_online_retail_2
  
[0m23:34:28.821236 [debug] [Thread-3 (]: Spark adapter: Poll status: 2, query complete
[0m23:34:28.822444 [debug] [Thread-3 (]: SQL status: OK in 20.381 seconds
[0m23:34:28.825981 [debug] [Thread-3 (]: Using spark connection "model.customerdna_client1_lakehouse.stg_online_shoppers_intention"
[0m23:34:28.826990 [debug] [Thread-3 (]: On model.customerdna_client1_lakehouse.stg_online_shoppers_intention: /* {"app": "dbt", "dbt_version": "1.11.12", "profile_name": "customerdna_client1_lakehouse", "target_name": "dev", "node_id": "model.customerdna_client1_lakehouse.stg_online_shoppers_intention"} */

      describe extended staging.stg_online_shoppers_intention
  
[0m23:34:29.523514 [debug] [Thread-2 (]: Spark adapter: Poll status: 2, query complete
[0m23:34:29.524823 [debug] [Thread-2 (]: SQL status: OK in 0.717 seconds
[0m23:34:29.540193 [debug] [Thread-3 (]: Spark adapter: Poll status: 2, query complete
[0m23:34:29.541583 [debug] [Thread-3 (]: SQL status: OK in 0.714 seconds
[0m23:34:29.623139 [debug] [Thread-2 (]: Using spark connection "model.customerdna_client1_lakehouse.stg_online_retail_2"
[0m23:34:29.625417 [debug] [Thread-2 (]: On model.customerdna_client1_lakehouse.stg_online_retail_2: /* {"app": "dbt", "dbt_version": "1.11.12", "profile_name": "customerdna_client1_lakehouse", "target_name": "dev", "node_id": "model.customerdna_client1_lakehouse.stg_online_retail_2"} */

    
        
          alter table staging.stg_online_retail_2 change column
              invoice_no
              comment '';
        
      
  
[0m23:34:29.654499 [debug] [Thread-3 (]: Using spark connection "model.customerdna_client1_lakehouse.stg_online_shoppers_intention"
[0m23:34:29.656293 [debug] [Thread-3 (]: On model.customerdna_client1_lakehouse.stg_online_shoppers_intention: /* {"app": "dbt", "dbt_version": "1.11.12", "profile_name": "customerdna_client1_lakehouse", "target_name": "dev", "node_id": "model.customerdna_client1_lakehouse.stg_online_shoppers_intention"} */

    
        
          alter table staging.stg_online_shoppers_intention change column
              shopper_session_id
              comment '';
        
      
  
[0m23:34:33.643527 [debug] [Thread-2 (]: Spark adapter: Poll status: 2, query complete
[0m23:34:33.644790 [debug] [Thread-2 (]: SQL status: OK in 4.006 seconds
[0m23:34:33.713910 [debug] [Thread-1 (]: Spark adapter: Poll status: 1, sleeping
[0m23:34:33.727933 [debug] [Thread-3 (]: Spark adapter: Poll status: 2, query complete
[0m23:34:33.729365 [debug] [Thread-3 (]: SQL status: OK in 4.072 seconds
[0m23:34:33.749863 [debug] [Thread-2 (]: On model.customerdna_client1_lakehouse.stg_online_retail_2: ROLLBACK
[0m23:34:33.750819 [debug] [Thread-2 (]: Spark adapter: NotImplemented: rollback
[0m23:34:33.751625 [debug] [Thread-2 (]: On model.customerdna_client1_lakehouse.stg_online_retail_2: Close
[0m23:34:33.790383 [debug] [Thread-3 (]: On model.customerdna_client1_lakehouse.stg_online_shoppers_intention: ROLLBACK
[0m23:34:33.791775 [debug] [Thread-3 (]: Spark adapter: NotImplemented: rollback
[0m23:34:33.793231 [debug] [Thread-3 (]: On model.customerdna_client1_lakehouse.stg_online_shoppers_intention: Close
[0m23:34:33.809811 [debug] [Thread-2 (]: Sending event: {'category': 'dbt', 'action': 'run_model', 'label': '5f44fc0f-9b20-47fe-8910-b9c097db711c', 'context': [<snowplow_tracker.self_describing_json.SelfDescribingJson object at 0x703dfa7b5f90>]}
[0m23:34:33.811423 [info ] [Thread-2 (]: 2 of 10 OK created sql table model staging.stg_online_retail_2 ................. [[32mOK[0m in 25.51s]
[0m23:34:33.812980 [debug] [Thread-2 (]: Finished running node model.customerdna_client1_lakehouse.stg_online_retail_2
[0m23:34:33.814693 [debug] [Thread-4 (]: Began running node model.customerdna_client1_lakehouse.analytics_sales_performance
[0m23:34:33.815375 [debug] [Thread-2 (]: Began running node model.customerdna_client1_lakehouse.int_online_retail_customer_sales
[0m23:34:33.816516 [info ] [Thread-4 (]: 4 of 10 START sql table model analytics.analytics_sales_performance ............ [RUN]
[0m23:34:33.817823 [info ] [Thread-2 (]: 5 of 10 START sql table model intermediate.int_online_retail_customer_sales .... [RUN]
[0m23:34:33.818994 [debug] [Thread-4 (]: Acquiring new spark connection 'model.customerdna_client1_lakehouse.analytics_sales_performance'
[0m23:34:33.820066 [debug] [Thread-2 (]: Re-using an available connection from the pool (formerly model.customerdna_client1_lakehouse.stg_online_retail_2, now model.customerdna_client1_lakehouse.int_online_retail_customer_sales)
[0m23:34:33.821376 [debug] [Thread-4 (]: Began compiling node model.customerdna_client1_lakehouse.analytics_sales_performance
[0m23:34:33.822572 [debug] [Thread-2 (]: Began compiling node model.customerdna_client1_lakehouse.int_online_retail_customer_sales
[0m23:34:33.828237 [debug] [Thread-4 (]: Writing injected SQL for node "model.customerdna_client1_lakehouse.analytics_sales_performance"
[0m23:34:33.831777 [debug] [Thread-2 (]: Writing injected SQL for node "model.customerdna_client1_lakehouse.int_online_retail_customer_sales"
[0m23:34:33.836041 [debug] [Thread-4 (]: Began executing node model.customerdna_client1_lakehouse.analytics_sales_performance
[0m23:34:33.836937 [debug] [Thread-2 (]: Began executing node model.customerdna_client1_lakehouse.int_online_retail_customer_sales
[0m23:34:33.842707 [debug] [Thread-4 (]: Writing runtime sql for node "model.customerdna_client1_lakehouse.analytics_sales_performance"
[0m23:34:33.846085 [debug] [Thread-2 (]: Writing runtime sql for node "model.customerdna_client1_lakehouse.int_online_retail_customer_sales"
[0m23:34:33.846945 [debug] [Thread-3 (]: Sending event: {'category': 'dbt', 'action': 'run_model', 'label': '5f44fc0f-9b20-47fe-8910-b9c097db711c', 'context': [<snowplow_tracker.self_describing_json.SelfDescribingJson object at 0x703dfa62eb90>]}
[0m23:34:33.848863 [info ] [Thread-3 (]: 3 of 10 OK created sql table model staging.stg_online_shoppers_intention ....... [[32mOK[0m in 25.55s]
[0m23:34:33.850113 [debug] [Thread-3 (]: Finished running node model.customerdna_client1_lakehouse.stg_online_shoppers_intention
[0m23:34:33.851243 [debug] [Thread-3 (]: Began running node model.customerdna_client1_lakehouse.int_online_shopper_sessions
[0m23:34:33.852309 [info ] [Thread-3 (]: 6 of 10 START sql table model intermediate.int_online_shopper_sessions ......... [RUN]
[0m23:34:33.854339 [debug] [Thread-3 (]: Re-using an available connection from the pool (formerly model.customerdna_client1_lakehouse.stg_online_shoppers_intention, now model.customerdna_client1_lakehouse.int_online_shopper_sessions)
[0m23:34:33.855361 [debug] [Thread-4 (]: Spark adapter: NotImplemented: add_begin_query
[0m23:34:33.856618 [debug] [Thread-2 (]: Spark adapter: NotImplemented: add_begin_query
[0m23:34:33.857801 [debug] [Thread-3 (]: Began compiling node model.customerdna_client1_lakehouse.int_online_shopper_sessions
[0m23:34:33.858851 [debug] [Thread-4 (]: Using spark connection "model.customerdna_client1_lakehouse.analytics_sales_performance"
[0m23:34:33.859836 [debug] [Thread-2 (]: Using spark connection "model.customerdna_client1_lakehouse.int_online_retail_customer_sales"
[0m23:34:33.863403 [debug] [Thread-3 (]: Writing injected SQL for node "model.customerdna_client1_lakehouse.int_online_shopper_sessions"
[0m23:34:33.864344 [debug] [Thread-4 (]: On model.customerdna_client1_lakehouse.analytics_sales_performance: /* {"app": "dbt", "dbt_version": "1.11.12", "profile_name": "customerdna_client1_lakehouse", "target_name": "dev", "node_id": "model.customerdna_client1_lakehouse.analytics_sales_performance"} */

  
    
        create or replace table analytics.analytics_sales_performance
      
      
    using iceberg
      
      
      
      
      
      comment 'Final country-month sales mart for Online Retail II.'
      

      as
      select
    country,
    date_trunc('month', invoice_timestamp) as sales_month,
    count(distinct invoice_no) as invoice_count,
    count(distinct customer_id) as active_customers,
    sum(quantity) as net_quantity,
    round(sum(line_amount), 2) as net_revenue,
    round(sum(case when not is_return then line_amount else 0 end), 2) as gross_sales_value,
    round(abs(sum(case when is_return then line_amount else 0 end)), 2) as returned_sales_value,
    round(avg(case when not is_return then unit_price end), 2) as average_unit_price
from staging.stg_online_retail_2
where invoice_timestamp is not null
group by 1, 2
  
[0m23:34:33.865419 [debug] [Thread-2 (]: On model.customerdna_client1_lakehouse.int_online_retail_customer_sales: /* {"app": "dbt", "dbt_version": "1.11.12", "profile_name": "customerdna_client1_lakehouse", "target_name": "dev", "node_id": "model.customerdna_client1_lakehouse.int_online_retail_customer_sales"} */

  
    
        create or replace table intermediate.int_online_retail_customer_sales
      
      
    using iceberg
      
      
      
      
      
      comment 'Customer-level retail sales, recency, and monetary metrics.'
      

      as
      with source as (
    select *
    from staging.stg_online_retail_2
    where customer_id is not null
),
customer_sales as (
    select
        customer_id,
        min(country) as primary_country,
        count(distinct invoice_no) as invoice_count,
        count(distinct case when not is_return then invoice_no end) as completed_invoice_count,
        count(distinct stock_code) as distinct_product_count,
        sum(quantity) as net_quantity,
        sum(case when quantity > 0 then quantity else 0 end) as sold_quantity,
        sum(case when quantity < 0 then abs(quantity) else 0 end) as returned_quantity,
        round(sum(line_amount), 2) as net_revenue,
        round(sum(case when not is_return then line_amount else 0 end), 2) as gross_sales_value,
        round(abs(sum(case when is_return then line_amount else 0 end)), 2) as returned_sales_value,
        round(avg(case when not is_return then line_amount end), 2) as average_invoice_line_amount,
        min(invoice_timestamp) as first_order_timestamp,
        max(invoice_timestamp) as last_order_timestamp,
        count(distinct country) as countries_served_count,
        sum(case when is_return then 1 else 0 end) as return_line_count
    from source
    group by customer_id
),
global_snapshot as (
    select max(invoice_timestamp) as snapshot_timestamp
    from source
)

select
    s.customer_id,
    s.primary_country,
    s.invoice_count,
    s.completed_invoice_count,
    s.distinct_product_count,
    s.net_quantity,
    s.sold_quantity,
    s.returned_quantity,
    s.net_revenue,
    s.gross_sales_value,
    s.returned_sales_value,
    s.average_invoice_line_amount,
    s.first_order_timestamp,
    s.last_order_timestamp,
    s.countries_served_count,
    s.return_line_count,
    datediff(to_date(g.snapshot_timestamp), to_date(s.last_order_timestamp)) as recency_days,
    datediff(to_date(s.last_order_timestamp), to_date(s.first_order_timestamp)) as customer_active_span_days,
    round(
        case
            when s.completed_invoice_count > 0 then s.net_revenue / s.completed_invoice_count
            else null
        end,
        2
    ) as average_order_value
from customer_sales s
cross join global_snapshot g
  
[0m23:34:33.866814 [debug] [Thread-4 (]: Opening a new connection, currently in state init
[0m23:34:33.867634 [debug] [Thread-2 (]: Opening a new connection, currently in state closed
[0m23:34:33.872158 [debug] [Thread-3 (]: Began executing node model.customerdna_client1_lakehouse.int_online_shopper_sessions
[0m23:34:33.875831 [debug] [Thread-3 (]: Writing runtime sql for node "model.customerdna_client1_lakehouse.int_online_shopper_sessions"
[0m23:34:33.880818 [debug] [Thread-3 (]: Spark adapter: NotImplemented: add_begin_query
[0m23:34:33.881697 [debug] [Thread-3 (]: Using spark connection "model.customerdna_client1_lakehouse.int_online_shopper_sessions"
[0m23:34:33.882772 [debug] [Thread-3 (]: On model.customerdna_client1_lakehouse.int_online_shopper_sessions: /* {"app": "dbt", "dbt_version": "1.11.12", "profile_name": "customerdna_client1_lakehouse", "target_name": "dev", "node_id": "model.customerdna_client1_lakehouse.int_online_shopper_sessions"} */

  
    
        create or replace table intermediate.int_online_shopper_sessions
      
      
    using iceberg
      
      
      
      
      
      comment 'Session-level engagement features for digital intent analysis.'
      

      as
      select
    shopper_session_id,
    session_month,
    visitor_type,
    operating_system_id,
    browser_id,
    region_id,
    traffic_type_id,
    is_weekend_session,
    converted_in_session_flag,
    administrative_page_count,
    informational_page_count,
    product_related_page_count,
    administrative_duration_seconds,
    informational_duration_seconds,
    product_related_duration_seconds,
    bounce_rate,
    exit_rate,
    page_value_score,
    special_day_score,
    coalesce(administrative_page_count, 0) +
    coalesce(informational_page_count, 0) +
    coalesce(product_related_page_count, 0) as total_page_touchpoints,
    round(
        coalesce(administrative_duration_seconds, 0.0) +
        coalesce(informational_duration_seconds, 0.0) +
        coalesce(product_related_duration_seconds, 0.0),
        2
    ) as total_session_duration_seconds,
    round(
        coalesce(product_related_page_count, 0) * 1.0 +
        coalesce(page_value_score, 0.0) * 0.15 +
        (
            coalesce(administrative_duration_seconds, 0.0) +
            coalesce(informational_duration_seconds, 0.0) +
            coalesce(product_related_duration_seconds, 0.0)
        ) / 300.0 -
        coalesce(bounce_rate, 0.0) * 50.0 -
        coalesce(exit_rate, 0.0) * 25.0 +
        case when converted_in_session_flag then 10.0 else 0.0 end,
        2
    ) as engagement_score,
    case
        when converted_in_session_flag then 'converted'
        when coalesce(page_value_score, 0.0) >= 25 then 'high_intent'
        when coalesce(product_related_page_count, 0) >= 20 then 'researching'
        else 'browsing'
    end as lifecycle_stage,
    case
        when not coalesce(converted_in_session_flag, false)
            and coalesce(exit_rate, 0.0) >= 0.15
            and coalesce(bounce_rate, 0.0) >= 0.05 then true
        else false
    end as retention_risk_flag
from staging.stg_online_shoppers_intention
  
[0m23:34:33.883718 [debug] [Thread-3 (]: Opening a new connection, currently in state closed
[0m23:34:38.794321 [debug] [Thread-1 (]: Spark adapter: Poll status: 2, query complete
[0m23:34:38.795679 [debug] [Thread-1 (]: SQL status: OK in 30.358 seconds
[0m23:34:38.799809 [debug] [Thread-1 (]: Using spark connection "model.customerdna_client1_lakehouse.stg_bank_marketing"
[0m23:34:38.800806 [debug] [Thread-1 (]: On model.customerdna_client1_lakehouse.stg_bank_marketing: /* {"app": "dbt", "dbt_version": "1.11.12", "profile_name": "customerdna_client1_lakehouse", "target_name": "dev", "node_id": "model.customerdna_client1_lakehouse.stg_bank_marketing"} */

      describe extended staging.stg_bank_marketing
  
[0m23:34:39.124043 [debug] [Thread-4 (]: Spark adapter: Poll status: 1, sleeping
[0m23:34:39.181917 [debug] [Thread-2 (]: Spark adapter: Poll status: 1, sleeping
[0m23:34:39.182830 [debug] [Thread-3 (]: Spark adapter: Poll status: 1, sleeping
[0m23:34:39.767130 [debug] [Thread-1 (]: Spark adapter: Poll status: 2, query complete
[0m23:34:39.768265 [debug] [Thread-1 (]: SQL status: OK in 0.967 seconds
[0m23:34:39.825159 [debug] [Thread-1 (]: Using spark connection "model.customerdna_client1_lakehouse.stg_bank_marketing"
[0m23:34:39.826952 [debug] [Thread-1 (]: On model.customerdna_client1_lakehouse.stg_bank_marketing: /* {"app": "dbt", "dbt_version": "1.11.12", "profile_name": "customerdna_client1_lakehouse", "target_name": "dev", "node_id": "model.customerdna_client1_lakehouse.stg_bank_marketing"} */

    
        
          alter table staging.stg_bank_marketing change column
              bank_record_id
              comment '';
        
      
  
[0m23:34:44.868428 [debug] [Thread-1 (]: Spark adapter: Poll status: 1, sleeping
[0m23:34:49.140927 [debug] [Thread-4 (]: Spark adapter: Poll status: 1, sleeping
[0m23:34:49.198779 [debug] [Thread-2 (]: Spark adapter: Poll status: 1, sleeping
[0m23:34:49.257603 [debug] [Thread-3 (]: Spark adapter: Poll status: 1, sleeping
[0m23:34:49.940150 [debug] [Thread-1 (]: Spark adapter: Poll status: 2, query complete
[0m23:34:49.941735 [debug] [Thread-1 (]: SQL status: OK in 10.114 seconds
[0m23:34:49.975251 [debug] [Thread-1 (]: On model.customerdna_client1_lakehouse.stg_bank_marketing: ROLLBACK
[0m23:34:49.976488 [debug] [Thread-1 (]: Spark adapter: NotImplemented: rollback
[0m23:34:49.977633 [debug] [Thread-1 (]: On model.customerdna_client1_lakehouse.stg_bank_marketing: Close
[0m23:34:50.042359 [debug] [Thread-1 (]: Sending event: {'category': 'dbt', 'action': 'run_model', 'label': '5f44fc0f-9b20-47fe-8910-b9c097db711c', 'context': [<snowplow_tracker.self_describing_json.SelfDescribingJson object at 0x703e08d24610>]}
[0m23:34:50.073453 [info ] [Thread-1 (]: 1 of 10 OK created sql table model staging.stg_bank_marketing .................. [[32mOK[0m in 41.75s]
[0m23:34:50.075029 [debug] [Thread-1 (]: Finished running node model.customerdna_client1_lakehouse.stg_bank_marketing
[0m23:34:50.076367 [debug] [Thread-1 (]: Began running node model.customerdna_client1_lakehouse.int_bank_marketing_contacts
[0m23:34:50.077590 [info ] [Thread-1 (]: 7 of 10 START sql table model intermediate.int_bank_marketing_contacts ......... [RUN]
[0m23:34:50.079058 [debug] [Thread-1 (]: Re-using an available connection from the pool (formerly model.customerdna_client1_lakehouse.stg_bank_marketing, now model.customerdna_client1_lakehouse.int_bank_marketing_contacts)
[0m23:34:50.080162 [debug] [Thread-1 (]: Began compiling node model.customerdna_client1_lakehouse.int_bank_marketing_contacts
[0m23:34:50.084322 [debug] [Thread-1 (]: Writing injected SQL for node "model.customerdna_client1_lakehouse.int_bank_marketing_contacts"
[0m23:34:50.094727 [debug] [Thread-1 (]: Began executing node model.customerdna_client1_lakehouse.int_bank_marketing_contacts
[0m23:34:50.098443 [debug] [Thread-1 (]: Writing runtime sql for node "model.customerdna_client1_lakehouse.int_bank_marketing_contacts"
[0m23:34:50.103519 [debug] [Thread-1 (]: Spark adapter: NotImplemented: add_begin_query
[0m23:34:50.104347 [debug] [Thread-1 (]: Using spark connection "model.customerdna_client1_lakehouse.int_bank_marketing_contacts"
[0m23:34:50.105117 [debug] [Thread-1 (]: On model.customerdna_client1_lakehouse.int_bank_marketing_contacts: /* {"app": "dbt", "dbt_version": "1.11.12", "profile_name": "customerdna_client1_lakehouse", "target_name": "dev", "node_id": "model.customerdna_client1_lakehouse.int_bank_marketing_contacts"} */

  
    
        create or replace table intermediate.int_bank_marketing_contacts
      
      
    using iceberg
      
      
      
      
      
      comment 'Enriched outbound contact records with stable conversion and risk-oriented features.'
      

      as
      select
    bank_record_id,
    age,
    job,
    marital_status,
    education_level,
    has_credit_default,
    has_housing_loan,
    has_personal_loan,
    contact_channel,
    contact_month,
    contact_day_of_week,
    call_duration_seconds,
    contact_attempt_count,
    prior_contact_gap_days,
    had_prior_contact,
    previous_contact_count,
    previous_campaign_outcome,
    employment_variation_rate,
    consumer_price_index,
    consumer_confidence_index,
    euribor_3m_rate,
    employee_count,
    subscribed_term_deposit_flag,
    round(
        coalesce(call_duration_seconds, 0) / 60.0 +
        coalesce(contact_attempt_count, 0) * 0.5 +
        coalesce(previous_contact_count, 0) * 0.75 +
        case when subscribed_term_deposit_flag then 5.0 else 0.0 end,
        2
    ) as engagement_score,
    case
        when subscribed_term_deposit_flag then 'converted'
        when previous_campaign_outcome = 'success' then 'warm_lead'
        when had_prior_contact then 'nurture'
        else 'new_lead'
    end as lifecycle_stage,
    case
        when not coalesce(subscribed_term_deposit_flag, false)
            and coalesce(contact_attempt_count, 0) >= 5 then true
        when previous_campaign_outcome = 'failure'
            and coalesce(contact_attempt_count, 0) >= 3 then true
        else false
    end as retention_risk_flag,
    case
        when subscribed_term_deposit_flag then 1.0
        else 0.0
    end as conversion_value
from staging.stg_bank_marketing
  
[0m23:34:50.105915 [debug] [Thread-1 (]: Opening a new connection, currently in state closed
[0m23:34:54.326664 [debug] [Thread-3 (]: Spark adapter: Poll status: 2, query complete
[0m23:34:54.327980 [debug] [Thread-3 (]: SQL status: OK in 20.444 seconds
[0m23:34:54.331735 [debug] [Thread-3 (]: Using spark connection "model.customerdna_client1_lakehouse.int_online_shopper_sessions"
[0m23:34:54.332715 [debug] [Thread-3 (]: On model.customerdna_client1_lakehouse.int_online_shopper_sessions: /* {"app": "dbt", "dbt_version": "1.11.12", "profile_name": "customerdna_client1_lakehouse", "target_name": "dev", "node_id": "model.customerdna_client1_lakehouse.int_online_shopper_sessions"} */

      describe extended intermediate.int_online_shopper_sessions
  
[0m23:34:54.731036 [debug] [Thread-4 (]: Spark adapter: Poll status: 2, query complete
[0m23:34:54.732126 [debug] [Thread-4 (]: SQL status: OK in 20.865 seconds
[0m23:34:54.734125 [debug] [Thread-4 (]: On model.customerdna_client1_lakehouse.analytics_sales_performance: ROLLBACK
[0m23:34:54.734921 [debug] [Thread-4 (]: Spark adapter: NotImplemented: rollback
[0m23:34:54.735630 [debug] [Thread-4 (]: On model.customerdna_client1_lakehouse.analytics_sales_performance: Close
[0m23:34:54.882049 [debug] [Thread-4 (]: Sending event: {'category': 'dbt', 'action': 'run_model', 'label': '5f44fc0f-9b20-47fe-8910-b9c097db711c', 'context': [<snowplow_tracker.self_describing_json.SelfDescribingJson object at 0x703dfa7d2350>]}
[0m23:34:54.883372 [info ] [Thread-4 (]: 4 of 10 OK created sql table model analytics.analytics_sales_performance ....... [[32mOK[0m in 21.06s]
[0m23:34:54.884944 [debug] [Thread-4 (]: Finished running node model.customerdna_client1_lakehouse.analytics_sales_performance
[0m23:34:55.019883 [debug] [Thread-3 (]: Spark adapter: Poll status: 2, query complete
[0m23:34:55.021177 [debug] [Thread-3 (]: SQL status: OK in 0.688 seconds
[0m23:34:55.091714 [debug] [Thread-3 (]: Using spark connection "model.customerdna_client1_lakehouse.int_online_shopper_sessions"
[0m23:34:55.093290 [debug] [Thread-3 (]: On model.customerdna_client1_lakehouse.int_online_shopper_sessions: /* {"app": "dbt", "dbt_version": "1.11.12", "profile_name": "customerdna_client1_lakehouse", "target_name": "dev", "node_id": "model.customerdna_client1_lakehouse.int_online_shopper_sessions"} */

    
        
          alter table intermediate.int_online_shopper_sessions change column
              shopper_session_id
              comment '';
        
      
  
[0m23:34:55.465227 [debug] [Thread-1 (]: Spark adapter: Poll status: 1, sleeping
[0m23:34:56.741629 [debug] [Thread-2 (]: Spark adapter: Poll status: 2, query complete
[0m23:34:56.742755 [debug] [Thread-2 (]: SQL status: OK in 22.875 seconds
[0m23:34:56.747619 [debug] [Thread-2 (]: Using spark connection "model.customerdna_client1_lakehouse.int_online_retail_customer_sales"
[0m23:34:56.748515 [debug] [Thread-2 (]: On model.customerdna_client1_lakehouse.int_online_retail_customer_sales: /* {"app": "dbt", "dbt_version": "1.11.12", "profile_name": "customerdna_client1_lakehouse", "target_name": "dev", "node_id": "model.customerdna_client1_lakehouse.int_online_retail_customer_sales"} */

      describe extended intermediate.int_online_retail_customer_sales
  
[0m23:34:57.180393 [debug] [Thread-3 (]: Spark adapter: Poll status: 2, query complete
[0m23:34:57.181705 [debug] [Thread-3 (]: SQL status: OK in 2.087 seconds
[0m23:34:57.281030 [debug] [Thread-3 (]: On model.customerdna_client1_lakehouse.int_online_shopper_sessions: ROLLBACK
[0m23:34:57.282192 [debug] [Thread-3 (]: Spark adapter: NotImplemented: rollback
[0m23:34:57.282998 [debug] [Thread-3 (]: On model.customerdna_client1_lakehouse.int_online_shopper_sessions: Close
[0m23:34:57.393144 [debug] [Thread-3 (]: Sending event: {'category': 'dbt', 'action': 'run_model', 'label': '5f44fc0f-9b20-47fe-8910-b9c097db711c', 'context': [<snowplow_tracker.self_describing_json.SelfDescribingJson object at 0x703dfa69ea10>]}
[0m23:34:57.394501 [info ] [Thread-3 (]: 6 of 10 OK created sql table model intermediate.int_online_shopper_sessions .... [[32mOK[0m in 23.54s]
[0m23:34:57.395578 [debug] [Thread-3 (]: Finished running node model.customerdna_client1_lakehouse.int_online_shopper_sessions
[0m23:34:57.606254 [debug] [Thread-2 (]: Spark adapter: Poll status: 2, query complete
[0m23:34:57.607535 [debug] [Thread-2 (]: SQL status: OK in 0.858 seconds
[0m23:34:57.731709 [debug] [Thread-2 (]: Using spark connection "model.customerdna_client1_lakehouse.int_online_retail_customer_sales"
[0m23:34:57.732985 [debug] [Thread-2 (]: On model.customerdna_client1_lakehouse.int_online_retail_customer_sales: /* {"app": "dbt", "dbt_version": "1.11.12", "profile_name": "customerdna_client1_lakehouse", "target_name": "dev", "node_id": "model.customerdna_client1_lakehouse.int_online_retail_customer_sales"} */

    
        
          alter table intermediate.int_online_retail_customer_sales change column
              customer_id
              comment '';
        
      
  
[0m23:34:59.825416 [debug] [Thread-2 (]: Spark adapter: Poll status: 2, query complete
[0m23:34:59.826533 [debug] [Thread-2 (]: SQL status: OK in 2.093 seconds
[0m23:34:59.920494 [debug] [Thread-2 (]: On model.customerdna_client1_lakehouse.int_online_retail_customer_sales: ROLLBACK
[0m23:34:59.921928 [debug] [Thread-2 (]: Spark adapter: NotImplemented: rollback
[0m23:34:59.923669 [debug] [Thread-2 (]: On model.customerdna_client1_lakehouse.int_online_retail_customer_sales: Close
[0m23:34:59.976446 [debug] [Thread-2 (]: Sending event: {'category': 'dbt', 'action': 'run_model', 'label': '5f44fc0f-9b20-47fe-8910-b9c097db711c', 'context': [<snowplow_tracker.self_describing_json.SelfDescribingJson object at 0x703dfa6a4f90>]}
[0m23:34:59.977725 [info ] [Thread-2 (]: 5 of 10 OK created sql table model intermediate.int_online_retail_customer_sales  [[32mOK[0m in 26.16s]
[0m23:34:59.978698 [debug] [Thread-2 (]: Finished running node model.customerdna_client1_lakehouse.int_online_retail_customer_sales
[0m23:35:00.509882 [debug] [Thread-1 (]: Spark adapter: Poll status: 2, query complete
[0m23:35:00.512532 [debug] [Thread-1 (]: SQL status: OK in 10.406 seconds
[0m23:35:00.676955 [debug] [Thread-1 (]: Using spark connection "model.customerdna_client1_lakehouse.int_bank_marketing_contacts"
[0m23:35:00.678003 [debug] [Thread-1 (]: On model.customerdna_client1_lakehouse.int_bank_marketing_contacts: /* {"app": "dbt", "dbt_version": "1.11.12", "profile_name": "customerdna_client1_lakehouse", "target_name": "dev", "node_id": "model.customerdna_client1_lakehouse.int_bank_marketing_contacts"} */

      describe extended intermediate.int_bank_marketing_contacts
  
[0m23:35:00.943770 [debug] [Thread-1 (]: Spark adapter: Poll status: 2, query complete
[0m23:35:00.945457 [debug] [Thread-1 (]: SQL status: OK in 0.266 seconds
[0m23:35:01.062322 [debug] [Thread-1 (]: Using spark connection "model.customerdna_client1_lakehouse.int_bank_marketing_contacts"
[0m23:35:01.063344 [debug] [Thread-1 (]: On model.customerdna_client1_lakehouse.int_bank_marketing_contacts: /* {"app": "dbt", "dbt_version": "1.11.12", "profile_name": "customerdna_client1_lakehouse", "target_name": "dev", "node_id": "model.customerdna_client1_lakehouse.int_bank_marketing_contacts"} */

    
        
          alter table intermediate.int_bank_marketing_contacts change column
              bank_record_id
              comment '';
        
      
  
[0m23:35:01.452251 [debug] [Thread-1 (]: Spark adapter: Poll status: 2, query complete
[0m23:35:01.453435 [debug] [Thread-1 (]: SQL status: OK in 0.389 seconds
[0m23:35:01.545719 [debug] [Thread-1 (]: On model.customerdna_client1_lakehouse.int_bank_marketing_contacts: ROLLBACK
[0m23:35:01.546973 [debug] [Thread-1 (]: Spark adapter: NotImplemented: rollback
[0m23:35:01.548803 [debug] [Thread-1 (]: On model.customerdna_client1_lakehouse.int_bank_marketing_contacts: Close
[0m23:35:01.604443 [debug] [Thread-1 (]: Sending event: {'category': 'dbt', 'action': 'run_model', 'label': '5f44fc0f-9b20-47fe-8910-b9c097db711c', 'context': [<snowplow_tracker.self_describing_json.SelfDescribingJson object at 0x703dfa67fb10>]}
[0m23:35:01.606101 [info ] [Thread-1 (]: 7 of 10 OK created sql table model intermediate.int_bank_marketing_contacts .... [[32mOK[0m in 11.53s]
[0m23:35:01.607601 [debug] [Thread-1 (]: Finished running node model.customerdna_client1_lakehouse.int_bank_marketing_contacts
[0m23:35:01.609539 [debug] [Thread-4 (]: Began running node model.customerdna_client1_lakehouse.analytics_conversion_performance
[0m23:35:01.610257 [debug] [Thread-3 (]: Began running node model.customerdna_client1_lakehouse.int_customer_360_feature_store
[0m23:35:01.611284 [info ] [Thread-4 (]: 8 of 10 START sql table model analytics.analytics_conversion_performance ....... [RUN]
[0m23:35:01.612215 [info ] [Thread-3 (]: 9 of 10 START sql table model intermediate.int_customer_360_feature_store ...... [RUN]
[0m23:35:01.613064 [debug] [Thread-4 (]: Re-using an available connection from the pool (formerly model.customerdna_client1_lakehouse.analytics_sales_performance, now model.customerdna_client1_lakehouse.analytics_conversion_performance)
[0m23:35:01.613881 [debug] [Thread-3 (]: Re-using an available connection from the pool (formerly model.customerdna_client1_lakehouse.int_online_shopper_sessions, now model.customerdna_client1_lakehouse.int_customer_360_feature_store)
[0m23:35:01.615307 [debug] [Thread-4 (]: Began compiling node model.customerdna_client1_lakehouse.analytics_conversion_performance
[0m23:35:01.616124 [debug] [Thread-3 (]: Began compiling node model.customerdna_client1_lakehouse.int_customer_360_feature_store
[0m23:35:01.619954 [debug] [Thread-4 (]: Writing injected SQL for node "model.customerdna_client1_lakehouse.analytics_conversion_performance"
[0m23:35:01.625810 [debug] [Thread-3 (]: Writing injected SQL for node "model.customerdna_client1_lakehouse.int_customer_360_feature_store"
[0m23:35:01.629455 [debug] [Thread-4 (]: Began executing node model.customerdna_client1_lakehouse.analytics_conversion_performance
[0m23:35:01.630003 [debug] [Thread-3 (]: Began executing node model.customerdna_client1_lakehouse.int_customer_360_feature_store
[0m23:35:01.634324 [debug] [Thread-4 (]: Writing runtime sql for node "model.customerdna_client1_lakehouse.analytics_conversion_performance"
[0m23:35:01.637740 [debug] [Thread-3 (]: Writing runtime sql for node "model.customerdna_client1_lakehouse.int_customer_360_feature_store"
[0m23:35:01.641575 [debug] [Thread-4 (]: Spark adapter: NotImplemented: add_begin_query
[0m23:35:01.642156 [debug] [Thread-3 (]: Spark adapter: NotImplemented: add_begin_query
[0m23:35:01.643248 [debug] [Thread-4 (]: Using spark connection "model.customerdna_client1_lakehouse.analytics_conversion_performance"
[0m23:35:01.644073 [debug] [Thread-3 (]: Using spark connection "model.customerdna_client1_lakehouse.int_customer_360_feature_store"
[0m23:35:01.644880 [debug] [Thread-4 (]: On model.customerdna_client1_lakehouse.analytics_conversion_performance: /* {"app": "dbt", "dbt_version": "1.11.12", "profile_name": "customerdna_client1_lakehouse", "target_name": "dev", "node_id": "model.customerdna_client1_lakehouse.analytics_conversion_performance"} */

  
    
        create or replace table analytics.analytics_conversion_performance
      
      
    using iceberg
      
      
      
      
      
      comment 'Final conversion performance mart for campaign and digital-intent sources.'
      

      as
      with bank_performance as (
    select
        'bank_marketing' as source_system,
        contact_month as period_label,
        contact_channel as channel_label,
        count(*) as entity_count,
        sum(case when subscribed_term_deposit_flag then 1 else 0 end) as conversion_count,
        round(avg(engagement_score), 2) as average_engagement_score,
        round(avg(conversion_value), 2) as average_monetary_value
    from intermediate.int_bank_marketing_contacts
    group by 1, 2, 3
),
shopper_performance as (
    select
        'online_shoppers_intention' as source_system,
        session_month as period_label,
        concat('traffic_', cast(traffic_type_id as string)) as channel_label,
        count(*) as entity_count,
        sum(case when converted_in_session_flag then 1 else 0 end) as conversion_count,
        round(avg(engagement_score), 2) as average_engagement_score,
        round(avg(page_value_score), 2) as average_monetary_value
    from intermediate.int_online_shopper_sessions
    group by 1, 2, 3
)

select
    source_system,
    period_label,
    channel_label,
    entity_count,
    conversion_count,
    round(
        case
            when entity_count > 0 then conversion_count / entity_count
            else 0
        end,
        4
    ) as conversion_rate,
    average_engagement_score,
    average_monetary_value
from bank_performance

union all

select
    source_system,
    period_label,
    channel_label,
    entity_count,
    conversion_count,
    round(
        case
            when entity_count > 0 then conversion_count / entity_count
            else 0
        end,
        4
    ) as conversion_rate,
    average_engagement_score,
    average_monetary_value
from shopper_performance
  
[0m23:35:01.645914 [debug] [Thread-3 (]: On model.customerdna_client1_lakehouse.int_customer_360_feature_store: /* {"app": "dbt", "dbt_version": "1.11.12", "profile_name": "customerdna_client1_lakehouse", "target_name": "dev", "node_id": "model.customerdna_client1_lakehouse.int_customer_360_feature_store"} */

  
    
        create or replace table intermediate.int_customer_360_feature_store
      
      
    using iceberg
      
      
      
      
      
      comment 'Harmonized feature-store style entity table spanning campaign, web, and sales domains without unsafe row-level joins.'
      

      as
      with bank_contacts as (
    select * from intermediate.int_bank_marketing_contacts
),
shopper_sessions as (
    select * from intermediate.int_online_shopper_sessions
),
retail_customers as (
    select * from intermediate.int_online_retail_customer_sales
),
deduplicated_bank_contacts as (
    select distinct *
    from bank_contacts
),
deduplicated_shopper_sessions as (
    select distinct *
    from shopper_sessions
)

select
    concat('bank_marketing:', bank_record_id) as unified_entity_id,
    'bank_marketing' as entity_source,
    'prospect' as entity_grain,
    bank_record_id as entity_key,
    cast(null as bigint) as known_customer_id,
    age,
    cast(null as string) as geography,
    contact_channel as acquisition_channel,
    lifecycle_stage,
    engagement_score,
    conversion_value as monetary_value,
    coalesce(contact_attempt_count, 0) as transaction_count,
    coalesce(subscribed_term_deposit_flag, false) as conversion_flag,
    retention_risk_flag,
    prior_contact_gap_days as recency_days,
    cast(null as date) as feature_snapshot_date
from deduplicated_bank_contacts

union all

select
    concat('online_shoppers_intention:', shopper_session_id) as unified_entity_id,
    'online_shoppers_intention' as entity_source,
    'session' as entity_grain,
    shopper_session_id as entity_key,
    cast(null as bigint) as known_customer_id,
    cast(null as int) as age,
    cast(region_id as string) as geography,
    concat('traffic_', cast(traffic_type_id as string)) as acquisition_channel,
    lifecycle_stage,
    engagement_score,
    coalesce(page_value_score, 0.0) as monetary_value,
    coalesce(total_page_touchpoints, 0) as transaction_count,
    coalesce(converted_in_session_flag, false) as conversion_flag,
    retention_risk_flag,
    cast(null as int) as recency_days,
    cast(null as date) as feature_snapshot_date
from deduplicated_shopper_sessions

union all

select
    concat('online_retail_2:', cast(customer_id as string)) as unified_entity_id,
    'online_retail_2' as entity_source,
    'customer' as entity_grain,
    cast(customer_id as string) as entity_key,
    customer_id as known_customer_id,
    cast(null as int) as age,
    primary_country as geography,
    'retail_transaction' as acquisition_channel,
    case
        when recency_days <= 30 then 'active'
        when recency_days <= 90 then 'warm'
        else 'cooling'
    end as lifecycle_stage,
    round(
        coalesce(completed_invoice_count, 0) * 1.5 +
        coalesce(distinct_product_count, 0) * 0.5 +
        coalesce(net_revenue, 0.0) / 100.0,
        2
    ) as engagement_score,
    coalesce(net_revenue, 0.0) as monetary_value,
    coalesce(completed_invoice_count, 0) as transaction_count,
    case
        when coalesce(net_revenue, 0.0) > 0 then true
        else false
    end as conversion_flag,
    case
        when coalesce(recency_days, 9999) > 180 then true
        else false
    end as retention_risk_flag,
    recency_days,
    to_date(last_order_timestamp) as feature_snapshot_date
from retail_customers
  
[0m23:35:01.647089 [debug] [Thread-4 (]: Opening a new connection, currently in state closed
[0m23:35:01.648148 [debug] [Thread-3 (]: Opening a new connection, currently in state closed
[0m23:35:06.991599 [debug] [Thread-4 (]: Spark adapter: Poll status: 1, sleeping
[0m23:35:07.045560 [debug] [Thread-3 (]: Spark adapter: Poll status: 1, sleeping
[0m23:35:12.060840 [debug] [Thread-4 (]: Spark adapter: Poll status: 2, query complete
[0m23:35:12.062202 [debug] [Thread-4 (]: SQL status: OK in 10.415 seconds
[0m23:35:12.065043 [debug] [Thread-4 (]: On model.customerdna_client1_lakehouse.analytics_conversion_performance: ROLLBACK
[0m23:35:12.066385 [debug] [Thread-4 (]: Spark adapter: NotImplemented: rollback
[0m23:35:12.067347 [debug] [Thread-4 (]: On model.customerdna_client1_lakehouse.analytics_conversion_performance: Close
[0m23:35:12.081413 [debug] [Thread-3 (]: Spark adapter: Poll status: 2, query complete
[0m23:35:12.082422 [debug] [Thread-3 (]: SQL status: OK in 10.434 seconds
[0m23:35:12.085642 [debug] [Thread-3 (]: Using spark connection "model.customerdna_client1_lakehouse.int_customer_360_feature_store"
[0m23:35:12.086484 [debug] [Thread-3 (]: On model.customerdna_client1_lakehouse.int_customer_360_feature_store: /* {"app": "dbt", "dbt_version": "1.11.12", "profile_name": "customerdna_client1_lakehouse", "target_name": "dev", "node_id": "model.customerdna_client1_lakehouse.int_customer_360_feature_store"} */

      describe extended intermediate.int_customer_360_feature_store
  
[0m23:35:12.136483 [debug] [Thread-4 (]: Sending event: {'category': 'dbt', 'action': 'run_model', 'label': '5f44fc0f-9b20-47fe-8910-b9c097db711c', 'context': [<snowplow_tracker.self_describing_json.SelfDescribingJson object at 0x703dfa807750>]}
[0m23:35:12.138177 [info ] [Thread-4 (]: 8 of 10 OK created sql table model analytics.analytics_conversion_performance .. [[32mOK[0m in 10.52s]
[0m23:35:12.139499 [debug] [Thread-4 (]: Finished running node model.customerdna_client1_lakehouse.analytics_conversion_performance
[0m23:35:12.462306 [debug] [Thread-3 (]: Spark adapter: Poll status: 2, query complete
[0m23:35:12.463836 [debug] [Thread-3 (]: SQL status: OK in 0.377 seconds
[0m23:35:12.521216 [debug] [Thread-3 (]: Using spark connection "model.customerdna_client1_lakehouse.int_customer_360_feature_store"
[0m23:35:12.522556 [debug] [Thread-3 (]: On model.customerdna_client1_lakehouse.int_customer_360_feature_store: /* {"app": "dbt", "dbt_version": "1.11.12", "profile_name": "customerdna_client1_lakehouse", "target_name": "dev", "node_id": "model.customerdna_client1_lakehouse.int_customer_360_feature_store"} */

    
        
          alter table intermediate.int_customer_360_feature_store change column
              unified_entity_id
              comment '';
        
      
  
[0m23:35:13.305788 [debug] [Thread-3 (]: Spark adapter: Poll status: 2, query complete
[0m23:35:13.307023 [debug] [Thread-3 (]: SQL status: OK in 0.783 seconds
[0m23:35:13.344700 [debug] [Thread-3 (]: On model.customerdna_client1_lakehouse.int_customer_360_feature_store: ROLLBACK
[0m23:35:13.345832 [debug] [Thread-3 (]: Spark adapter: NotImplemented: rollback
[0m23:35:13.346814 [debug] [Thread-3 (]: On model.customerdna_client1_lakehouse.int_customer_360_feature_store: Close
[0m23:35:13.384751 [debug] [Thread-3 (]: Sending event: {'category': 'dbt', 'action': 'run_model', 'label': '5f44fc0f-9b20-47fe-8910-b9c097db711c', 'context': [<snowplow_tracker.self_describing_json.SelfDescribingJson object at 0x703dfa696950>]}
[0m23:35:13.386323 [info ] [Thread-3 (]: 9 of 10 OK created sql table model intermediate.int_customer_360_feature_store . [[32mOK[0m in 11.77s]
[0m23:35:13.387785 [debug] [Thread-3 (]: Finished running node model.customerdna_client1_lakehouse.int_customer_360_feature_store
[0m23:35:13.389529 [debug] [Thread-1 (]: Began running node model.customerdna_client1_lakehouse.analytics_customer360_overview
[0m23:35:13.391104 [info ] [Thread-1 (]: 10 of 10 START sql table model analytics.analytics_customer360_overview ........ [RUN]
[0m23:35:13.392751 [debug] [Thread-1 (]: Re-using an available connection from the pool (formerly model.customerdna_client1_lakehouse.int_bank_marketing_contacts, now model.customerdna_client1_lakehouse.analytics_customer360_overview)
[0m23:35:13.394045 [debug] [Thread-1 (]: Began compiling node model.customerdna_client1_lakehouse.analytics_customer360_overview
[0m23:35:13.398871 [debug] [Thread-1 (]: Writing injected SQL for node "model.customerdna_client1_lakehouse.analytics_customer360_overview"
[0m23:35:13.403693 [debug] [Thread-1 (]: Began executing node model.customerdna_client1_lakehouse.analytics_customer360_overview
[0m23:35:13.407217 [debug] [Thread-1 (]: Writing runtime sql for node "model.customerdna_client1_lakehouse.analytics_customer360_overview"
[0m23:35:13.411719 [debug] [Thread-1 (]: Spark adapter: NotImplemented: add_begin_query
[0m23:35:13.412575 [debug] [Thread-1 (]: Using spark connection "model.customerdna_client1_lakehouse.analytics_customer360_overview"
[0m23:35:13.413347 [debug] [Thread-1 (]: On model.customerdna_client1_lakehouse.analytics_customer360_overview: /* {"app": "dbt", "dbt_version": "1.11.12", "profile_name": "customerdna_client1_lakehouse", "target_name": "dev", "node_id": "model.customerdna_client1_lakehouse.analytics_customer360_overview"} */

  
    
        create or replace table analytics.analytics_customer360_overview
      
      
    using iceberg
      
      
      
      
      
      comment 'Final entity-level overview for Customer 360 segmentation, conversion, and retention analysis.'
      

      as
      select
    unified_entity_id,
    entity_source,
    entity_grain,
    entity_key,
    known_customer_id,
    age,
    geography,
    acquisition_channel,
    lifecycle_stage,
    engagement_score,
    monetary_value,
    transaction_count,
    conversion_flag,
    retention_risk_flag,
    recency_days,
    feature_snapshot_date,
    case
        when monetary_value >= 10000 then 'high_value'
        when monetary_value >= 1000 then 'mid_value'
        when monetary_value > 0 then 'emerging_value'
        else 'non_monetized'
    end as value_segment,
    case
        when engagement_score >= 20 then 'high_engagement'
        when engagement_score >= 8 then 'medium_engagement'
        else 'low_engagement'
    end as engagement_segment,
    case
        when retention_risk_flag then 'at_risk'
        when conversion_flag then 'converted'
        else 'nurture'
    end as retention_segment
from intermediate.int_customer_360_feature_store
  
[0m23:35:13.414163 [debug] [Thread-1 (]: Opening a new connection, currently in state closed
[0m23:35:15.811638 [debug] [Thread-1 (]: Spark adapter: Poll status: 2, query complete
[0m23:35:15.812714 [debug] [Thread-1 (]: SQL status: OK in 2.399 seconds
[0m23:35:15.819044 [debug] [Thread-1 (]: Using spark connection "model.customerdna_client1_lakehouse.analytics_customer360_overview"
[0m23:35:15.819928 [debug] [Thread-1 (]: On model.customerdna_client1_lakehouse.analytics_customer360_overview: /* {"app": "dbt", "dbt_version": "1.11.12", "profile_name": "customerdna_client1_lakehouse", "target_name": "dev", "node_id": "model.customerdna_client1_lakehouse.analytics_customer360_overview"} */

      describe extended analytics.analytics_customer360_overview
  
[0m23:35:16.011494 [debug] [Thread-1 (]: Spark adapter: Poll status: 2, query complete
[0m23:35:16.012616 [debug] [Thread-1 (]: SQL status: OK in 0.192 seconds
[0m23:35:16.133404 [debug] [Thread-1 (]: Using spark connection "model.customerdna_client1_lakehouse.analytics_customer360_overview"
[0m23:35:16.134533 [debug] [Thread-1 (]: On model.customerdna_client1_lakehouse.analytics_customer360_overview: /* {"app": "dbt", "dbt_version": "1.11.12", "profile_name": "customerdna_client1_lakehouse", "target_name": "dev", "node_id": "model.customerdna_client1_lakehouse.analytics_customer360_overview"} */

    
        
          alter table analytics.analytics_customer360_overview change column
              unified_entity_id
              comment '';
        
      
  
[0m23:35:16.667221 [debug] [Thread-1 (]: Spark adapter: Poll status: 2, query complete
[0m23:35:16.668788 [debug] [Thread-1 (]: SQL status: OK in 0.533 seconds
[0m23:35:16.756192 [debug] [Thread-1 (]: On model.customerdna_client1_lakehouse.analytics_customer360_overview: ROLLBACK
[0m23:35:16.757649 [debug] [Thread-1 (]: Spark adapter: NotImplemented: rollback
[0m23:35:16.760289 [debug] [Thread-1 (]: On model.customerdna_client1_lakehouse.analytics_customer360_overview: Close
[0m23:35:16.798066 [debug] [Thread-1 (]: Sending event: {'category': 'dbt', 'action': 'run_model', 'label': '5f44fc0f-9b20-47fe-8910-b9c097db711c', 'context': [<snowplow_tracker.self_describing_json.SelfDescribingJson object at 0x703e08e7fc50>]}
[0m23:35:16.799512 [info ] [Thread-1 (]: 10 of 10 OK created sql table model analytics.analytics_customer360_overview ... [[32mOK[0m in 3.41s]
[0m23:35:16.800826 [debug] [Thread-1 (]: Finished running node model.customerdna_client1_lakehouse.analytics_customer360_overview
[0m23:35:16.803098 [debug] [MainThread]: On master: ROLLBACK
[0m23:35:16.804069 [debug] [MainThread]: Opening a new connection, currently in state init
[0m23:35:16.964531 [debug] [MainThread]: Spark adapter: NotImplemented: rollback
[0m23:35:16.965653 [debug] [MainThread]: Spark adapter: NotImplemented: add_begin_query
[0m23:35:16.966470 [debug] [MainThread]: Spark adapter: NotImplemented: commit
[0m23:35:16.967186 [debug] [MainThread]: On master: ROLLBACK
[0m23:35:16.967891 [debug] [MainThread]: Spark adapter: NotImplemented: rollback
[0m23:35:16.968568 [debug] [MainThread]: On master: Close
[0m23:35:16.990589 [debug] [MainThread]: Connection 'master' was properly closed.
[0m23:35:16.991853 [debug] [MainThread]: Connection 'model.customerdna_client1_lakehouse.analytics_customer360_overview' was properly closed.
[0m23:35:16.992912 [debug] [MainThread]: Connection 'model.customerdna_client1_lakehouse.int_customer_360_feature_store' was properly closed.
[0m23:35:16.993920 [debug] [MainThread]: Connection 'model.customerdna_client1_lakehouse.int_online_retail_customer_sales' was properly closed.
[0m23:35:16.994961 [debug] [MainThread]: Connection 'model.customerdna_client1_lakehouse.analytics_conversion_performance' was properly closed.
[0m23:35:16.996028 [info ] [MainThread]: 
[0m23:35:16.997109 [info ] [MainThread]: Finished running 10 table models in 0 hours 1 minutes and 14.13 seconds (74.13s).
[0m23:35:16.999211 [debug] [MainThread]: Command end result
[0m23:35:17.039877 [debug] [MainThread]: Wrote artifact WritableManifest to /opt/airflow/CustomerDNA_AI/src/transformation/dbt_spark/client_1/target/manifest.json
[0m23:35:17.043891 [debug] [MainThread]: Wrote artifact SemanticManifest to /opt/airflow/CustomerDNA_AI/src/transformation/dbt_spark/client_1/target/semantic_manifest.json
[0m23:35:17.051813 [debug] [MainThread]: Wrote artifact RunExecutionResult to /opt/airflow/CustomerDNA_AI/src/transformation/dbt_spark/client_1/target/run_results.json
[0m23:35:17.052576 [info ] [MainThread]: 
[0m23:35:17.053490 [info ] [MainThread]: [32mCompleted successfully[0m
[0m23:35:17.054527 [info ] [MainThread]: 
[0m23:35:17.055576 [info ] [MainThread]: Done. PASS=10 WARN=0 ERROR=0 SKIP=0 NO-OP=0 TOTAL=10
[0m23:35:17.057443 [debug] [MainThread]: Resource report: {"command_name": "run", "command_success": true, "command_wall_clock_time": 75.78532, "process_in_blocks": "0", "process_kernel_time": 0.672161, "process_mem_max_rss": "146020", "process_out_blocks": "0", "process_user_time": 3.848925}
[0m23:35:17.059149 [debug] [MainThread]: Command `dbt run` succeeded at 23:35:17.058995 after 75.79 seconds
[0m23:35:17.060184 [debug] [MainThread]: Sending event: {'category': 'dbt', 'action': 'invocation', 'label': 'end', 'context': [<snowplow_tracker.self_describing_json.SelfDescribingJson object at 0x703e0dfc98d0>, <snowplow_tracker.self_describing_json.SelfDescribingJson object at 0x703e099b4510>, <snowplow_tracker.self_describing_json.SelfDescribingJson object at 0x703e0e10ee90>]}
[0m23:35:17.061017 [debug] [MainThread]: Flushing usage events
[0m23:35:17.772800 [debug] [MainThread]: An error was encountered while trying to flush usage events
[0m23:35:21.254394 [debug] [MainThread]: Sending event: {'category': 'dbt', 'action': 'invocation', 'label': 'start', 'context': [<snowplow_tracker.self_describing_json.SelfDescribingJson object at 0x75dfba7ef650>, <snowplow_tracker.self_describing_json.SelfDescribingJson object at 0x75dfba7ed110>, <snowplow_tracker.self_describing_json.SelfDescribingJson object at 0x75dfba7ec5d0>]}


============================== 23:35:21.259546 | dbe761ae-9511-4251-89d4-f7f0aec02387 ==============================
[0m23:35:21.259546 [info ] [MainThread]: Running with dbt=1.11.12
[0m23:35:21.261215 [debug] [MainThread]: running dbt with arguments {'log_format': 'default', 'introspect': 'True', 'profiles_dir': '/opt/airflow/CustomerDNA_AI/src/transformation/dbt_spark/client_1', 'fail_fast': 'False', 'log_path': '/opt/airflow/CustomerDNA_AI/src/transformation/dbt_spark/client_1/logs', 'use_experimental_parser': 'False', 'empty': 'None', 'printer_width': '80', 'warn_error': 'None', 'indirect_selection': 'eager', 'warn_error_options': 'WarnErrorOptionsV2(error=[], warn=[], silence=[])', 'quiet': 'False', 'cache_selected_only': 'False', 'use_colors': 'True', 'send_anonymous_usage_stats': 'True', 'version_check': 'True', 'write_json': 'True', 'debug': 'False', 'invocation_command': 'dbt test', 'log_cache_events': 'False', 'partial_parse': 'True', 'target_path': 'None', 'static_parser': 'True', 'no_print': 'None'}
[0m23:35:21.335285 [debug] [MainThread]: Spark adapter: Setting pyhive.hive logging to ERROR
[0m23:35:21.336418 [debug] [MainThread]: Spark adapter: Setting thrift.transport logging to ERROR
[0m23:35:21.337183 [debug] [MainThread]: Spark adapter: Setting thrift.protocol logging to ERROR
[0m23:35:21.515851 [debug] [MainThread]: Sending event: {'category': 'dbt', 'action': 'project_id', 'label': 'dbe761ae-9511-4251-89d4-f7f0aec02387', 'context': [<snowplow_tracker.self_describing_json.SelfDescribingJson object at 0x75dfba86ff50>]}
[0m23:35:21.579165 [debug] [MainThread]: Sending event: {'category': 'dbt', 'action': 'adapter_info', 'label': 'dbe761ae-9511-4251-89d4-f7f0aec02387', 'context': [<snowplow_tracker.self_describing_json.SelfDescribingJson object at 0x75dfbaf4ca50>]}
[0m23:35:21.580843 [info ] [MainThread]: Registered adapter: spark=1.10.3
[0m23:35:21.697100 [debug] [MainThread]: checksum: f368f5348cf42803b94ef7fb8257ecf3bf9a9a16dd9c8c51fe5172f2dbeb457f, vars: {}, profile: , target: , version: 1.11.12
[0m23:35:21.952452 [debug] [MainThread]: Partial parsing enabled: 0 files deleted, 0 files added, 0 files changed.
[0m23:35:21.953319 [debug] [MainThread]: Nothing changed, skipping partial parsing.
[0m23:35:21.954026 [debug] [MainThread]: Partial parsing enabled, no changes found, skipping parsing
[0m23:35:22.006583 [debug] [MainThread]: Sending event: {'category': 'dbt', 'action': 'load_project', 'label': 'dbe761ae-9511-4251-89d4-f7f0aec02387', 'context': [<snowplow_tracker.self_describing_json.SelfDescribingJson object at 0x75dfb9d2c150>]}
[0m23:35:22.119626 [debug] [MainThread]: Wrote artifact WritableManifest to /opt/airflow/CustomerDNA_AI/src/transformation/dbt_spark/client_1/target/manifest.json
[0m23:35:22.129404 [debug] [MainThread]: Wrote artifact SemanticManifest to /opt/airflow/CustomerDNA_AI/src/transformation/dbt_spark/client_1/target/semantic_manifest.json
[0m23:35:22.153814 [debug] [MainThread]: Sending event: {'category': 'dbt', 'action': 'resource_counts', 'label': 'dbe761ae-9511-4251-89d4-f7f0aec02387', 'context': [<snowplow_tracker.self_describing_json.SelfDescribingJson object at 0x75dfba180390>]}
[0m23:35:22.154924 [info ] [MainThread]: Found 10 models, 11 data tests, 3 sources, 526 macros
[0m23:35:22.156953 [debug] [MainThread]: Sending event: {'category': 'dbt', 'action': 'runnable_timing', 'label': 'dbe761ae-9511-4251-89d4-f7f0aec02387', 'context': [<snowplow_tracker.self_describing_json.SelfDescribingJson object at 0x75dfba70e290>]}
[0m23:35:22.160651 [info ] [MainThread]: 
[0m23:35:22.161779 [info ] [MainThread]: Concurrency: 4 threads (target='dev')
[0m23:35:22.162708 [info ] [MainThread]: 
[0m23:35:22.163722 [debug] [MainThread]: Acquiring new spark connection 'master'
[0m23:35:22.170859 [debug] [ThreadPool]: Acquiring new spark connection 'list_None_staging'
[0m23:35:22.171818 [debug] [ThreadPool]: Acquiring new spark connection 'list_None_analytics'
[0m23:35:22.172733 [debug] [ThreadPool]: Acquiring new spark connection 'list_None_intermediate'
[0m23:35:22.184206 [debug] [ThreadPool]: Spark adapter: NotImplemented: add_begin_query
[0m23:35:22.187050 [debug] [ThreadPool]: Spark adapter: NotImplemented: add_begin_query
[0m23:35:22.190301 [debug] [ThreadPool]: Spark adapter: NotImplemented: add_begin_query
[0m23:35:22.191652 [debug] [ThreadPool]: Using spark connection "list_None_staging"
[0m23:35:22.192464 [debug] [ThreadPool]: Using spark connection "list_None_analytics"
[0m23:35:22.193239 [debug] [ThreadPool]: Using spark connection "list_None_intermediate"
[0m23:35:22.194273 [debug] [ThreadPool]: On list_None_staging: /* {"app": "dbt", "dbt_version": "1.11.12", "profile_name": "customerdna_client1_lakehouse", "target_name": "dev", "connection_name": "list_None_staging"} */
show table extended in staging like '*'
  
[0m23:35:22.195928 [debug] [ThreadPool]: On list_None_analytics: /* {"app": "dbt", "dbt_version": "1.11.12", "profile_name": "customerdna_client1_lakehouse", "target_name": "dev", "connection_name": "list_None_analytics"} */
show table extended in analytics like '*'
  
[0m23:35:22.196722 [debug] [ThreadPool]: On list_None_intermediate: /* {"app": "dbt", "dbt_version": "1.11.12", "profile_name": "customerdna_client1_lakehouse", "target_name": "dev", "connection_name": "list_None_intermediate"} */
show table extended in intermediate like '*'
  
[0m23:35:22.197563 [debug] [ThreadPool]: Opening a new connection, currently in state init
[0m23:35:22.198341 [debug] [ThreadPool]: Opening a new connection, currently in state init
[0m23:35:22.199083 [debug] [ThreadPool]: Opening a new connection, currently in state init
[0m23:35:24.044945 [debug] [ThreadPool]: Spark adapter: Poll status: 2, query complete
[0m23:35:24.046203 [debug] [ThreadPool]: SQL status: OK in 1.849 seconds
[0m23:35:24.055244 [debug] [ThreadPool]: Spark adapter: Poll status: 2, query complete
[0m23:35:24.057370 [debug] [ThreadPool]: SQL status: OK in 1.858 seconds
[0m23:35:24.143791 [debug] [ThreadPool]: On list_None_staging: ROLLBACK
[0m23:35:24.144817 [debug] [ThreadPool]: Spark adapter: NotImplemented: rollback
[0m23:35:24.146027 [debug] [ThreadPool]: On list_None_staging: Close
[0m23:35:24.154165 [debug] [ThreadPool]: On list_None_intermediate: ROLLBACK
[0m23:35:24.155092 [debug] [ThreadPool]: Spark adapter: NotImplemented: rollback
[0m23:35:24.155984 [debug] [ThreadPool]: On list_None_intermediate: Close
[0m23:35:24.244176 [debug] [ThreadPool]: Spark adapter: Poll status: 2, query complete
[0m23:35:24.245255 [debug] [ThreadPool]: SQL status: OK in 2.047 seconds
[0m23:35:24.310982 [debug] [ThreadPool]: On list_None_analytics: ROLLBACK
[0m23:35:24.312173 [debug] [ThreadPool]: Spark adapter: NotImplemented: rollback
[0m23:35:24.313571 [debug] [ThreadPool]: On list_None_analytics: Close
[0m23:35:24.379754 [debug] [MainThread]: Sending event: {'category': 'dbt', 'action': 'runnable_timing', 'label': 'dbe761ae-9511-4251-89d4-f7f0aec02387', 'context': [<snowplow_tracker.self_describing_json.SelfDescribingJson object at 0x75dfba690bd0>]}
[0m23:35:24.381163 [debug] [MainThread]: Spark adapter: NotImplemented: add_begin_query
[0m23:35:24.382070 [debug] [MainThread]: Spark adapter: NotImplemented: commit
[0m23:35:24.386244 [debug] [Thread-1 (]: Began running node test.customerdna_client1_lakehouse.not_null_analytics_customer360_overview_unified_entity_id.1a8d4d6d23
[0m23:35:24.386997 [debug] [Thread-2 (]: Began running node test.customerdna_client1_lakehouse.not_null_int_bank_marketing_contacts_bank_record_id.c69d0253e4
[0m23:35:24.387542 [debug] [Thread-3 (]: Began running node test.customerdna_client1_lakehouse.not_null_int_customer_360_feature_store_unified_entity_id.84de6849f6
[0m23:35:24.388071 [debug] [Thread-4 (]: Began running node test.customerdna_client1_lakehouse.not_null_int_online_retail_customer_sales_customer_id.05d59ed3b8
[0m23:35:24.389263 [info ] [Thread-1 (]: 1 of 11 START test not_null_analytics_customer360_overview_unified_entity_id ... [RUN]
[0m23:35:24.392116 [info ] [Thread-2 (]: 2 of 11 START test not_null_int_bank_marketing_contacts_bank_record_id ......... [RUN]
[0m23:35:24.393867 [info ] [Thread-3 (]: 3 of 11 START test not_null_int_customer_360_feature_store_unified_entity_id ... [RUN]
[0m23:35:24.395722 [info ] [Thread-4 (]: 4 of 11 START test not_null_int_online_retail_customer_sales_customer_id ....... [RUN]
[0m23:35:24.401158 [debug] [Thread-4 (]: Acquiring new spark connection 'test.customerdna_client1_lakehouse.not_null_int_online_retail_customer_sales_customer_id.05d59ed3b8'
[0m23:35:24.398518 [debug] [Thread-2 (]: Re-using an available connection from the pool (formerly list_None_intermediate, now test.customerdna_client1_lakehouse.not_null_int_bank_marketing_contacts_bank_record_id.c69d0253e4)
[0m23:35:24.399579 [debug] [Thread-3 (]: Re-using an available connection from the pool (formerly list_None_staging, now test.customerdna_client1_lakehouse.not_null_int_customer_360_feature_store_unified_entity_id.84de6849f6)
[0m23:35:24.402497 [debug] [Thread-4 (]: Began compiling node test.customerdna_client1_lakehouse.not_null_int_online_retail_customer_sales_customer_id.05d59ed3b8
[0m23:35:24.397232 [debug] [Thread-1 (]: Re-using an available connection from the pool (formerly list_None_analytics, now test.customerdna_client1_lakehouse.not_null_analytics_customer360_overview_unified_entity_id.1a8d4d6d23)
[0m23:35:24.403834 [debug] [Thread-2 (]: Began compiling node test.customerdna_client1_lakehouse.not_null_int_bank_marketing_contacts_bank_record_id.c69d0253e4
[0m23:35:24.404976 [debug] [Thread-3 (]: Began compiling node test.customerdna_client1_lakehouse.not_null_int_customer_360_feature_store_unified_entity_id.84de6849f6
[0m23:35:24.427679 [debug] [Thread-1 (]: Began compiling node test.customerdna_client1_lakehouse.not_null_analytics_customer360_overview_unified_entity_id.1a8d4d6d23
[0m23:35:24.434136 [debug] [Thread-4 (]: Writing injected SQL for node "test.customerdna_client1_lakehouse.not_null_int_online_retail_customer_sales_customer_id.05d59ed3b8"
[0m23:35:24.439650 [debug] [Thread-2 (]: Writing injected SQL for node "test.customerdna_client1_lakehouse.not_null_int_bank_marketing_contacts_bank_record_id.c69d0253e4"
[0m23:35:24.444902 [debug] [Thread-3 (]: Writing injected SQL for node "test.customerdna_client1_lakehouse.not_null_int_customer_360_feature_store_unified_entity_id.84de6849f6"
[0m23:35:24.458660 [debug] [Thread-1 (]: Writing injected SQL for node "test.customerdna_client1_lakehouse.not_null_analytics_customer360_overview_unified_entity_id.1a8d4d6d23"
[0m23:35:24.475515 [debug] [Thread-2 (]: Began executing node test.customerdna_client1_lakehouse.not_null_int_bank_marketing_contacts_bank_record_id.c69d0253e4
[0m23:35:24.476555 [debug] [Thread-3 (]: Began executing node test.customerdna_client1_lakehouse.not_null_int_customer_360_feature_store_unified_entity_id.84de6849f6
[0m23:35:24.491498 [debug] [Thread-1 (]: Began executing node test.customerdna_client1_lakehouse.not_null_analytics_customer360_overview_unified_entity_id.1a8d4d6d23
[0m23:35:24.501821 [debug] [Thread-4 (]: Began executing node test.customerdna_client1_lakehouse.not_null_int_online_retail_customer_sales_customer_id.05d59ed3b8
[0m23:35:24.505032 [debug] [Thread-2 (]: Writing runtime sql for node "test.customerdna_client1_lakehouse.not_null_int_bank_marketing_contacts_bank_record_id.c69d0253e4"
[0m23:35:24.508804 [debug] [Thread-3 (]: Writing runtime sql for node "test.customerdna_client1_lakehouse.not_null_int_customer_360_feature_store_unified_entity_id.84de6849f6"
[0m23:35:24.512343 [debug] [Thread-1 (]: Writing runtime sql for node "test.customerdna_client1_lakehouse.not_null_analytics_customer360_overview_unified_entity_id.1a8d4d6d23"
[0m23:35:24.515739 [debug] [Thread-4 (]: Writing runtime sql for node "test.customerdna_client1_lakehouse.not_null_int_online_retail_customer_sales_customer_id.05d59ed3b8"
[0m23:35:24.522037 [debug] [Thread-3 (]: Spark adapter: NotImplemented: add_begin_query
[0m23:35:24.524369 [debug] [Thread-3 (]: Using spark connection "test.customerdna_client1_lakehouse.not_null_int_customer_360_feature_store_unified_entity_id.84de6849f6"
[0m23:35:24.525261 [debug] [Thread-4 (]: Spark adapter: NotImplemented: add_begin_query
[0m23:35:24.526257 [debug] [Thread-1 (]: Spark adapter: NotImplemented: add_begin_query
[0m23:35:24.528068 [debug] [Thread-3 (]: On test.customerdna_client1_lakehouse.not_null_int_customer_360_feature_store_unified_entity_id.84de6849f6: /* {"app": "dbt", "dbt_version": "1.11.12", "profile_name": "customerdna_client1_lakehouse", "target_name": "dev", "node_id": "test.customerdna_client1_lakehouse.not_null_int_customer_360_feature_store_unified_entity_id.84de6849f6"} */

    
    select
      count(*) as failures,
      count(*) != 0 as should_warn,
      count(*) != 0 as should_error
    from (
      
    
  
    
    



select unified_entity_id
from intermediate.int_customer_360_feature_store
where unified_entity_id is null



  
  
      
    ) dbt_internal_test
[0m23:35:24.528815 [debug] [Thread-2 (]: Spark adapter: NotImplemented: add_begin_query
[0m23:35:24.529637 [debug] [Thread-4 (]: Using spark connection "test.customerdna_client1_lakehouse.not_null_int_online_retail_customer_sales_customer_id.05d59ed3b8"
[0m23:35:24.530505 [debug] [Thread-1 (]: Using spark connection "test.customerdna_client1_lakehouse.not_null_analytics_customer360_overview_unified_entity_id.1a8d4d6d23"
[0m23:35:24.531458 [debug] [Thread-3 (]: Opening a new connection, currently in state closed
[0m23:35:24.532365 [debug] [Thread-2 (]: Using spark connection "test.customerdna_client1_lakehouse.not_null_int_bank_marketing_contacts_bank_record_id.c69d0253e4"
[0m23:35:24.533245 [debug] [Thread-4 (]: On test.customerdna_client1_lakehouse.not_null_int_online_retail_customer_sales_customer_id.05d59ed3b8: /* {"app": "dbt", "dbt_version": "1.11.12", "profile_name": "customerdna_client1_lakehouse", "target_name": "dev", "node_id": "test.customerdna_client1_lakehouse.not_null_int_online_retail_customer_sales_customer_id.05d59ed3b8"} */

    
    select
      count(*) as failures,
      count(*) != 0 as should_warn,
      count(*) != 0 as should_error
    from (
      
    
  
    
    



select customer_id
from intermediate.int_online_retail_customer_sales
where customer_id is null



  
  
      
    ) dbt_internal_test
[0m23:35:24.534312 [debug] [Thread-1 (]: On test.customerdna_client1_lakehouse.not_null_analytics_customer360_overview_unified_entity_id.1a8d4d6d23: /* {"app": "dbt", "dbt_version": "1.11.12", "profile_name": "customerdna_client1_lakehouse", "target_name": "dev", "node_id": "test.customerdna_client1_lakehouse.not_null_analytics_customer360_overview_unified_entity_id.1a8d4d6d23"} */

    
    select
      count(*) as failures,
      count(*) != 0 as should_warn,
      count(*) != 0 as should_error
    from (
      
    
  
    
    



select unified_entity_id
from analytics.analytics_customer360_overview
where unified_entity_id is null



  
  
      
    ) dbt_internal_test
[0m23:35:24.535839 [debug] [Thread-2 (]: On test.customerdna_client1_lakehouse.not_null_int_bank_marketing_contacts_bank_record_id.c69d0253e4: /* {"app": "dbt", "dbt_version": "1.11.12", "profile_name": "customerdna_client1_lakehouse", "target_name": "dev", "node_id": "test.customerdna_client1_lakehouse.not_null_int_bank_marketing_contacts_bank_record_id.c69d0253e4"} */

    
    select
      count(*) as failures,
      count(*) != 0 as should_warn,
      count(*) != 0 as should_error
    from (
      
    
  
    
    



select bank_record_id
from intermediate.int_bank_marketing_contacts
where bank_record_id is null



  
  
      
    ) dbt_internal_test
[0m23:35:24.536807 [debug] [Thread-4 (]: Opening a new connection, currently in state init
[0m23:35:24.537679 [debug] [Thread-1 (]: Opening a new connection, currently in state closed
[0m23:35:24.538824 [debug] [Thread-2 (]: Opening a new connection, currently in state closed
[0m23:35:26.469656 [debug] [Thread-1 (]: Spark adapter: Poll status: 2, query complete
[0m23:35:26.470733 [debug] [Thread-1 (]: SQL status: OK in 1.933 seconds
[0m23:35:26.547749 [debug] [Thread-1 (]: On test.customerdna_client1_lakehouse.not_null_analytics_customer360_overview_unified_entity_id.1a8d4d6d23: ROLLBACK
[0m23:35:26.548956 [debug] [Thread-1 (]: Spark adapter: NotImplemented: rollback
[0m23:35:26.549894 [debug] [Thread-1 (]: On test.customerdna_client1_lakehouse.not_null_analytics_customer360_overview_unified_entity_id.1a8d4d6d23: Close
[0m23:35:26.588430 [debug] [Thread-4 (]: Spark adapter: Poll status: 2, query complete
[0m23:35:26.590264 [debug] [Thread-4 (]: SQL status: OK in 2.053 seconds
[0m23:35:26.606554 [info ] [Thread-1 (]: 1 of 11 PASS not_null_analytics_customer360_overview_unified_entity_id ......... [[32mPASS[0m in 2.21s]
[0m23:35:26.607882 [debug] [Thread-1 (]: Finished running node test.customerdna_client1_lakehouse.not_null_analytics_customer360_overview_unified_entity_id.1a8d4d6d23
[0m23:35:26.608886 [debug] [Thread-1 (]: Began running node test.customerdna_client1_lakehouse.not_null_int_online_shopper_sessions_shopper_session_id.1ee31c205b
[0m23:35:26.609706 [info ] [Thread-1 (]: 5 of 11 START test not_null_int_online_shopper_sessions_shopper_session_id ..... [RUN]
[0m23:35:26.610661 [debug] [Thread-1 (]: Re-using an available connection from the pool (formerly test.customerdna_client1_lakehouse.not_null_analytics_customer360_overview_unified_entity_id.1a8d4d6d23, now test.customerdna_client1_lakehouse.not_null_int_online_shopper_sessions_shopper_session_id.1ee31c205b)
[0m23:35:26.611401 [debug] [Thread-1 (]: Began compiling node test.customerdna_client1_lakehouse.not_null_int_online_shopper_sessions_shopper_session_id.1ee31c205b
[0m23:35:26.616888 [debug] [Thread-1 (]: Writing injected SQL for node "test.customerdna_client1_lakehouse.not_null_int_online_shopper_sessions_shopper_session_id.1ee31c205b"
[0m23:35:26.623665 [debug] [Thread-1 (]: Began executing node test.customerdna_client1_lakehouse.not_null_int_online_shopper_sessions_shopper_session_id.1ee31c205b
[0m23:35:26.627833 [debug] [Thread-1 (]: Writing runtime sql for node "test.customerdna_client1_lakehouse.not_null_int_online_shopper_sessions_shopper_session_id.1ee31c205b"
[0m23:35:26.633935 [debug] [Thread-1 (]: Spark adapter: NotImplemented: add_begin_query
[0m23:35:26.634758 [debug] [Thread-1 (]: Using spark connection "test.customerdna_client1_lakehouse.not_null_int_online_shopper_sessions_shopper_session_id.1ee31c205b"
[0m23:35:26.635527 [debug] [Thread-1 (]: On test.customerdna_client1_lakehouse.not_null_int_online_shopper_sessions_shopper_session_id.1ee31c205b: /* {"app": "dbt", "dbt_version": "1.11.12", "profile_name": "customerdna_client1_lakehouse", "target_name": "dev", "node_id": "test.customerdna_client1_lakehouse.not_null_int_online_shopper_sessions_shopper_session_id.1ee31c205b"} */

    
    select
      count(*) as failures,
      count(*) != 0 as should_warn,
      count(*) != 0 as should_error
    from (
      
    
  
    
    



select shopper_session_id
from intermediate.int_online_shopper_sessions
where shopper_session_id is null



  
  
      
    ) dbt_internal_test
[0m23:35:26.636244 [debug] [Thread-1 (]: Opening a new connection, currently in state closed
[0m23:35:26.670907 [debug] [Thread-4 (]: On test.customerdna_client1_lakehouse.not_null_int_online_retail_customer_sales_customer_id.05d59ed3b8: ROLLBACK
[0m23:35:26.671891 [debug] [Thread-4 (]: Spark adapter: NotImplemented: rollback
[0m23:35:26.672659 [debug] [Thread-4 (]: On test.customerdna_client1_lakehouse.not_null_int_online_retail_customer_sales_customer_id.05d59ed3b8: Close
[0m23:35:26.714004 [debug] [Thread-2 (]: Spark adapter: Poll status: 2, query complete
[0m23:35:26.715042 [debug] [Thread-2 (]: SQL status: OK in 2.176 seconds
[0m23:35:26.727183 [info ] [Thread-4 (]: 4 of 11 PASS not_null_int_online_retail_customer_sales_customer_id ............. [[32mPASS[0m in 2.33s]
[0m23:35:26.728515 [debug] [Thread-4 (]: Finished running node test.customerdna_client1_lakehouse.not_null_int_online_retail_customer_sales_customer_id.05d59ed3b8
[0m23:35:26.729674 [debug] [Thread-4 (]: Began running node test.customerdna_client1_lakehouse.not_null_stg_bank_marketing_bank_record_id.b7622e1102
[0m23:35:26.730700 [info ] [Thread-4 (]: 6 of 11 START test not_null_stg_bank_marketing_bank_record_id .................. [RUN]
[0m23:35:26.731653 [debug] [Thread-4 (]: Re-using an available connection from the pool (formerly test.customerdna_client1_lakehouse.not_null_int_online_retail_customer_sales_customer_id.05d59ed3b8, now test.customerdna_client1_lakehouse.not_null_stg_bank_marketing_bank_record_id.b7622e1102)
[0m23:35:26.732379 [debug] [Thread-4 (]: Began compiling node test.customerdna_client1_lakehouse.not_null_stg_bank_marketing_bank_record_id.b7622e1102
[0m23:35:26.736820 [debug] [Thread-4 (]: Writing injected SQL for node "test.customerdna_client1_lakehouse.not_null_stg_bank_marketing_bank_record_id.b7622e1102"
[0m23:35:26.744464 [debug] [Thread-4 (]: Began executing node test.customerdna_client1_lakehouse.not_null_stg_bank_marketing_bank_record_id.b7622e1102
[0m23:35:26.748040 [debug] [Thread-4 (]: Writing runtime sql for node "test.customerdna_client1_lakehouse.not_null_stg_bank_marketing_bank_record_id.b7622e1102"
[0m23:35:26.757746 [debug] [Thread-4 (]: Spark adapter: NotImplemented: add_begin_query
[0m23:35:26.759036 [debug] [Thread-4 (]: Using spark connection "test.customerdna_client1_lakehouse.not_null_stg_bank_marketing_bank_record_id.b7622e1102"
[0m23:35:26.760144 [debug] [Thread-4 (]: On test.customerdna_client1_lakehouse.not_null_stg_bank_marketing_bank_record_id.b7622e1102: /* {"app": "dbt", "dbt_version": "1.11.12", "profile_name": "customerdna_client1_lakehouse", "target_name": "dev", "node_id": "test.customerdna_client1_lakehouse.not_null_stg_bank_marketing_bank_record_id.b7622e1102"} */

    
    select
      count(*) as failures,
      count(*) != 0 as should_warn,
      count(*) != 0 as should_error
    from (
      
    
  
    
    



select bank_record_id
from staging.stg_bank_marketing
where bank_record_id is null



  
  
      
    ) dbt_internal_test
[0m23:35:26.761223 [debug] [Thread-4 (]: Opening a new connection, currently in state closed
[0m23:35:26.791278 [debug] [Thread-2 (]: On test.customerdna_client1_lakehouse.not_null_int_bank_marketing_contacts_bank_record_id.c69d0253e4: ROLLBACK
[0m23:35:26.792331 [debug] [Thread-2 (]: Spark adapter: NotImplemented: rollback
[0m23:35:26.793136 [debug] [Thread-2 (]: On test.customerdna_client1_lakehouse.not_null_int_bank_marketing_contacts_bank_record_id.c69d0253e4: Close
[0m23:35:26.847298 [info ] [Thread-2 (]: 2 of 11 PASS not_null_int_bank_marketing_contacts_bank_record_id ............... [[32mPASS[0m in 2.45s]
[0m23:35:26.848695 [debug] [Thread-2 (]: Finished running node test.customerdna_client1_lakehouse.not_null_int_bank_marketing_contacts_bank_record_id.c69d0253e4
[0m23:35:26.849689 [debug] [Thread-2 (]: Began running node test.customerdna_client1_lakehouse.not_null_stg_online_retail_2_invoice_no.9a648588b3
[0m23:35:26.850650 [info ] [Thread-2 (]: 7 of 11 START test not_null_stg_online_retail_2_invoice_no ..................... [RUN]
[0m23:35:26.851926 [debug] [Thread-2 (]: Re-using an available connection from the pool (formerly test.customerdna_client1_lakehouse.not_null_int_bank_marketing_contacts_bank_record_id.c69d0253e4, now test.customerdna_client1_lakehouse.not_null_stg_online_retail_2_invoice_no.9a648588b3)
[0m23:35:26.852970 [debug] [Thread-2 (]: Began compiling node test.customerdna_client1_lakehouse.not_null_stg_online_retail_2_invoice_no.9a648588b3
[0m23:35:26.861199 [debug] [Thread-2 (]: Writing injected SQL for node "test.customerdna_client1_lakehouse.not_null_stg_online_retail_2_invoice_no.9a648588b3"
[0m23:35:26.866359 [debug] [Thread-2 (]: Began executing node test.customerdna_client1_lakehouse.not_null_stg_online_retail_2_invoice_no.9a648588b3
[0m23:35:26.870294 [debug] [Thread-2 (]: Writing runtime sql for node "test.customerdna_client1_lakehouse.not_null_stg_online_retail_2_invoice_no.9a648588b3"
[0m23:35:26.875556 [debug] [Thread-2 (]: Spark adapter: NotImplemented: add_begin_query
[0m23:35:26.876890 [debug] [Thread-2 (]: Using spark connection "test.customerdna_client1_lakehouse.not_null_stg_online_retail_2_invoice_no.9a648588b3"
[0m23:35:26.877957 [debug] [Thread-2 (]: On test.customerdna_client1_lakehouse.not_null_stg_online_retail_2_invoice_no.9a648588b3: /* {"app": "dbt", "dbt_version": "1.11.12", "profile_name": "customerdna_client1_lakehouse", "target_name": "dev", "node_id": "test.customerdna_client1_lakehouse.not_null_stg_online_retail_2_invoice_no.9a648588b3"} */

    
    select
      count(*) as failures,
      count(*) != 0 as should_warn,
      count(*) != 0 as should_error
    from (
      
    
  
    
    



select invoice_no
from staging.stg_online_retail_2
where invoice_no is null



  
  
      
    ) dbt_internal_test
[0m23:35:26.878858 [debug] [Thread-2 (]: Opening a new connection, currently in state closed
[0m23:35:27.104143 [debug] [Thread-3 (]: Spark adapter: Poll status: 2, query complete
[0m23:35:27.105247 [debug] [Thread-3 (]: SQL status: OK in 2.574 seconds
[0m23:35:27.228181 [debug] [Thread-3 (]: On test.customerdna_client1_lakehouse.not_null_int_customer_360_feature_store_unified_entity_id.84de6849f6: ROLLBACK
[0m23:35:27.229795 [debug] [Thread-3 (]: Spark adapter: NotImplemented: rollback
[0m23:35:27.231007 [debug] [Thread-3 (]: On test.customerdna_client1_lakehouse.not_null_int_customer_360_feature_store_unified_entity_id.84de6849f6: Close
[0m23:35:27.267148 [info ] [Thread-3 (]: 3 of 11 PASS not_null_int_customer_360_feature_store_unified_entity_id ......... [[32mPASS[0m in 2.87s]
[0m23:35:27.268606 [debug] [Thread-3 (]: Finished running node test.customerdna_client1_lakehouse.not_null_int_customer_360_feature_store_unified_entity_id.84de6849f6
[0m23:35:27.269573 [debug] [Thread-3 (]: Began running node test.customerdna_client1_lakehouse.not_null_stg_online_shoppers_intention_shopper_session_id.f9ed5768f7
[0m23:35:27.270399 [info ] [Thread-3 (]: 8 of 11 START test not_null_stg_online_shoppers_intention_shopper_session_id ... [RUN]
[0m23:35:27.271445 [debug] [Thread-3 (]: Re-using an available connection from the pool (formerly test.customerdna_client1_lakehouse.not_null_int_customer_360_feature_store_unified_entity_id.84de6849f6, now test.customerdna_client1_lakehouse.not_null_stg_online_shoppers_intention_shopper_session_id.f9ed5768f7)
[0m23:35:27.272242 [debug] [Thread-3 (]: Began compiling node test.customerdna_client1_lakehouse.not_null_stg_online_shoppers_intention_shopper_session_id.f9ed5768f7
[0m23:35:27.280022 [debug] [Thread-3 (]: Writing injected SQL for node "test.customerdna_client1_lakehouse.not_null_stg_online_shoppers_intention_shopper_session_id.f9ed5768f7"
[0m23:35:27.286388 [debug] [Thread-3 (]: Began executing node test.customerdna_client1_lakehouse.not_null_stg_online_shoppers_intention_shopper_session_id.f9ed5768f7
[0m23:35:27.291273 [debug] [Thread-3 (]: Writing runtime sql for node "test.customerdna_client1_lakehouse.not_null_stg_online_shoppers_intention_shopper_session_id.f9ed5768f7"
[0m23:35:27.297898 [debug] [Thread-3 (]: Spark adapter: NotImplemented: add_begin_query
[0m23:35:27.298784 [debug] [Thread-3 (]: Using spark connection "test.customerdna_client1_lakehouse.not_null_stg_online_shoppers_intention_shopper_session_id.f9ed5768f7"
[0m23:35:27.299652 [debug] [Thread-3 (]: On test.customerdna_client1_lakehouse.not_null_stg_online_shoppers_intention_shopper_session_id.f9ed5768f7: /* {"app": "dbt", "dbt_version": "1.11.12", "profile_name": "customerdna_client1_lakehouse", "target_name": "dev", "node_id": "test.customerdna_client1_lakehouse.not_null_stg_online_shoppers_intention_shopper_session_id.f9ed5768f7"} */

    
    select
      count(*) as failures,
      count(*) != 0 as should_warn,
      count(*) != 0 as should_error
    from (
      
    
  
    
    



select shopper_session_id
from staging.stg_online_shoppers_intention
where shopper_session_id is null



  
  
      
    ) dbt_internal_test
[0m23:35:27.300567 [debug] [Thread-3 (]: Opening a new connection, currently in state closed
[0m23:35:29.043020 [debug] [Thread-4 (]: Spark adapter: Poll status: 2, query complete
[0m23:35:29.044243 [debug] [Thread-4 (]: SQL status: OK in 2.283 seconds
[0m23:35:29.058859 [debug] [Thread-1 (]: Spark adapter: Poll status: 2, query complete
[0m23:35:29.060159 [debug] [Thread-1 (]: SQL status: OK in 2.424 seconds
[0m23:35:29.129889 [debug] [Thread-4 (]: On test.customerdna_client1_lakehouse.not_null_stg_bank_marketing_bank_record_id.b7622e1102: ROLLBACK
[0m23:35:29.130893 [debug] [Thread-4 (]: Spark adapter: NotImplemented: rollback
[0m23:35:29.131618 [debug] [Thread-4 (]: On test.customerdna_client1_lakehouse.not_null_stg_bank_marketing_bank_record_id.b7622e1102: Close
[0m23:35:29.146820 [debug] [Thread-1 (]: On test.customerdna_client1_lakehouse.not_null_int_online_shopper_sessions_shopper_session_id.1ee31c205b: ROLLBACK
[0m23:35:29.147805 [debug] [Thread-1 (]: Spark adapter: NotImplemented: rollback
[0m23:35:29.148585 [debug] [Thread-1 (]: On test.customerdna_client1_lakehouse.not_null_int_online_shopper_sessions_shopper_session_id.1ee31c205b: Close
[0m23:35:29.190791 [info ] [Thread-4 (]: 6 of 11 PASS not_null_stg_bank_marketing_bank_record_id ........................ [[32mPASS[0m in 2.46s]
[0m23:35:29.193023 [debug] [Thread-4 (]: Finished running node test.customerdna_client1_lakehouse.not_null_stg_bank_marketing_bank_record_id.b7622e1102
[0m23:35:29.194067 [debug] [Thread-4 (]: Began running node test.customerdna_client1_lakehouse.unique_analytics_customer360_overview_unified_entity_id.e2ff2801b2
[0m23:35:29.194829 [info ] [Thread-4 (]: 9 of 11 START test unique_analytics_customer360_overview_unified_entity_id ..... [RUN]
[0m23:35:29.195781 [debug] [Thread-4 (]: Re-using an available connection from the pool (formerly test.customerdna_client1_lakehouse.not_null_stg_bank_marketing_bank_record_id.b7622e1102, now test.customerdna_client1_lakehouse.unique_analytics_customer360_overview_unified_entity_id.e2ff2801b2)
[0m23:35:29.196762 [debug] [Thread-4 (]: Began compiling node test.customerdna_client1_lakehouse.unique_analytics_customer360_overview_unified_entity_id.e2ff2801b2
[0m23:35:29.203031 [debug] [Thread-4 (]: Writing injected SQL for node "test.customerdna_client1_lakehouse.unique_analytics_customer360_overview_unified_entity_id.e2ff2801b2"
[0m23:35:29.203929 [info ] [Thread-1 (]: 5 of 11 PASS not_null_int_online_shopper_sessions_shopper_session_id ........... [[32mPASS[0m in 2.59s]
[0m23:35:29.205379 [debug] [Thread-1 (]: Finished running node test.customerdna_client1_lakehouse.not_null_int_online_shopper_sessions_shopper_session_id.1ee31c205b
[0m23:35:29.206155 [debug] [Thread-1 (]: Began running node test.customerdna_client1_lakehouse.unique_int_customer_360_feature_store_unified_entity_id.57d1d8abff
[0m23:35:29.207108 [info ] [Thread-1 (]: 10 of 11 START test unique_int_customer_360_feature_store_unified_entity_id .... [RUN]
[0m23:35:29.208133 [debug] [Thread-1 (]: Re-using an available connection from the pool (formerly test.customerdna_client1_lakehouse.not_null_int_online_shopper_sessions_shopper_session_id.1ee31c205b, now test.customerdna_client1_lakehouse.unique_int_customer_360_feature_store_unified_entity_id.57d1d8abff)
[0m23:35:29.209791 [debug] [Thread-4 (]: Began executing node test.customerdna_client1_lakehouse.unique_analytics_customer360_overview_unified_entity_id.e2ff2801b2
[0m23:35:29.210486 [debug] [Thread-1 (]: Began compiling node test.customerdna_client1_lakehouse.unique_int_customer_360_feature_store_unified_entity_id.57d1d8abff
[0m23:35:29.213374 [debug] [Thread-4 (]: Writing runtime sql for node "test.customerdna_client1_lakehouse.unique_analytics_customer360_overview_unified_entity_id.e2ff2801b2"
[0m23:35:29.219864 [debug] [Thread-1 (]: Writing injected SQL for node "test.customerdna_client1_lakehouse.unique_int_customer_360_feature_store_unified_entity_id.57d1d8abff"
[0m23:35:29.220553 [debug] [Thread-3 (]: Spark adapter: Poll status: 2, query complete
[0m23:35:29.226924 [debug] [Thread-3 (]: SQL status: OK in 1.926 seconds
[0m23:35:29.232002 [debug] [Thread-4 (]: Spark adapter: NotImplemented: add_begin_query
[0m23:35:29.232992 [debug] [Thread-1 (]: Began executing node test.customerdna_client1_lakehouse.unique_int_customer_360_feature_store_unified_entity_id.57d1d8abff
[0m23:35:29.233971 [debug] [Thread-4 (]: Using spark connection "test.customerdna_client1_lakehouse.unique_analytics_customer360_overview_unified_entity_id.e2ff2801b2"
[0m23:35:29.237612 [debug] [Thread-1 (]: Writing runtime sql for node "test.customerdna_client1_lakehouse.unique_int_customer_360_feature_store_unified_entity_id.57d1d8abff"
[0m23:35:29.238553 [debug] [Thread-4 (]: On test.customerdna_client1_lakehouse.unique_analytics_customer360_overview_unified_entity_id.e2ff2801b2: /* {"app": "dbt", "dbt_version": "1.11.12", "profile_name": "customerdna_client1_lakehouse", "target_name": "dev", "node_id": "test.customerdna_client1_lakehouse.unique_analytics_customer360_overview_unified_entity_id.e2ff2801b2"} */

    
    select
      count(*) as failures,
      count(*) != 0 as should_warn,
      count(*) != 0 as should_error
    from (
      
    
  
    
    

select
    unified_entity_id as unique_field,
    count(*) as n_records

from analytics.analytics_customer360_overview
where unified_entity_id is not null
group by unified_entity_id
having count(*) > 1



  
  
      
    ) dbt_internal_test
[0m23:35:29.239884 [debug] [Thread-4 (]: Opening a new connection, currently in state closed
[0m23:35:29.245287 [debug] [Thread-1 (]: Spark adapter: NotImplemented: add_begin_query
[0m23:35:29.246668 [debug] [Thread-1 (]: Using spark connection "test.customerdna_client1_lakehouse.unique_int_customer_360_feature_store_unified_entity_id.57d1d8abff"
[0m23:35:29.247442 [debug] [Thread-1 (]: On test.customerdna_client1_lakehouse.unique_int_customer_360_feature_store_unified_entity_id.57d1d8abff: /* {"app": "dbt", "dbt_version": "1.11.12", "profile_name": "customerdna_client1_lakehouse", "target_name": "dev", "node_id": "test.customerdna_client1_lakehouse.unique_int_customer_360_feature_store_unified_entity_id.57d1d8abff"} */

    
    select
      count(*) as failures,
      count(*) != 0 as should_warn,
      count(*) != 0 as should_error
    from (
      
    
  
    
    

select
    unified_entity_id as unique_field,
    count(*) as n_records

from intermediate.int_customer_360_feature_store
where unified_entity_id is not null
group by unified_entity_id
having count(*) > 1



  
  
      
    ) dbt_internal_test
[0m23:35:29.248176 [debug] [Thread-1 (]: Opening a new connection, currently in state closed
[0m23:35:29.297682 [debug] [Thread-3 (]: On test.customerdna_client1_lakehouse.not_null_stg_online_shoppers_intention_shopper_session_id.f9ed5768f7: ROLLBACK
[0m23:35:29.298934 [debug] [Thread-3 (]: Spark adapter: NotImplemented: rollback
[0m23:35:29.299803 [debug] [Thread-3 (]: On test.customerdna_client1_lakehouse.not_null_stg_online_shoppers_intention_shopper_session_id.f9ed5768f7: Close
[0m23:35:29.364688 [info ] [Thread-3 (]: 8 of 11 PASS not_null_stg_online_shoppers_intention_shopper_session_id ......... [[32mPASS[0m in 2.09s]
[0m23:35:29.366354 [debug] [Thread-3 (]: Finished running node test.customerdna_client1_lakehouse.not_null_stg_online_shoppers_intention_shopper_session_id.f9ed5768f7
[0m23:35:29.367546 [debug] [Thread-3 (]: Began running node test.customerdna_client1_lakehouse.unique_int_online_retail_customer_sales_customer_id.13dd1785fb
[0m23:35:29.368599 [info ] [Thread-3 (]: 11 of 11 START test unique_int_online_retail_customer_sales_customer_id ........ [RUN]
[0m23:35:29.369947 [debug] [Thread-3 (]: Re-using an available connection from the pool (formerly test.customerdna_client1_lakehouse.not_null_stg_online_shoppers_intention_shopper_session_id.f9ed5768f7, now test.customerdna_client1_lakehouse.unique_int_online_retail_customer_sales_customer_id.13dd1785fb)
[0m23:35:29.370998 [debug] [Thread-3 (]: Began compiling node test.customerdna_client1_lakehouse.unique_int_online_retail_customer_sales_customer_id.13dd1785fb
[0m23:35:29.375435 [debug] [Thread-3 (]: Writing injected SQL for node "test.customerdna_client1_lakehouse.unique_int_online_retail_customer_sales_customer_id.13dd1785fb"
[0m23:35:29.381017 [debug] [Thread-3 (]: Began executing node test.customerdna_client1_lakehouse.unique_int_online_retail_customer_sales_customer_id.13dd1785fb
[0m23:35:29.384266 [debug] [Thread-3 (]: Writing runtime sql for node "test.customerdna_client1_lakehouse.unique_int_online_retail_customer_sales_customer_id.13dd1785fb"
[0m23:35:29.390179 [debug] [Thread-3 (]: Spark adapter: NotImplemented: add_begin_query
[0m23:35:29.391301 [debug] [Thread-3 (]: Using spark connection "test.customerdna_client1_lakehouse.unique_int_online_retail_customer_sales_customer_id.13dd1785fb"
[0m23:35:29.392303 [debug] [Thread-3 (]: On test.customerdna_client1_lakehouse.unique_int_online_retail_customer_sales_customer_id.13dd1785fb: /* {"app": "dbt", "dbt_version": "1.11.12", "profile_name": "customerdna_client1_lakehouse", "target_name": "dev", "node_id": "test.customerdna_client1_lakehouse.unique_int_online_retail_customer_sales_customer_id.13dd1785fb"} */

    
    select
      count(*) as failures,
      count(*) != 0 as should_warn,
      count(*) != 0 as should_error
    from (
      
    
  
    
    

select
    customer_id as unique_field,
    count(*) as n_records

from intermediate.int_online_retail_customer_sales
where customer_id is not null
group by customer_id
having count(*) > 1



  
  
      
    ) dbt_internal_test
[0m23:35:29.393145 [debug] [Thread-3 (]: Opening a new connection, currently in state closed
[0m23:35:29.407617 [debug] [Thread-2 (]: Spark adapter: Poll status: 2, query complete
[0m23:35:29.408611 [debug] [Thread-2 (]: SQL status: OK in 2.530 seconds
[0m23:35:29.474768 [debug] [Thread-2 (]: On test.customerdna_client1_lakehouse.not_null_stg_online_retail_2_invoice_no.9a648588b3: ROLLBACK
[0m23:35:29.475737 [debug] [Thread-2 (]: Spark adapter: NotImplemented: rollback
[0m23:35:29.476455 [debug] [Thread-2 (]: On test.customerdna_client1_lakehouse.not_null_stg_online_retail_2_invoice_no.9a648588b3: Close
[0m23:35:29.592387 [info ] [Thread-2 (]: 7 of 11 PASS not_null_stg_online_retail_2_invoice_no ........................... [[32mPASS[0m in 2.74s]
[0m23:35:29.593658 [debug] [Thread-2 (]: Finished running node test.customerdna_client1_lakehouse.not_null_stg_online_retail_2_invoice_no.9a648588b3
[0m23:35:30.945007 [debug] [Thread-3 (]: Spark adapter: Poll status: 2, query complete
[0m23:35:30.946229 [debug] [Thread-3 (]: SQL status: OK in 1.553 seconds
[0m23:35:31.043452 [debug] [Thread-3 (]: On test.customerdna_client1_lakehouse.unique_int_online_retail_customer_sales_customer_id.13dd1785fb: ROLLBACK
[0m23:35:31.044770 [debug] [Thread-3 (]: Spark adapter: NotImplemented: rollback
[0m23:35:31.045942 [debug] [Thread-3 (]: On test.customerdna_client1_lakehouse.unique_int_online_retail_customer_sales_customer_id.13dd1785fb: Close
[0m23:35:31.083154 [info ] [Thread-3 (]: 11 of 11 PASS unique_int_online_retail_customer_sales_customer_id .............. [[32mPASS[0m in 1.71s]
[0m23:35:31.084396 [debug] [Thread-3 (]: Finished running node test.customerdna_client1_lakehouse.unique_int_online_retail_customer_sales_customer_id.13dd1785fb
[0m23:35:31.184729 [debug] [Thread-1 (]: Spark adapter: Poll status: 2, query complete
[0m23:35:31.186294 [debug] [Thread-1 (]: SQL status: OK in 1.938 seconds
[0m23:35:31.201231 [debug] [Thread-4 (]: Spark adapter: Poll status: 2, query complete
[0m23:35:31.202580 [debug] [Thread-4 (]: SQL status: OK in 1.963 seconds
[0m23:35:31.272276 [debug] [Thread-1 (]: On test.customerdna_client1_lakehouse.unique_int_customer_360_feature_store_unified_entity_id.57d1d8abff: ROLLBACK
[0m23:35:31.273649 [debug] [Thread-1 (]: Spark adapter: NotImplemented: rollback
[0m23:35:31.274747 [debug] [Thread-1 (]: On test.customerdna_client1_lakehouse.unique_int_customer_360_feature_store_unified_entity_id.57d1d8abff: Close
[0m23:35:31.290641 [debug] [Thread-4 (]: On test.customerdna_client1_lakehouse.unique_analytics_customer360_overview_unified_entity_id.e2ff2801b2: ROLLBACK
[0m23:35:31.292191 [debug] [Thread-4 (]: Spark adapter: NotImplemented: rollback
[0m23:35:31.293418 [debug] [Thread-4 (]: On test.customerdna_client1_lakehouse.unique_analytics_customer360_overview_unified_entity_id.e2ff2801b2: Close
[0m23:35:31.335055 [info ] [Thread-1 (]: 10 of 11 PASS unique_int_customer_360_feature_store_unified_entity_id .......... [[32mPASS[0m in 2.13s]
[0m23:35:31.336485 [debug] [Thread-1 (]: Finished running node test.customerdna_client1_lakehouse.unique_int_customer_360_feature_store_unified_entity_id.57d1d8abff
[0m23:35:31.347567 [info ] [Thread-4 (]: 9 of 11 PASS unique_analytics_customer360_overview_unified_entity_id ........... [[32mPASS[0m in 2.15s]
[0m23:35:31.348867 [debug] [Thread-4 (]: Finished running node test.customerdna_client1_lakehouse.unique_analytics_customer360_overview_unified_entity_id.e2ff2801b2
[0m23:35:31.350799 [debug] [MainThread]: On master: ROLLBACK
[0m23:35:31.351620 [debug] [MainThread]: Opening a new connection, currently in state init
[0m23:35:31.508432 [debug] [MainThread]: Spark adapter: NotImplemented: rollback
[0m23:35:31.509567 [debug] [MainThread]: Spark adapter: NotImplemented: add_begin_query
[0m23:35:31.510442 [debug] [MainThread]: Spark adapter: NotImplemented: commit
[0m23:35:31.511798 [debug] [MainThread]: On master: ROLLBACK
[0m23:35:31.513699 [debug] [MainThread]: Spark adapter: NotImplemented: rollback
[0m23:35:31.514548 [debug] [MainThread]: On master: Close
[0m23:35:31.538884 [debug] [MainThread]: Connection 'master' was properly closed.
[0m23:35:31.539855 [debug] [MainThread]: Connection 'test.customerdna_client1_lakehouse.unique_int_online_retail_customer_sales_customer_id.13dd1785fb' was properly closed.
[0m23:35:31.540647 [debug] [MainThread]: Connection 'test.customerdna_client1_lakehouse.unique_int_customer_360_feature_store_unified_entity_id.57d1d8abff' was properly closed.
[0m23:35:31.541548 [debug] [MainThread]: Connection 'test.customerdna_client1_lakehouse.not_null_stg_online_retail_2_invoice_no.9a648588b3' was properly closed.
[0m23:35:31.542264 [debug] [MainThread]: Connection 'test.customerdna_client1_lakehouse.unique_analytics_customer360_overview_unified_entity_id.e2ff2801b2' was properly closed.
[0m23:35:31.543058 [info ] [MainThread]: 
[0m23:35:31.543890 [info ] [MainThread]: Finished running 11 data tests in 0 hours 0 minutes and 9.38 seconds (9.38s).
[0m23:35:31.546103 [debug] [MainThread]: Command end result
[0m23:35:31.595535 [debug] [MainThread]: Wrote artifact WritableManifest to /opt/airflow/CustomerDNA_AI/src/transformation/dbt_spark/client_1/target/manifest.json
[0m23:35:31.599960 [debug] [MainThread]: Wrote artifact SemanticManifest to /opt/airflow/CustomerDNA_AI/src/transformation/dbt_spark/client_1/target/semantic_manifest.json
[0m23:35:31.608653 [debug] [MainThread]: Wrote artifact RunExecutionResult to /opt/airflow/CustomerDNA_AI/src/transformation/dbt_spark/client_1/target/run_results.json
[0m23:35:31.609493 [info ] [MainThread]: 
[0m23:35:31.610277 [info ] [MainThread]: [32mCompleted successfully[0m
[0m23:35:31.611023 [info ] [MainThread]: 
[0m23:35:31.611828 [info ] [MainThread]: Done. PASS=11 WARN=0 ERROR=0 SKIP=0 NO-OP=0 TOTAL=11
[0m23:35:31.613324 [debug] [MainThread]: Resource report: {"command_name": "test", "command_success": true, "command_wall_clock_time": 10.428479, "process_in_blocks": "0", "process_kernel_time": 0.596524, "process_mem_max_rss": "141896", "process_out_blocks": "0", "process_user_time": 2.658337}
[0m23:35:31.614213 [debug] [MainThread]: Command `dbt test` succeeded at 23:35:31.614117 after 10.43 seconds
[0m23:35:31.615048 [debug] [MainThread]: Sending event: {'category': 'dbt', 'action': 'invocation', 'label': 'end', 'context': [<snowplow_tracker.self_describing_json.SelfDescribingJson object at 0x75dfba6d7dd0>, <snowplow_tracker.self_describing_json.SelfDescribingJson object at 0x75dfba6d7e90>, <snowplow_tracker.self_describing_json.SelfDescribingJson object at 0x75dfbefa5a10>]}
[0m23:35:31.615812 [debug] [MainThread]: Flushing usage events
[0m23:35:32.126492 [debug] [MainThread]: An error was encountered while trying to flush usage events
